ano,complexo,codigo,toneladas
2010,Almeirim,BRPA002,410082.899
2010,Almeirim,BRPA004,446655.222
2010,Angra dos Reis,BRADR,94449.334
2010,Angra dos Reis,BRRJ009,39612656.527
2010,Angra dos Reis,BRRJ012,59079.793
2010,Aracajú,BRSE001,920459.99
2010,Aracajú,BRSE002,3310924.871
2010,Aratu - Salvador,BRARB,5594655.193
2010,Aratu - Salvador,BRBA002,741921.839
2010,Aratu - Salvador,BRBA003,20098469.883
2010,Aratu - Salvador,BRBA006,196892.348
2010,Aratu - Salvador,BRBA007,2392913.074
2010,Aratu - Salvador,BRBA008,173468.558
2010,Aratu - Salvador,BRSSA,3433627.39
2010,Areia Branca,BRARE,3133908.4
2010,Barra do Riacho,BRES006,8096963.777
2010,Barra do Riacho,BRES008,721260.526
2010,Cabedelo (Instalação Isolada),BRCDO,1345687.576
2010,Coari (Instalação Isolada),BRAM009,2098456.326
2010,Corumbá,BRMS001,1048483.533
2010,Corumbá,BRMS002,1582599.0
2010,Corumbá,BRMS003,1271933.2
2010,Corumbá,BRMS005,29484.075
2010,Estrela,BRRS011,262776.114
2010,Forno,BRFNO,226602.975
2010,Ilhéus,BRBA004,1721119.468
2010,Ilhéus,BRBA005,804630.0
2010,Ilhéus,BRIOS,195030.688
2010,Imbituba,BRIBB,1875759.783
2010,Itaguaí,BRIGI,52765504.645
2010,Itaguaí,BRRJ001,37328503.0
2010,Itaguaí,BRRJ016,1339396.782
2010,Itajaí,BRITJ,3632208.539
2010,Itajaí,BRSC001,125105.416
2010,Itajaí,BRSC008,4016286.227
2010,Itajaí,BRSC012,62796.945
2010,Itajaí,BRSC015,67094.863
2010,Itaqui,BRIQI,12524977.848
2010,Itaqui,BRMA001,9128609.623
2010,Itaqui,BRMA002,95894860.0
2010,Macapá,BRAP003,137682.0
2010,Macapá,BRAP004,4101120.5
2010,Macapá,BRMCP,1089881.709
2010,Maceió,BRAL001,1010245.989
2010,Maceió,BRMCZ,2965731.522
2010,Manaus,BRAM001,568488.563
2010,Manaus,BRAM003,176773.18
2010,Manaus,BRAM004,2719.59
2010,Manaus,BRAM006,1591836.663
2010,Manaus,BRAM007,1027488.805
2010,Manaus,BRAM008,980085.0
2010,Manaus,BRAM010,263210.23
2010,Manaus,BRAM011,6551335.746
2010,Manaus,BRAM012,3189628.74
2010,Manaus,BRAM013,67369.593
2010,Manaus,BRAM014,4196377.635
2010,Manaus,BRAM015,268363.58
2010,Manaus,BRAM016,139872.771
2010,Natal,BRNAT,295891.161
2010,Natal,BRRN001,2424718.995
2010,Natal,BRRN002,261020.314
2010,Paranaguá - Antonina,BRANT,235225.01
2010,Paranaguá - Antonina,BRPNG,31107297.466
2010,Paranaguá - Antonina,BRPR002,1689378.627
2010,Pecém - Fortaleza,BRCE001,3565476.213
2010,Pecém - Fortaleza,BRFOR,4337848.74
2010,Porto Alegre,BRPOA,947555.942
2010,Porto Alegre,BRRS003,675867.213
2010,Porto Alegre,BRRS006,625201.0
2010,Porto Alegre,BRRS008,295936.55
2010,Porto Alegre,BRRS009,11322227.396
2010,Porto Alegre,BRRS010,187503.343
2010,Porto Alegre,BRRS013,331779.88
2010,Porto Alegre,BRRS014,56534.39
2010,Porto Alegre,BRRS015,600333.442
2010,Porto Alegre,BRRS016,67397.098
2010,Porto Velho,BRPVH,2414410.553
2010,Porto Velho,BRRO001,121947.0
2010,Porto Velho,BRRO002,387520.22
2010,Porto Velho,BRRO003,40832.256
2010,Porto Velho,BRRO005,178626.331
2010,Porto Velho,BRRO006,902925.75
2010,Porto Velho,BRRO007,304960.383
2010,Rio Grande,BRPET,32269.7
2010,Rio Grande,BRRIG,20168118.288
2010,Rio Grande,BRRS001,2064724.341
2010,Rio Grande,BRRS002,6069247.314
2010,Rio Grande,BRRS005,1447421.157
2010,Rio Grande,BRRS007,1084786.287
2010,Rio Grande,BRRS012,324921.58
2010,Rio de Janeiro -  Niterói,BRNTR,72722.94
2010,Rio de Janeiro -  Niterói,BRRIO,6944789.857
2010,Rio de Janeiro -  Niterói,BRRJ003,240352.099
2010,Rio de Janeiro -  Niterói,BRRJ007,9723.062
2010,Rio de Janeiro -  Niterói,BRRJ008,202197.648
2010,Rio de Janeiro -  Niterói,BRRJ010,11749006.694
2010,Rio de Janeiro -  Niterói,BRRJ013,5100.268
2010,Rio de Janeiro -  Niterói,BRRJ015,4253.845
2010,Rio de Janeiro -  Niterói,BRRJ017,49874.308
2010,Rio de Janeiro -  Niterói,BRRJ018,1343755.421
2010,Rio de Janeiro -  Niterói,BRRJ019,21839.677
2010,Santarém,BRPA017,153322.0
2010,Santarém,BRPA028,12904.087
2010,Santarém,BRSTM,1079583.491
2010,Santos,BRSP001,2096651.37
2010,Santos,BRSP002,4653747.517
2010,Santos,BRSP004,923802.42
2010,Santos,BRSP005,653202.0
2010,Santos,BRSSZ,93442514.976
2010,Suape - Recife,BRREC,1832914.0
2010,Suape - Recife,BRSUA,8885998.382
2010,São Francisco do Sul,BRSC007,9058956.866
2010,São Francisco do Sul,BRSFS,9532535.977
2010,São Sebastião,BRSP006,46722787.78
2010,São Sebastião,BRSSO,655629.29
2010,Vila do Conde - Belém,BRBEL,3173192.972
2010,Vila do Conde - Belém,BRPA005,390796.78
2010,Vila do Conde - Belém,BRPA006,1526592.82
2010,Vila do Conde - Belém,BRPA013,1126288.306
2010,Vila do Conde - Belém,BRPA014,121860.821
2010,Vila do Conde - Belém,BRPA016,1193706.0
2010,Vila do Conde - Belém,BRVDC,16548001.568
2010,Vitória,BRES001,107597868.973
2010,Vitória,BRES002,23005992.0
2010,Vitória,BRES003,10441386.872
2010,Vitória,BRES004,6702590.305
2010,Vitória,BRES005,308564.956
2010,Vitória,BRES007,367152.626
2010,Vitória,BRES009,10095.36
2010,Vitória,BRVIX,6568084.282
2010,Óbidos,BRPA001,16485483.0
2010,Óbidos,BRPA019,2553462.777
2011,Almeirim,BRPA002,389192.169
2011,Almeirim,BRPA004,426433.234
2011,Angra dos Reis,BRADR,31838.944
2011,Angra dos Reis,BRRJ009,38783546.739
2011,Angra dos Reis,BRRJ012,27220.397
2011,Aracajú,BRSE001,896034.744
2011,Aracajú,BRSE002,3207015.339
2011,Aratu - Salvador,BRARB,5188341.732
2011,Aratu - Salvador,BRBA002,736775.285
2011,Aratu - Salvador,BRBA003,20701119.904
2011,Aratu - Salvador,BRBA006,296871.527
2011,Aratu - Salvador,BRBA007,2751524.909
2011,Aratu - Salvador,BRBA008,185216.61
2011,Aratu - Salvador,BRSSA,3484219.026
2011,Areia Branca,BRARE,2523650.3
2011,Barra do Riacho,BRES006,8862293.676
2011,Barra do Riacho,BRES008,917671.445
2011,Cabedelo (Instalação Isolada),BRCDO,1754942.116
2011,Coari (Instalação Isolada),BRAM009,2134828.968
2011,Corumbá,BRMS001,1572509.835
2011,Corumbá,BRMS002,2448825.0
2011,Corumbá,BRMS003,1460710.0
2011,Corumbá,BRMS005,2998.51
2011,Estrela,BRETL,58592.626
2011,Estrela,BRRS004,6758.851
2011,Estrela,BRRS011,291422.7
2011,Forno,BRFNO,367221.956
2011,Ilhéus,BRBA004,2234381.6
2011,Ilhéus,BRBA005,1040453.0
2011,Ilhéus,BRIOS,267099.872
2011,Imbituba,BRIBB,2311730.602
2011,Itaguaí,BRIGI,58131045.214
2011,Itaguaí,BRRJ001,37526187.0
2011,Itaguaí,BRRJ016,6139372.562
2011,Itajaí,BRITJ,4353793.991
2011,Itajaí,BRSC001,104012.438
2011,Itajaí,BRSC008,5726263.372
2011,Itajaí,BRSC012,78934.47
2011,Itajaí,BRSC017,37899.577
2011,Itaqui,BRIQI,13913818.253
2011,Itaqui,BRMA001,12717959.231
2011,Itaqui,BRMA002,102260814.0
2011,Macapá,BRAP003,141195.0
2011,Macapá,BRAP004,5295086.32
2011,Macapá,BRMCP,1333712.746
2011,Maceió,BRAL001,872854.545
2011,Maceió,BRMCZ,3305544.864
2011,Manaus,BRAM001,537028.66
2011,Manaus,BRAM003,247331.12
2011,Manaus,BRAM004,3209.75
2011,Manaus,BRAM006,1616164.449
2011,Manaus,BRAM007,855962.006
2011,Manaus,BRAM008,1010963.0
2011,Manaus,BRAM010,9389.71
2011,Manaus,BRAM011,5939655.902
2011,Manaus,BRAM012,3591266.947
2011,Manaus,BRAM013,67034.918
2011,Manaus,BRAM014,4694320.36
2011,Manaus,BRAM015,250801.38
2011,Manaus,BRAM016,182583.001
2011,Manaus,BRAM018,1.0
2011,Natal,BRNAT,359091.792
2011,Natal,BRRN001,2838762.365
2011,Natal,BRRN002,240726.743
2011,Paranaguá - Antonina,BRANT,1208184.013
2011,Paranaguá - Antonina,BRPNG,37418523.448
2011,Paranaguá - Antonina,BRPR002,1587610.36
2011,Pecém - Fortaleza,BRCE001,3749808.214
2011,Pecém - Fortaleza,BRFOR,4309971.304
2011,Porto Alegre,BRPOA,785223.832
2011,Porto Alegre,BRRS003,717382.256
2011,Porto Alegre,BRRS006,694399.0
2011,Porto Alegre,BRRS008,207424.36
2011,Porto Alegre,BRRS009,11240574.17
2011,Porto Alegre,BRRS010,179526.054
2011,Porto Alegre,BRRS013,286588.347
2011,Porto Alegre,BRRS014,68909.811
2011,Porto Alegre,BRRS015,728411.76
2011,Porto Alegre,BRRS016,62584.718
2011,Porto Velho,BRPVH,2094375.023
2011,Porto Velho,BRRO001,104878.0
2011,Porto Velho,BRRO002,277128.867
2011,Porto Velho,BRRO003,42379.92
2011,Porto Velho,BRRO005,111710.794
2011,Porto Velho,BRRO006,920036.91
2011,Porto Velho,BRRO007,277703.983
2011,Rio Grande,BRPET,24898.95
2011,Rio Grande,BRRIG,17933212.516
2011,Rio Grande,BRRS001,2745105.109
2011,Rio Grande,BRRS002,5602222.366
2011,Rio Grande,BRRS005,1634711.991
2011,Rio Grande,BRRS007,1793008.019
2011,Rio Grande,BRRS012,307810.401
2011,Rio de Janeiro -  Niterói,BRNTR,86421.396
2011,Rio de Janeiro -  Niterói,BRRIO,7706623.186
2011,Rio de Janeiro -  Niterói,BRRJ003,243240.061
2011,Rio de Janeiro -  Niterói,BRRJ007,902.87
2011,Rio de Janeiro -  Niterói,BRRJ008,159521.137
2011,Rio de Janeiro -  Niterói,BRRJ010,11813190.514
2011,Rio de Janeiro -  Niterói,BRRJ013,5899.271
2011,Rio de Janeiro -  Niterói,BRRJ015,63694.39
2011,Rio de Janeiro -  Niterói,BRRJ017,52325.55
2011,Rio de Janeiro -  Niterói,BRRJ018,260878.084
2011,Rio de Janeiro -  Niterói,BRRJ019,60114.719
2011,Santarém,BRPA017,130008.0
2011,Santarém,BRPA028,19811.112
2011,Santarém,BRSTM,2345424.749
2011,Santos,BRSP001,2619798.717
2011,Santos,BRSP002,5543852.791
2011,Santos,BRSP004,924303.75
2011,Santos,BRSP005,747348.813
2011,Santos,BRSSZ,87838919.619
2011,Suape - Recife,BRREC,1998676.0
2011,Suape - Recife,BRSUA,11003887.449
2011,São Francisco do Sul,BRSC007,10000018.889
2011,São Francisco do Sul,BRSC011,440540.889
2011,São Francisco do Sul,BRSFS,10089511.045
2011,São Sebastião,BRSP006,49694696.074
2011,São Sebastião,BRSSO,670060.842
2011,Vila do Conde - Belém,BRBEL,3225447.655
2011,Vila do Conde - Belém,BRPA005,694719.68
2011,Vila do Conde - Belém,BRPA006,1264596.42
2011,Vila do Conde - Belém,BRPA013,1004616.004
2011,Vila do Conde - Belém,BRPA014,176661.731
2011,Vila do Conde - Belém,BRPA016,1228998.0
2011,Vila do Conde - Belém,BRVDC,16614022.026
2011,Vitória,BRES001,110143414.756
2011,Vitória,BRES002,23703579.0
2011,Vitória,BRES003,9590148.865
2011,Vitória,BRES004,7779945.533
2011,Vitória,BRES005,229625.568
2011,Vitória,BRES007,428407.259
2011,Vitória,BRES009,5635.334
2011,Vitória,BRVIX,8112747.634
2011,Óbidos,BRPA001,17893462.0
2011,Óbidos,BRPA019,3929486.0
2012,Almeirim,BRPA002,280533.057
2012,Almeirim,BRPA004,295339.766
2012,Angra dos Reis,BRADR,87082.853
2012,Angra dos Reis,BRRJ009,37041162.381
2012,Angra dos Reis,BRRJ012,18209.815
2012,Aracajú,BRSE001,1837524.004
2012,Aracajú,BRSE002,2744668.08
2012,Aratu - Salvador,BRARB,5814011.335
2012,Aratu - Salvador,BRBA002,679426.673
2012,Aratu - Salvador,BRBA003,21658011.398
2012,Aratu - Salvador,BRBA006,357979.333
2012,Aratu - Salvador,BRBA007,3205036.045
2012,Aratu - Salvador,BRBA008,156330.701
2012,Aratu - Salvador,BRSSA,3424087.571
2012,Areia Branca,BRARE,1995944.8
2012,Barra do Riacho,BRES006,9027899.991
2012,Barra do Riacho,BRES008,913033.415
2012,Cabedelo (Instalação Isolada),BRCDO,1907437.821
2012,Coari (Instalação Isolada),BRAM009,2092141.856
2012,Corumbá,BRMS001,1801548.118
2012,Corumbá,BRMS002,1913011.794
2012,Corumbá,BRMS003,648173.0
2012,Corumbá,BRMS005,3974.1
2012,Estrela,BRETL,7243.673
2012,Estrela,BRRS011,328003.66
2012,Forno,BRFNO,161699.132
2012,Ilhéus,BRBA004,2179533.18
2012,Ilhéus,BRBA005,1119160.0
2012,Ilhéus,BRIOS,459941.425
2012,Imbituba,BRIBB,2055612.138
2012,Itaguaí,BRIGI,57081604.018
2012,Itaguaí,BRRJ001,39818902.0
2012,Itaguaí,BRRJ016,6851968.463
2012,Itajaí,BRITJ,3913188.079
2012,Itajaí,BRSC001,176878.502
2012,Itajaí,BRSC008,5920600.213
2012,Itajaí,BRSC012,183112.774
2012,Itaqui,BRIQI,15700098.393
2012,Itaqui,BRMA001,12774231.629
2012,Itaqui,BRMA002,105033621.0
2012,Macapá,BRAP003,146532.0
2012,Macapá,BRAP004,6463087.286
2012,Macapá,BRMCP,1502868.663
2012,Maceió,BRAL001,1020067.015
2012,Maceió,BRMCZ,3000872.299
2012,Manaus,BRAM001,475140.426
2012,Manaus,BRAM003,327809.549
2012,Manaus,BRAM004,4855.61
2012,Manaus,BRAM006,2996858.919
2012,Manaus,BRAM007,883084.857
2012,Manaus,BRAM008,810802.0
2012,Manaus,BRAM010,25234.867
2012,Manaus,BRAM011,6593923.396
2012,Manaus,BRAM012,2025025.907
2012,Manaus,BRAM013,69300.619
2012,Manaus,BRAM014,5078180.304
2012,Manaus,BRAM015,180887.31
2012,Manaus,BRAM016,173765.726
2012,Manaus,BRAM018,16.0
2012,Natal,BRNAT,432291.946
2012,Natal,BRRN001,2848889.853
2012,Natal,BRRN002,280007.36
2012,Paranaguá - Antonina,BRANT,1261000.993
2012,Paranaguá - Antonina,BRPNG,40441811.972
2012,Paranaguá - Antonina,BRPR002,1562447.413
2012,Pecém - Fortaleza,BRCE001,4378031.832
2012,Pecém - Fortaleza,BRFOR,4613208.57
2012,Porto Alegre,BRPOA,904648.756
2012,Porto Alegre,BRRS003,597780.03
2012,Porto Alegre,BRRS006,572019.0
2012,Porto Alegre,BRRS008,264683.68
2012,Porto Alegre,BRRS009,11060986.232
2012,Porto Alegre,BRRS010,299072.13
2012,Porto Alegre,BRRS013,304520.107
2012,Porto Alegre,BRRS014,46615.6
2012,Porto Alegre,BRRS015,350502.699
2012,Porto Alegre,BRRS016,80007.934
2012,Porto Velho,BRPVH,3273247.445
2012,Porto Velho,BRRO001,80197.0
2012,Porto Velho,BRRO002,286720.544
2012,Porto Velho,BRRO003,44693.304
2012,Porto Velho,BRRO005,122329.121
2012,Porto Velho,BRRO006,1179308.992
2012,Porto Velho,BRRO007,188777.271
2012,Rio Grande,BRPET,13330.53
2012,Rio Grande,BRRIG,17072808.919
2012,Rio Grande,BRRS001,2203370.71
2012,Rio Grande,BRRS002,5090126.868
2012,Rio Grande,BRRS005,1632413.86
2012,Rio Grande,BRRS007,1157851.567
2012,Rio Grande,BRRS012,408112.15
2012,Rio de Janeiro -  Niterói,BRNTR,62073.84
2012,Rio de Janeiro -  Niterói,BRRIO,7758350.844
2012,Rio de Janeiro -  Niterói,BRRJ003,277175.446
2012,Rio de Janeiro -  Niterói,BRRJ007,10799.28
2012,Rio de Janeiro -  Niterói,BRRJ008,172934.718
2012,Rio de Janeiro -  Niterói,BRRJ010,13718403.215
2012,Rio de Janeiro -  Niterói,BRRJ013,9319.377
2012,Rio de Janeiro -  Niterói,BRRJ015,58313.41
2012,Rio de Janeiro -  Niterói,BRRJ017,36080.235
2012,Rio de Janeiro -  Niterói,BRRJ018,2264523.521
2012,Rio de Janeiro -  Niterói,BRRJ019,105468.398
2012,Santarém,BRPA017,142373.0
2012,Santarém,BRPA028,27762.628
2012,Santarém,BRSTM,3425940.524
2012,Santos,BRSP001,2622274.922
2012,Santos,BRSP002,5727524.791
2012,Santos,BRSP004,1252691.667
2012,Santos,BRSP005,711672.0
2012,Santos,BRSSZ,90737328.775
2012,Suape - Recife,BRPE001,1990.418
2012,Suape - Recife,BRREC,1716032.0
2012,Suape - Recife,BRSUA,10995656.223
2012,São Francisco do Sul,BRSC007,10274072.122
2012,São Francisco do Sul,BRSC011,3131797.604
2012,São Francisco do Sul,BRSFS,10934505.068
2012,São Sebastião,BRSP006,50541215.716
2012,São Sebastião,BRSSO,884950.626
2012,Tomé Açu,BRPA033,71902.819
2012,Vila do Conde - Belém,BRBEL,3192140.672
2012,Vila do Conde - Belém,BRPA005,330297.18
2012,Vila do Conde - Belém,BRPA006,1460456.246
2012,Vila do Conde - Belém,BRPA013,949147.025
2012,Vila do Conde - Belém,BRPA014,201296.242
2012,Vila do Conde - Belém,BRPA016,1055306.0
2012,Vila do Conde - Belém,BRVDC,15176802.815
2012,Vitória,BRES001,110334521.809
2012,Vitória,BRES002,23512589.0
2012,Vitória,BRES003,10088116.452
2012,Vitória,BRES004,5468305.021
2012,Vitória,BRES005,329589.399
2012,Vitória,BRES007,553397.107
2012,Vitória,BRVIX,6831569.813
2012,Óbidos,BRPA001,16391516.0
2012,Óbidos,BRPA019,4352467.0
2013,Almeirim,BRPA002,242394.884
2013,Almeirim,BRPA004,16317.62
2013,Angra dos Reis,BRADR,122048.276
2013,Angra dos Reis,BRRJ009,25797054.921
2013,Angra dos Reis,BRRJ012,14793.336
2013,Aracajú,BRSE001,1033652.346
2013,Aracajú,BRSE002,2523119.3
2013,Aratu - Salvador,BRARB,5825663.296
2013,Aratu - Salvador,BRBA002,633514.928
2013,Aratu - Salvador,BRBA003,22698348.91
2013,Aratu - Salvador,BRBA006,505899.491
2013,Aratu - Salvador,BRBA007,3137855.6
2013,Aratu - Salvador,BRBA008,186924.122
2013,Aratu - Salvador,BRSSA,3986204.75
2013,Areia Branca,BRARE,2255499.4
2013,Barra do Riacho,BRES006,8584655.818
2013,Barra do Riacho,BRES008,915711.568
2013,Barra do Riacho,BRES010,100084.628
2013,Cabedelo (Instalação Isolada),BRCDO,1901676.259
2013,Coari (Instalação Isolada),BRAM009,1908945.682
2013,Corumbá,BRMS001,2530196.077
2013,Corumbá,BRMS002,3214820.0
2013,Corumbá,BRMS003,310161.7
2013,Corumbá,BRMS005,8234.837
2013,Estrela,BRETL,53248.335
2013,Estrela,BRRS011,183447.89
2013,Forno,BRFNO,216934.925
2013,Ilhéus,BRBA004,1605784.49
2013,Ilhéus,BRBA005,1062622.0
2013,Ilhéus,BRIOS,393491.423
2013,Imbituba,BRIBB,2492025.515
2013,Itaguaí,BRIGI,58327911.563
2013,Itaguaí,BRRJ001,39758214.0
2013,Itaguaí,BRRJ016,6733326.291
2013,Itajaí,BRITJ,4112998.339
2013,Itajaí,BRSC001,227200.929
2013,Itajaí,BRSC008,7569404.27
2013,Itajaí,BRSC012,423995.891
2013,Itaqui,BRIQI,15291909.891
2013,Itaqui,BRMA001,12800632.42
2013,Itaqui,BRMA002,107328307.007
2013,Macapá,BRAP003,148250.0
2013,Macapá,BRAP004,1237114.24
2013,Macapá,BRMCP,2505286.506
2013,Maceió,BRAL001,1023960.947
2013,Maceió,BRMCZ,2581557.307
2013,Manaus,BRAM001,486002.417
2013,Manaus,BRAM003,294113.932
2013,Manaus,BRAM004,3020.6
2013,Manaus,BRAM006,3326824.973
2013,Manaus,BRAM007,814346.939
2013,Manaus,BRAM008,788107.0
2013,Manaus,BRAM010,24319.232
2013,Manaus,BRAM011,5297017.695
2013,Manaus,BRAM012,2261299.115
2013,Manaus,BRAM013,88068.539
2013,Manaus,BRAM014,5363039.46
2013,Manaus,BRAM015,157686.59
2013,Manaus,BRAM016,170157.445
2013,Manaus,BRAM018,7.005
2013,Manaus,BRAM025,640605.826
2013,Natal,BRNAT,420655.409
2013,Natal,BRRN001,3096261.004
2013,Natal,BRRN002,5670.045
2013,Paranaguá - Antonina,BRANT,1560210.43
2013,Paranaguá - Antonina,BRPNG,41771840.019
2013,Paranaguá - Antonina,BRPR002,1658753.9
2013,Pecém - Fortaleza,BRCE001,6326889.604
2013,Pecém - Fortaleza,BRFOR,5160708.38
2013,Porto Alegre,BRPOA,1004519.974
2013,Porto Alegre,BRRS003,855783.167
2013,Porto Alegre,BRRS006,523678.0
2013,Porto Alegre,BRRS008,258763.24
2013,Porto Alegre,BRRS009,14633278.694
2013,Porto Alegre,BRRS010,481297.676
2013,Porto Alegre,BRRS013,297385.785
2013,Porto Alegre,BRRS014,18656.493
2013,Porto Alegre,BRRS015,819963.224
2013,Porto Alegre,BRRS016,21800.491
2013,Porto Velho,BRPVH,3397099.745
2013,Porto Velho,BRRO001,66326.0
2013,Porto Velho,BRRO002,292198.862
2013,Porto Velho,BRRO003,49345.365
2013,Porto Velho,BRRO005,69023.328
2013,Porto Velho,BRRO006,1494539.14
2013,Porto Velho,BRRO007,323134.058
2013,Rio Grande,BRPET,18550.02
2013,Rio Grande,BRRIG,20534639.822
2013,Rio Grande,BRRS001,2396641.42
2013,Rio Grande,BRRS002,6327123.868
2013,Rio Grande,BRRS005,1911973.569
2013,Rio Grande,BRRS007,1797900.741
2013,Rio Grande,BRRS012,374293.0
2013,Rio de Janeiro -  Niterói,BRNTR,235669.928
2013,Rio de Janeiro -  Niterói,BRRIO,8232281.994
2013,Rio de Janeiro -  Niterói,BRRJ003,276846.66
2013,Rio de Janeiro -  Niterói,BRRJ005,53939.326
2013,Rio de Janeiro -  Niterói,BRRJ008,149990.201
2013,Rio de Janeiro -  Niterói,BRRJ010,15153901.083
2013,Rio de Janeiro -  Niterói,BRRJ015,54865.891
2013,Rio de Janeiro -  Niterói,BRRJ017,19601.726
2013,Rio de Janeiro -  Niterói,BRRJ018,3065093.151
2013,Rio de Janeiro -  Niterói,BRRJ019,125016.931
2013,Santarém,BRPA017,137397.0
2013,Santarém,BRPA028,55731.764
2013,Santarém,BRSTM,4435137.74
2013,Santos,BRSP001,2303500.066
2013,Santos,BRSP002,4514123.024
2013,Santos,BRSP004,2173193.869
2013,Santos,BRSP005,659074.24
2013,Santos,BRSP008,1812866.711
2013,Santos,BRSP009,84.845
2013,Santos,BRSSZ,99074788.232
2013,Suape - Recife,BRPE001,21394.159
2013,Suape - Recife,BRREC,1708283.05
2013,Suape - Recife,BRSUA,12771660.745
2013,São Francisco do Sul,BRSC007,10360427.401
2013,São Francisco do Sul,BRSC011,5645765.418
2013,São Francisco do Sul,BRSFS,13029825.47
2013,São Sebastião,BRSP006,52807619.869
2013,São Sebastião,BRSSO,654828.389
2013,Tomé Açu,BRPA033,122341.01
2013,Tomé Açu,BRPA034,26852.084
2013,Vila do Conde - Belém,BRBEL,3146815.344
2013,Vila do Conde - Belém,BRPA006,1841806.66
2013,Vila do Conde - Belém,BRPA013,960402.908
2013,Vila do Conde - Belém,BRPA014,227861.123
2013,Vila do Conde - Belém,BRPA016,1032821.0
2013,Vila do Conde - Belém,BRVDC,14396511.018
2013,Vitória,BRES001,110480049.274
2013,Vitória,BRES002,22683155.5
2013,Vitória,BRES003,9576107.948
2013,Vitória,BRES004,4734199.912
2013,Vitória,BRES005,652494.259
2013,Vitória,BRES007,674729.662
2013,Vitória,BRVIX,5065851.401
2013,Óbidos,BRPA001,17482163.0
2013,Óbidos,BRPA019,4499417.0
2014,Almeirim,BRPA002,263805.31
2014,Almeirim,BRPA004,8033.632
2014,Angra dos Reis,BRADR,158963.852
2014,Angra dos Reis,BRRJ009,35058452.118
2014,Angra dos Reis,BRRJ012,38333.013
2014,Aracajú,BRSE001,990036.491
2014,Aracajú,BRSE002,2142325.033
2014,Aratu - Salvador,BRARB,6491714.845
2014,Aratu - Salvador,BRBA002,684938.943
2014,Aratu - Salvador,BRBA003,19761790.315
2014,Aratu - Salvador,BRBA006,305892.114
2014,Aratu - Salvador,BRBA007,3511441.371
2014,Aratu - Salvador,BRBA008,164207.529
2014,Aratu - Salvador,BRBA009,1534759.746
2014,Aratu - Salvador,BRSSA,4339523.191
2014,Areia Branca,BRARE,2969056.413
2014,Barra do Riacho,BRES006,8955388.841
2014,Barra do Riacho,BRES008,868110.238
2014,Barra do Riacho,BRES010,318022.549
2014,Cabedelo (Instalação Isolada),BRCDO,1755747.126
2014,Coari (Instalação Isolada),BRAM009,1788360.936
2014,Corumbá,BRMS001,3625517.58
2014,Corumbá,BRMS002,3453754.0
2014,Corumbá,BRMS003,77591.0
2014,Estrela,BRETL,2380.06
2014,Estrela,BRRS004,16661.086
2014,Estrela,BRRS011,99096.12
2014,Forno,BRFNO,167915.445
2014,Ilhéus,BRBA004,1700181.02
2014,Ilhéus,BRBA005,1023032.0
2014,Ilhéus,BRIOS,506357.027
2014,Imbituba,BRIBB,3364438.785
2014,Itaguaí,BRIGI,63849719.849
2014,Itaguaí,BRRJ001,40535106.0
2014,Itaguaí,BRRJ016,7256560.773
2014,Itaituba,BRPA038,767975.32
2014,Itajaí,BRITJ,3813335.471
2014,Itajaí,BRSC001,212072.258
2014,Itajaí,BRSC008,7849790.099
2014,Itajaí,BRSC012,286993.044
2014,Itaqui,BRIQI,18028301.794
2014,Itaqui,BRMA001,13678368.725
2014,Itaqui,BRMA002,112526506.0
2014,Macapá,BRAP003,140356.0
2014,Macapá,BRMCP,3671488.294
2014,Maceió,BRAL001,952112.681
2014,Maceió,BRMCZ,2758556.472
2014,Manaus,BRAM001,457851.731
2014,Manaus,BRAM003,238679.91
2014,Manaus,BRAM004,3090.75
2014,Manaus,BRAM006,4188882.751
2014,Manaus,BRAM007,413340.653
2014,Manaus,BRAM008,727568.0
2014,Manaus,BRAM010,41105.976
2014,Manaus,BRAM011,5356795.779
2014,Manaus,BRAM012,1584504.08
2014,Manaus,BRAM013,85216.827
2014,Manaus,BRAM014,5459735.722
2014,Manaus,BRAM015,282640.55
2014,Manaus,BRAM016,115357.703
2014,Manaus,BRAM017,322118.096
2014,Manaus,BRAM018,46796.901
2014,Manaus,BRAM025,1989781.416
2014,Natal,BRNAT,456531.399
2014,Natal,BRRN001,3989526.833
2014,Paranaguá - Antonina,BRANT,1472855.03
2014,Paranaguá - Antonina,BRPNG,41603424.68
2014,Paranaguá - Antonina,BRPR002,1885945.224
2014,Paranaguá - Antonina,BRPR005,6389.463
2014,Pecém - Fortaleza,BRCE001,8274543.509
2014,Pecém - Fortaleza,BRFOR,5351406.333
2014,Porto Alegre,BRPOA,1030177.841
2014,Porto Alegre,BRRS003,980983.436
2014,Porto Alegre,BRRS006,546620.0
2014,Porto Alegre,BRRS008,249198.19
2014,Porto Alegre,BRRS009,13636160.977
2014,Porto Alegre,BRRS010,646914.871
2014,Porto Alegre,BRRS013,259212.04
2014,Porto Alegre,BRRS014,44632.514
2014,Porto Alegre,BRRS015,925492.338
2014,Porto Alegre,BRRS016,53751.567
2014,Porto Velho,BRPVH,3765009.703
2014,Porto Velho,BRRO001,34750.0
2014,Porto Velho,BRRO002,331536.957
2014,Porto Velho,BRRO003,43670.391
2014,Porto Velho,BRRO005,55797.379
2014,Porto Velho,BRRO006,851427.09
2014,Porto Velho,BRRO007,196386.212
2014,Rio Grande,BRPET,44930.75
2014,Rio Grande,BRRIG,22448499.386
2014,Rio Grande,BRRS001,2312954.701
2014,Rio Grande,BRRS002,5081318.328
2014,Rio Grande,BRRS005,2213173.961
2014,Rio Grande,BRRS007,2391566.702
2014,Rio Grande,BRRS012,351291.0
2014,Rio de Janeiro -  Niterói,BRNTR,280251.303
2014,Rio de Janeiro -  Niterói,BRRIO,7525736.066
2014,Rio de Janeiro -  Niterói,BRRJ003,225266.58
2014,Rio de Janeiro -  Niterói,BRRJ005,23716.224
2014,Rio de Janeiro -  Niterói,BRRJ007,605.129
2014,Rio de Janeiro -  Niterói,BRRJ008,208640.989
2014,Rio de Janeiro -  Niterói,BRRJ010,14891996.284
2014,Rio de Janeiro -  Niterói,BRRJ013,7338.524
2014,Rio de Janeiro -  Niterói,BRRJ014,729.999
2014,Rio de Janeiro -  Niterói,BRRJ015,55742.342
2014,Rio de Janeiro -  Niterói,BRRJ017,54469.534
2014,Rio de Janeiro -  Niterói,BRRJ018,2977298.855
2014,Rio de Janeiro -  Niterói,BRRJ019,110702.413
2014,Rio de Janeiro -  Niterói,BRRJ021,14562.406
2014,Rio de Janeiro -  Niterói,BRRJ024,9475.448
2014,Santarém,BRPA017,174486.0
2014,Santarém,BRPA028,60642.449
2014,Santarém,BRSTM,2870409.992
2014,Santos,BRSP001,2207537.836
2014,Santos,BRSP002,3447119.033
2014,Santos,BRSP004,1977084.175
2014,Santos,BRSP005,675899.0
2014,Santos,BRSP008,4699776.313
2014,Santos,BRSP009,247949.113
2014,Santos,BRSSZ,94042814.19
2014,Suape - Recife,BRPE001,133842.063
2014,Suape - Recife,BRREC,1512183.0
2014,Suape - Recife,BRSUA,15236300.555
2014,São Francisco do Sul,BRSC007,10525752.394
2014,São Francisco do Sul,BRSC011,5521785.849
2014,São Francisco do Sul,BRSFS,13268334.697
2014,São João da Barra,BRRJ020,239591.0
2014,São João da Barra,BRRJ026,3800.0
2014,São Sebastião,BRSP006,53110690.1
2014,São Sebastião,BRSSO,730594.441
2014,Tomé Açu,BRPA033,144981.792
2014,Tomé Açu,BRPA034,6453.364
2014,Vila do Conde - Belém,BRBEL,3120087.787
2014,Vila do Conde - Belém,BRPA005,88728.68
2014,Vila do Conde - Belém,BRPA006,1693819.43
2014,Vila do Conde - Belém,BRPA013,893473.64
2014,Vila do Conde - Belém,BRPA014,240147.852
2014,Vila do Conde - Belém,BRPA016,1005541.0
2014,Vila do Conde - Belém,BRPA018,1555396.153
2014,Vila do Conde - Belém,BRVDC,15196867.01
2014,Vitória,BRES001,109808863.986
2014,Vitória,BRES002,25917564.0
2014,Vitória,BRES003,11332752.74
2014,Vitória,BRES004,5056515.649
2014,Vitória,BRES005,622598.9
2014,Vitória,BRES007,648799.217
2014,Vitória,BRVIX,6993238.167
2014,Óbidos,BRPA001,17405504.0
2014,Óbidos,BRPA019,4754590.0
2015,Almeirim,BRPA002,254009.768
2015,Almeirim,BRPA004,148997.771
2015,Angra dos Reis,BRADR,164409.201
2015,Angra dos Reis,BRRJ009,37136830.326
2015,Angra dos Reis,BRRJ012,13242.751
2015,Aracajú,BRSE001,915311.804
2015,Aracajú,BRSE002,1516786.186
2015,Aratu - Salvador,BRARB,6140132.494
2015,Aratu - Salvador,BRBA002,664533.347
2015,Aratu - Salvador,BRBA003,19755371.272
2015,Aratu - Salvador,BRBA006,389869.276
2015,Aratu - Salvador,BRBA007,4221368.095
2015,Aratu - Salvador,BRBA008,150633.774
2015,Aratu - Salvador,BRBA009,2189642.997
2015,Aratu - Salvador,BRSSA,4206541.309
2015,Areia Branca,BRARE,4124530.9
2015,Barra do Riacho,BRES006,9202009.765
2015,Barra do Riacho,BRES008,771464.766
2015,Barra do Riacho,BRES010,254319.789
2015,Cabedelo (Instalação Isolada),BRCDO,1243167.125
2015,Coari (Instalação Isolada),BRAM009,1704427.294
2015,Corumbá,BRMS001,1822904.052
2015,Corumbá,BRMS002,2648112.666
2015,Corumbá,BRMS003,15.661
2015,Corumbá,BRMS005,6055.0
2015,Forno,BRFNO,131467.97
2015,Ilhéus,BRBA004,1704670.72
2015,Ilhéus,BRBA005,1035750.0
2015,Ilhéus,BRIOS,411657.396
2015,Imbituba,BRIBB,3391084.053
2015,Itaguaí,BRIGI,57303100.592
2015,Itaguaí,BRRJ001,46650964.0
2015,Itaguaí,BRRJ016,7861029.452
2015,Itaguaí,BRRJ023,163491.066
2015,Itaituba,BRPA038,1548292.123
2015,Itajaí,BRITJ,3090721.835
2015,Itajaí,BRSC001,127902.426
2015,Itajaí,BRSC008,7585704.326
2015,Itajaí,BRSC012,72655.809
2015,Itajaí,BRSC013,1074.225
2015,Itajaí,BRSC017,6993.18
2015,Itaqui,BRIQI,21816656.502
2015,Itaqui,BRMA001,14571918.119
2015,Itaqui,BRMA002,124602316.01
2015,Macapá,BRAP003,128943.0
2015,Macapá,BRMCP,1532680.924
2015,Maceió,BRAL001,831991.062
2015,Maceió,BRMCZ,2425423.767
2015,Manaus,BRAM001,379481.09
2015,Manaus,BRAM003,219352.152
2015,Manaus,BRAM004,1300.8
2015,Manaus,BRAM006,4304881.542
2015,Manaus,BRAM007,85053.199
2015,Manaus,BRAM008,537122.0
2015,Manaus,BRAM010,60709.043
2015,Manaus,BRAM011,5121475.729
2015,Manaus,BRAM012,668159.41
2015,Manaus,BRAM013,78015.284
2015,Manaus,BRAM014,7093792.071
2015,Manaus,BRAM015,267752.54
2015,Manaus,BRAM016,63066.603
2015,Manaus,BRAM017,503019.522
2015,Manaus,BRAM018,46927.45
2015,Manaus,BRAM025,2192021.181
2015,Manaus,BRAM028,135122.21
2015,Manaus,BRMAO,60320.249
2015,Natal,BRNAT,557512.582
2015,Natal,BRRN001,3707184.028
2015,Paranaguá - Antonina,BRANT,782207.018
2015,Paranaguá - Antonina,BRPNG,41080412.219
2015,Paranaguá - Antonina,BRPR002,2194225.754
2015,Paranaguá - Antonina,BRPR005,8987.795
2015,Pecém - Fortaleza,BRCE001,7011477.599
2015,Pecém - Fortaleza,BRFOR,4675409.552
2015,Porto Alegre,BRPOA,944460.346
2015,Porto Alegre,BRRS003,1169086.832
2015,Porto Alegre,BRRS006,571756.5
2015,Porto Alegre,BRRS008,172651.22
2015,Porto Alegre,BRRS009,12801305.869
2015,Porto Alegre,BRRS010,313734.819
2015,Porto Alegre,BRRS013,738496.53
2015,Porto Alegre,BRRS014,20335.593
2015,Porto Alegre,BRRS015,1214240.8
2015,Porto Alegre,BRRS016,24282.073
2015,Porto Velho,BRPVH,2436440.635
2015,Porto Velho,BRRO001,44289.04
2015,Porto Velho,BRRO002,230437.639
2015,Porto Velho,BRRO003,51738.168
2015,Porto Velho,BRRO005,57437.619
2015,Porto Velho,BRRO006,1155259.54
2015,Porto Velho,BRRO007,344446.038
2015,Porto Velho,BRRO013,230021.804
2015,Porto Velho,BRRO014,771349.873
2015,Rio Grande,BRPET,49232.656
2015,Rio Grande,BRRIG,22930995.049
2015,Rio Grande,BRRS001,2798566.062
2015,Rio Grande,BRRS002,6441243.523
2015,Rio Grande,BRRS005,2527001.554
2015,Rio Grande,BRRS007,2228238.013
2015,Rio Grande,BRRS012,215798.17
2015,Rio de Janeiro -  Niterói,BRNTR,66451.07
2015,Rio de Janeiro -  Niterói,BRRIO,5575107.454
2015,Rio de Janeiro -  Niterói,BRRJ003,229613.778
2015,Rio de Janeiro -  Niterói,BRRJ008,305716.509
2015,Rio de Janeiro -  Niterói,BRRJ010,13945487.41
2015,Rio de Janeiro -  Niterói,BRRJ014,12590.401
2015,Rio de Janeiro -  Niterói,BRRJ015,55950.571
2015,Rio de Janeiro -  Niterói,BRRJ017,38112.0
2015,Rio de Janeiro -  Niterói,BRRJ018,1365160.617
2015,Rio de Janeiro -  Niterói,BRRJ019,120166.38
2015,Rio de Janeiro -  Niterói,BRRJ021,21009.523
2015,Rio de Janeiro -  Niterói,BRRJ024,9527.2
2015,Santarém,BRPA017,263262.0
2015,Santarém,BRPA028,66170.472
2015,Santarém,BRSTM,4975927.307
2015,Santos,BRSP001,2744568.059
2015,Santos,BRSP002,2637767.327
2015,Santos,BRSP004,2200851.98
2015,Santos,BRSP005,587124.0
2015,Santos,BRSP008,6078346.427
2015,Santos,BRSP009,58197.426
2015,Santos,BRSSZ,101578071.159
2015,Sem complexo - Terminal Isolado,BRRS025,309.495
2015,Suape - Recife,BRPE001,2340.126
2015,Suape - Recife,BRREC,1410278.62
2015,Suape - Recife,BRSUA,19790127.758
2015,São Francisco do Sul,BRSC007,10219206.027
2015,São Francisco do Sul,BRSC011,6289380.026
2015,São Francisco do Sul,BRSFS,13114426.268
2015,São João da Barra,BRRJ020,8820145.0
2015,São João da Barra,BRRJ022,82455.565
2015,São João da Barra,BRRJ025,17.999
2015,São João da Barra,BRRJ026,8516.422
2015,São João da Barra,BRRJ039,6631.046
2015,São Sebastião,BRSP006,48811093.333
2015,São Sebastião,BRSSO,728245.353
2015,Tomé Açu,BRPA033,149776.27
2015,Tomé Açu,BRPA034,2121.065
2015,Vila do Conde - Belém,BRBEL,2821515.386
2015,Vila do Conde - Belém,BRPA005,798885.575
2015,Vila do Conde - Belém,BRPA006,1638631.58
2015,Vila do Conde - Belém,BRPA013,676223.525
2015,Vila do Conde - Belém,BRPA014,225075.323
2015,Vila do Conde - Belém,BRPA016,720989.0
2015,Vila do Conde - Belém,BRPA018,3434556.835
2015,Vila do Conde - Belém,BRVDC,15570308.433
2015,Vitória,BRES001,113657039.123
2015,Vitória,BRES002,26452118.324
2015,Vitória,BRES003,12293571.931
2015,Vitória,BRES004,7739547.233
2015,Vitória,BRES005,460633.954
2015,Vitória,BRES007,601341.451
2015,Vitória,BRES020,619.001
2015,Vitória,BRVIX,6506865.545
2015,Óbidos,BRPA001,18307525.0
2015,Óbidos,BRPA019,5069939.0
2016,Almeirim,BRPA002,201572.964
2016,Almeirim,BRPA004,222026.679
2016,Angra dos Reis,BRRJ009,38314024.392
2016,Angra dos Reis,BRRJ012,21920.35
2016,Aracajú,BRSE001,639322.71
2016,Aracajú,BRSE002,1442222.823
2016,Aratu - Salvador,BRARB,6192286.082
2016,Aratu - Salvador,BRBA002,653426.22
2016,Aratu - Salvador,BRBA003,17644272.908
2016,Aratu - Salvador,BRBA006,184474.34
2016,Aratu - Salvador,BRBA007,2878083.182
2016,Aratu - Salvador,BRBA008,109259.117
2016,Aratu - Salvador,BRBA009,538239.329
2016,Aratu - Salvador,BRSSA,4562311.543
2016,Areia Branca,BRARE,4205121.1
2016,Barra do Riacho,BRES006,9507993.581
2016,Barra do Riacho,BRES008,775431.82
2016,Barra do Riacho,BRES010,313360.101
2016,Barra do Riacho,BRES013,9156.0
2016,Cabedelo (Instalação Isolada),BRCDO,962976.824
2016,Coari (Instalação Isolada),BRAM009,1558799.294
2016,Corumbá,BRMS001,1253778.858
2016,Corumbá,BRMS002,2053713.0
2016,Forno,BRFNO,38140.185
2016,Ilhéus,BRBA004,1620443.01
2016,Ilhéus,BRBA005,1081432.0
2016,Ilhéus,BRIOS,209961.78
2016,Imbituba,BRIBB,4803185.823
2016,Itaguaí,BRIGI,58763200.784
2016,Itaguaí,BRRJ001,46139203.393
2016,Itaguaí,BRRJ016,7484235.102
2016,Itaguaí,BRRJ023,6309693.506
2016,Itaguaí,BRRJ054,0.16
2016,Itaituba,BRPA038,1586420.357
2016,Itaituba,BRPA045,82325.33
2016,Itajaí,BRITJ,1860702.539
2016,Itajaí,BRSC001,135208.474
2016,Itajaí,BRSC008,9650564.417
2016,Itajaí,BRSC012,64708.26
2016,Itajaí,BRSC013,770.225
2016,Itajaí,BRSC017,12304.444
2016,Itaqui,BRIQI,17082084.548
2016,Itaqui,BRMA001,14161324.371
2016,Itaqui,BRMA002,148671003.873
2016,LDC Pederneiras (Instalação Isolada),BRSP011,417918.006
2016,Macapá,BRAP003,118680.0
2016,Macapá,BRMCP,799021.374
2016,Maceió,BRAL001,862339.116
2016,Maceió,BRMCZ,1963511.496
2016,Manaus,BRAM001,342275.162
2016,Manaus,BRAM003,200208.0
2016,Manaus,BRAM004,5561.63
2016,Manaus,BRAM006,4725323.517
2016,Manaus,BRAM007,130979.975
2016,Manaus,BRAM008,339516.0
2016,Manaus,BRAM010,6401.316
2016,Manaus,BRAM011,4637142.683
2016,Manaus,BRAM012,494435.387
2016,Manaus,BRAM013,83728.48
2016,Manaus,BRAM014,7227802.912
2016,Manaus,BRAM015,70622.31
2016,Manaus,BRAM016,176829.311
2016,Manaus,BRAM017,498932.521
2016,Manaus,BRAM018,27413.085
2016,Manaus,BRAM025,2090069.818
2016,Manaus,BRAM028,98740.55
2016,Manaus,BRAM032,137458.411
2016,Manaus,BRMAO,41199.084
2016,Natal,BRNAT,677121.356
2016,Natal,BRRN001,3737703.628
2016,Paranaguá - Antonina,BRANT,1305962.218
2016,Paranaguá - Antonina,BRPNG,40053407.119
2016,Paranaguá - Antonina,BRPR002,3675831.771
2016,Paranaguá - Antonina,BRPR005,10486.254
2016,Pecém - Fortaleza,BRCE001,11230951.745
2016,Pecém - Fortaleza,BRFOR,4632848.349
2016,Porto Alegre,BRPOA,1052152.718
2016,Porto Alegre,BRRS003,1629104.755
2016,Porto Alegre,BRRS006,516831.0
2016,Porto Alegre,BRRS008,165865.93
2016,Porto Alegre,BRRS009,12040041.584
2016,Porto Alegre,BRRS010,245135.949
2016,Porto Alegre,BRRS013,1405767.652
2016,Porto Alegre,BRRS014,26400.243
2016,Porto Alegre,BRRS015,949009.654
2016,Porto Alegre,BRRS016,33951.621
2016,Porto Velho,BRPVH,2447623.062
2016,Porto Velho,BRRO001,27883.3
2016,Porto Velho,BRRO002,212085.74
2016,Porto Velho,BRRO003,63169.682
2016,Porto Velho,BRRO005,99271.261
2016,Porto Velho,BRRO006,755041.55
2016,Porto Velho,BRRO007,387323.794
2016,Porto Velho,BRRO013,1276878.192
2016,Porto Velho,BRRO014,931543.84
2016,Rio Grande,BRPET,85007.006
2016,Rio Grande,BRRIG,24114921.402
2016,Rio Grande,BRRS001,3407008.353
2016,Rio Grande,BRRS002,5788415.157
2016,Rio Grande,BRRS005,1803771.295
2016,Rio Grande,BRRS007,2448998.942
2016,Rio Grande,BRRS012,199075.0
2016,Rio de Janeiro -  Niterói,BRNTR,30619.81
2016,Rio de Janeiro -  Niterói,BRRIO,5351751.511
2016,Rio de Janeiro -  Niterói,BRRJ003,242337.942
2016,Rio de Janeiro -  Niterói,BRRJ008,150372.99
2016,Rio de Janeiro -  Niterói,BRRJ010,13941709.729
2016,Rio de Janeiro -  Niterói,BRRJ013,850.0
2016,Rio de Janeiro -  Niterói,BRRJ014,12736.995
2016,Rio de Janeiro -  Niterói,BRRJ015,59211.254
2016,Rio de Janeiro -  Niterói,BRRJ017,26315.0
2016,Rio de Janeiro -  Niterói,BRRJ018,364107.402
2016,Rio de Janeiro -  Niterói,BRRJ019,144566.178
2016,Rio de Janeiro -  Niterói,BRRJ024,7949.0
2016,Rio de Janeiro -  Niterói,BRRJ055,41.0
2016,Rio de Janeiro -  Niterói,BRRJ056,102079.02
2016,Santarém,BRPA017,273944.0
2016,Santarém,BRPA028,64947.697
2016,Santarém,BRSTM,4728464.53
2016,Santos,BRSP001,2800590.182
2016,Santos,BRSP002,680671.977
2016,Santos,BRSP004,2084411.605
2016,Santos,BRSP005,654419.0
2016,Santos,BRSP008,7300768.94
2016,Santos,BRSP009,29693.423
2016,Santos,BRSSZ,96935079.479
2016,Suape - Recife,BRPE001,32606.441
2016,Suape - Recife,BRREC,1530038.0
2016,Suape - Recife,BRSUA,22747980.42
2016,São Francisco do Sul,BRSC007,8543531.342
2016,São Francisco do Sul,BRSC011,6296500.416
2016,São Francisco do Sul,BRSFS,10082739.974
2016,São João da Barra,BRRJ020,15861023.0
2016,São João da Barra,BRRJ022,54423.787
2016,São João da Barra,BRRJ025,259.556
2016,São João da Barra,BRRJ026,2099.64
2016,São João da Barra,BRRJ039,12368.836
2016,São João da Barra,BRRJ067,1910438.39
2016,São Sebastião,BRSP006,46473027.355
2016,São Sebastião,BRSSO,606776.494
2016,São Simão,BRGO001,427975.094
2016,São Simão,BRGO009,38625.923
2016,Tomé Açu,BRPA033,127449.639
2016,Vila do Conde - Belém,BRBEL,2337664.679
2016,Vila do Conde - Belém,BRPA005,1247544.069
2016,Vila do Conde - Belém,BRPA006,1600759.86
2016,Vila do Conde - Belém,BRPA013,659799.33
2016,Vila do Conde - Belém,BRPA014,163676.128
2016,Vila do Conde - Belém,BRPA016,529171.0
2016,Vila do Conde - Belém,BRPA018,3385795.142
2016,Vila do Conde - Belém,BRPA043,916207.957
2016,Vila do Conde - Belém,BRVDC,16178164.451
2016,Vitória,BRES001,108030988.747
2016,Vitória,BRES002,183203.7
2016,Vitória,BRES003,10749127.692
2016,Vitória,BRES004,8010827.6
2016,Vitória,BRES005,75174.392
2016,Vitória,BRES007,539087.809
2016,Vitória,BRES020,749.267
2016,Vitória,BRVIX,6467425.813
2016,Óbidos,BRPA001,18088000.0
2016,Óbidos,BRPA019,5975509.0
2017,Almeirim,BRPA002,216234.404
2017,Almeirim,BRPA004,213734.407
2017,Angra dos Reis,BRADR,1278.85
2017,Angra dos Reis,BRRJ009,42313886.303
2017,Angra dos Reis,BRRJ012,217528.521
2017,Aracajú,BRSE001,456943.484
2017,Aracajú,BRSE002,972422.168
2017,Aratu - Salvador,BRARB,6907829.082
2017,Aratu - Salvador,BRBA002,653794.462
2017,Aratu - Salvador,BRBA003,15543130.047
2017,Aratu - Salvador,BRBA006,235804.2
2017,Aratu - Salvador,BRBA007,4964365.424
2017,Aratu - Salvador,BRBA008,128454.073
2017,Aratu - Salvador,BRBA009,741242.494
2017,Aratu - Salvador,BRSSA,5129205.597
2017,Areia Branca,BRARE,3917385.9
2017,Barra do Riacho,BRES006,9254494.455
2017,Barra do Riacho,BRES008,703154.311
2017,Barra do Riacho,BRES010,206179.225
2017,Barra do Riacho,BRES013,6892.441
2017,Cabedelo (Instalação Isolada),BRCDO,970136.859
2017,Coari (Instalação Isolada),BRAM009,1421093.311
2017,Corumbá,BRMS001,1630361.127
2017,Corumbá,BRMS002,2766427.0
2017,Corumbá,BRMS005,183796.385
2017,Ilhéus,BRBA004,1283122.87
2017,Ilhéus,BRBA005,1119230.0
2017,Ilhéus,BRIOS,237446.937
2017,Imbituba,BRIBB,4486406.88
2017,Itaguaí,BRIGI,52938062.428
2017,Itaguaí,BRRJ001,43549106.726
2017,Itaguaí,BRRJ016,6812545.232
2017,Itaguaí,BRRJ023,9452090.0
2017,Itaguaí,BRRJ054,278.0
2017,Itaituba,BRPA038,1929347.376
2017,Itaituba,BRPA045,2728059.385
2017,Itaituba,BRPA064,100075.248
2017,Itaituba,BRPA068,219761.584
2017,Itajaí,BRITJ,2082037.218
2017,Itajaí,BRSC001,130215.173
2017,Itajaí,BRSC008,9741262.905
2017,Itajaí,BRSC012,91528.497
2017,Itajaí,BRSC017,41521.115
2017,Itaqui,BRIQI,19113491.888
2017,Itaqui,BRMA001,14998420.998
2017,Itaqui,BRMA002,169785840.65
2017,LDC Pederneiras (Instalação Isolada),BRSP011,496021.009
2017,Macapá,BRAP003,145304.0
2017,Macapá,BRMCP,1505548.598
2017,Maceió,BRAL001,908942.418
2017,Maceió,BRMCZ,1969936.043
2017,Manaus,BRAM001,360871.49
2017,Manaus,BRAM003,250594.843
2017,Manaus,BRAM004,1792.9
2017,Manaus,BRAM006,3322356.604
2017,Manaus,BRAM007,150406.534
2017,Manaus,BRAM008,391457.0
2017,Manaus,BRAM011,4259814.861
2017,Manaus,BRAM012,2240411.9
2017,Manaus,BRAM013,76715.02
2017,Manaus,BRAM014,8478913.811
2017,Manaus,BRAM015,68762.81
2017,Manaus,BRAM016,188828.381
2017,Manaus,BRAM017,451488.15
2017,Manaus,BRAM018,9515.877
2017,Manaus,BRAM021,991338.372
2017,Manaus,BRAM025,2800135.701
2017,Manaus,BRAM028,99281.73
2017,Manaus,BRAM032,120519.926
2017,Manaus,BRAM034,282.478
2017,Manaus,BRMAO,14101.0
2017,Natal,BRNAT,813657.165
2017,Natal,BRRN001,3047207.546
2017,Paranaguá - Antonina,BRANT,1077714.869
2017,Paranaguá - Antonina,BRPNG,45559089.705
2017,Paranaguá - Antonina,BRPR002,5906855.963
2017,Pecém - Fortaleza,BRCE001,15811175.669
2017,Pecém - Fortaleza,BRFOR,5068066.848
2017,Porto Alegre,BRPOA,1051567.034
2017,Porto Alegre,BRRS003,1118440.763
2017,Porto Alegre,BRRS006,588169.218
2017,Porto Alegre,BRRS008,216227.61
2017,Porto Alegre,BRRS009,10964631.838
2017,Porto Alegre,BRRS010,221263.837
2017,Porto Alegre,BRRS013,1039165.018
2017,Porto Alegre,BRRS014,8089.878
2017,Porto Alegre,BRRS015,989684.964
2017,Porto Alegre,BRRS016,11505.534
2017,Porto Alegre,BRRS022,263616.987
2017,Porto Velho,BRPVH,2522607.814
2017,Porto Velho,BRRO001,3024.0
2017,Porto Velho,BRRO002,217205.265
2017,Porto Velho,BRRO003,67242.229
2017,Porto Velho,BRRO005,110009.457
2017,Porto Velho,BRRO006,1092683.273
2017,Porto Velho,BRRO007,422413.916
2017,Porto Velho,BRRO010,109521.43
2017,Porto Velho,BRRO013,2232217.953
2017,Porto Velho,BRRO014,1864532.196
2017,Porto Velho,BRRO016,93338.777
2017,Porto Velho,BRRO022,159070.086
2017,Porto Velho,BRRO025,167396.546
2017,Rio Grande,BRPET,724272.054
2017,Rio Grande,BRRIG,26171271.108
2017,Rio Grande,BRRS001,3121179.276
2017,Rio Grande,BRRS002,5789711.0
2017,Rio Grande,BRRS005,2629028.282
2017,Rio Grande,BRRS007,2522388.113
2017,Rio Grande,BRRS012,178536.0
2017,Rio de Janeiro -  Niterói,BRNTR,18626.45
2017,Rio de Janeiro -  Niterói,BRRIO,5287764.988
2017,Rio de Janeiro -  Niterói,BRRJ003,276345.984
2017,Rio de Janeiro -  Niterói,BRRJ008,132311.517
2017,Rio de Janeiro -  Niterói,BRRJ010,13078214.651
2017,Rio de Janeiro -  Niterói,BRRJ014,4272.054
2017,Rio de Janeiro -  Niterói,BRRJ015,55517.641
2017,Rio de Janeiro -  Niterói,BRRJ017,25969.74
2017,Rio de Janeiro -  Niterói,BRRJ018,122731.092
2017,Rio de Janeiro -  Niterói,BRRJ019,131142.428
2017,Rio de Janeiro -  Niterói,BRRJ055,707.232
2017,Rio de Janeiro -  Niterói,BRRJ056,283865.98
2017,Rio de Janeiro -  Niterói,BRRJ057,166986.708
2017,Santarém,BRPA017,302742.0
2017,Santarém,BRPA028,73943.79
2017,Santarém,BRSTM,7901508.01
2017,Santos,BRSP001,7400464.518
2017,Santos,BRSP002,557985.13
2017,Santos,BRSP004,2359551.656
2017,Santos,BRSP005,697196.0
2017,Santos,BRSP008,7809322.228
2017,Santos,BRSP009,7838.792
2017,Santos,BRSSZ,106543172.764
2017,Sem complexo - Terminal Isolado,BRAC001,2057.2
2017,Sem complexo - Terminal Isolado,BRPR003,1785.0
2017,Suape - Recife,BRPE001,46440.592
2017,Suape - Recife,BRREC,1451227.0
2017,Suape - Recife,BRSUA,23631471.895
2017,São Francisco do Sul,BRSC007,8354117.321
2017,São Francisco do Sul,BRSC011,6876836.86
2017,São Francisco do Sul,BRSFS,11771331.339
2017,São João da Barra,BRRJ020,16189534.934
2017,São João da Barra,BRRJ022,462043.772
2017,São João da Barra,BRRJ025,7712.299
2017,São João da Barra,BRRJ026,5451.614
2017,São João da Barra,BRRJ039,20805.94
2017,São João da Barra,BRRJ051,84371.187
2017,São João da Barra,BRRJ067,3688729.832
2017,São Sebastião,BRSP006,49334762.931
2017,São Sebastião,BRSSO,541018.716
2017,São Simão,BRGO001,712399.679
2017,São Simão,BRGO008,18845.055
2017,São Simão,BRGO009,220889.606
2017,Tomé Açu,BRPA033,140493.436
2017,Tomé Açu,BRPA034,2055.559
2017,Vila do Conde - Belém,BRBEL,2611289.047
2017,Vila do Conde - Belém,BRPA005,3659305.504
2017,Vila do Conde - Belém,BRPA006,1456857.42
2017,Vila do Conde - Belém,BRPA013,629387.742
2017,Vila do Conde - Belém,BRPA014,225418.28
2017,Vila do Conde - Belém,BRPA016,623947.0
2017,Vila do Conde - Belém,BRPA018,4501362.361
2017,Vila do Conde - Belém,BRPA043,5597739.972
2017,Vila do Conde - Belém,BRPA065,6919.971
2017,Vila do Conde - Belém,BRPA067,812706.459
2017,Vila do Conde - Belém,BRVDC,16131064.614
2017,Vitória,BRES001,109253722.035
2017,Vitória,BRES002,611233.846
2017,Vitória,BRES003,13180553.102
2017,Vitória,BRES004,7584029.578
2017,Vitória,BRES005,930.74
2017,Vitória,BRES007,605345.796
2017,Vitória,BRES020,120.49
2017,Vitória,BRVIX,6913966.491
2017,Óbidos,BRPA001,16386977.0
2017,Óbidos,BRPA019,6311553.0
2017,Óbidos,BRPA036,92.32
2018,Almeirim,BRPA002,207305.123
2018,Almeirim,BRPA004,224323.31
2018,Angra dos Reis,BRRJ009,42871136.429
2018,Angra dos Reis,BRRJ012,352710.0
2018,Aracajú,BRSE001,526467.864
2018,Aracajú,BRSE002,791619.42
2018,Aratu - Salvador,BRARB,6489892.642
2018,Aratu - Salvador,BRBA002,657076.481
2018,Aratu - Salvador,BRBA003,16965537.136
2018,Aratu - Salvador,BRBA006,471622.52
2018,Aratu - Salvador,BRBA007,5294103.546
2018,Aratu - Salvador,BRBA008,126669.059
2018,Aratu - Salvador,BRBA009,1095392.316
2018,Aratu - Salvador,BRSSA,4912787.959
2018,Areia Branca,BRARE,4873365.2
2018,Barra do Riacho,BRES006,10207828.408
2018,Barra do Riacho,BRES008,639484.483
2018,Barra do Riacho,BRES010,161247.997
2018,Barra do Riacho,BRES013,8438.723
2018,Cabedelo (Instalação Isolada),BRCDO,1180560.344
2018,Coari (Instalação Isolada),BRAM009,1456725.984
2018,Corumbá,BRMS001,1220846.465
2018,Corumbá,BRMS002,2477534.0
2018,Corumbá,BRMS005,438883.138
2018,Estrela,BRRS004,4098.541
2018,Ilhéus,BRBA004,2494544.95
2018,Ilhéus,BRBA005,1158376.0
2018,Ilhéus,BRIOS,187966.607
2018,Imbituba,BRIBB,5222992.724
2018,Itaguaí,BRIGI,56635104.598
2018,Itaguaí,BRRJ001,41182971.266
2018,Itaguaí,BRRJ016,7576477.232
2018,Itaguaí,BRRJ023,10637500.0
2018,Itaguaí,BRRJ054,275.0
2018,Itaituba,BRPA038,2251465.75
2018,Itaituba,BRPA045,2748487.075
2018,Itaituba,BRPA046,681719.947
2018,Itaituba,BRPA064,109569.543
2018,Itajaí,BRITJ,3993369.536
2018,Itajaí,BRSC001,112096.92
2018,Itajaí,BRSC008,8032367.975
2018,Itajaí,BRSC012,94552.519
2018,Itajaí,BRSC017,28443.0
2018,Itaqui,BRIQI,22403221.209
2018,Itaqui,BRMA001,14756304.082
2018,Itaqui,BRMA002,198110371.0
2018,Macapá,BRAP003,140994.0
2018,Macapá,BRMCP,1248065.384
2018,Maceió,BRAL001,874990.218
2018,Maceió,BRMCZ,1760868.685
2018,Manaus,BRAM001,325483.947
2018,Manaus,BRAM003,112610.874
2018,Manaus,BRAM004,1188.0
2018,Manaus,BRAM006,4177593.44
2018,Manaus,BRAM007,203124.073
2018,Manaus,BRAM008,454680.0
2018,Manaus,BRAM011,4211676.366
2018,Manaus,BRAM012,2167589.211
2018,Manaus,BRAM013,72626.412
2018,Manaus,BRAM014,9252231.259
2018,Manaus,BRAM015,33459.02
2018,Manaus,BRAM016,232116.935
2018,Manaus,BRAM017,446214.885
2018,Manaus,BRAM018,4194.21
2018,Manaus,BRAM021,731429.11
2018,Manaus,BRAM025,3162559.295
2018,Manaus,BRAM028,121627.02
2018,Manaus,BRAM032,119434.546
2018,Manaus,BRAM034,491.748
2018,Manaus,BRAM081,23467.248
2018,Manaus,BRAM087,11494.865
2018,Manaus,BRMAO,9769.772
2018,Natal,BRNAT,709073.481
2018,Natal,BRRN001,2665757.952
2018,Paranaguá - Antonina,BRANT,774281.211
2018,Paranaguá - Antonina,BRPNG,48524954.378
2018,Paranaguá - Antonina,BRPR002,4113039.06
2018,Pecém - Fortaleza,BRCE001,17246765.984
2018,Pecém - Fortaleza,BRFOR,4937123.642
2018,Porto Alegre,BRPOA,882566.505
2018,Porto Alegre,BRRS003,2084979.727
2018,Porto Alegre,BRRS006,622902.0
2018,Porto Alegre,BRRS008,354786.93
2018,Porto Alegre,BRRS009,11016820.183
2018,Porto Alegre,BRRS010,236338.367
2018,Porto Alegre,BRRS013,2610460.115
2018,Porto Alegre,BRRS014,20995.826
2018,Porto Alegre,BRRS015,1001406.685
2018,Porto Alegre,BRRS016,30304.424
2018,Porto Alegre,BRRS022,272567.285
2018,Porto Velho,BRPVH,2194687.821
2018,Porto Velho,BRRO002,226429.625
2018,Porto Velho,BRRO003,11018.048
2018,Porto Velho,BRRO005,135297.2
2018,Porto Velho,BRRO006,1110271.591
2018,Porto Velho,BRRO007,434079.446
2018,Porto Velho,BRRO010,397725.667
2018,Porto Velho,BRRO013,3089958.652
2018,Porto Velho,BRRO014,1847160.606
2018,Porto Velho,BRRO016,121267.189
2018,Porto Velho,BRRO022,163407.133
2018,Porto Velho,BRRO025,244589.326
2018,Rio Grande,BRPET,839277.67
2018,Rio Grande,BRRIG,27165863.403
2018,Rio Grande,BRRS001,2626492.973
2018,Rio Grande,BRRS002,7445891.563
2018,Rio Grande,BRRS005,2158025.726
2018,Rio Grande,BRRS007,2925585.375
2018,Rio Grande,BRRS012,159198.0
2018,Rio de Janeiro -  Niterói,BRNTR,37494.95
2018,Rio de Janeiro -  Niterói,BRRIO,6114350.743
2018,Rio de Janeiro -  Niterói,BRRJ003,232646.219
2018,Rio de Janeiro -  Niterói,BRRJ008,161668.691
2018,Rio de Janeiro -  Niterói,BRRJ010,15263329.511
2018,Rio de Janeiro -  Niterói,BRRJ014,2243.694
2018,Rio de Janeiro -  Niterói,BRRJ015,80048.897
2018,Rio de Janeiro -  Niterói,BRRJ017,37976.1
2018,Rio de Janeiro -  Niterói,BRRJ018,479009.421
2018,Rio de Janeiro -  Niterói,BRRJ019,104346.427
2018,Rio de Janeiro -  Niterói,BRRJ056,196561.27
2018,Rio de Janeiro -  Niterói,BRRJ057,196808.818
2018,Santarém,BRPA017,282039.0
2018,Santarém,BRPA028,72379.845
2018,Santarém,BRSTM,9270373.723
2018,Santos,BRSP001,9559805.686
2018,Santos,BRSP002,978385.894
2018,Santos,BRSP004,2649783.802
2018,Santos,BRSP005,715536.0
2018,Santos,BRSP008,7517633.155
2018,Santos,BRSSZ,107070728.708
2018,Sem complexo - Terminal Isolado,BRAC001,9977.28
2018,Sem complexo - Terminal Isolado,BRPR003,15901.055
2018,Sem complexo - Terminal Isolado,BRRN003,129678.6
2018,Suape - Recife,BRPE001,12417.061
2018,Suape - Recife,BRREC,1228167.0
2018,Suape - Recife,BRSUA,23435960.524
2018,São Francisco do Sul,BRSC007,8845623.727
2018,São Francisco do Sul,BRSC011,7138566.559
2018,São Francisco do Sul,BRSFS,11412895.707
2018,São João da Barra,BRRJ020,3216839.0
2018,São João da Barra,BRRJ022,653686.809
2018,São João da Barra,BRRJ025,2278.852
2018,São João da Barra,BRRJ026,3322.897
2018,São João da Barra,BRRJ039,17848.632
2018,São João da Barra,BRRJ051,199.192
2018,São João da Barra,BRRJ053,4067.64
2018,São João da Barra,BRRJ067,10249954.009
2018,São Sebastião,BRSP006,44062194.785
2018,São Sebastião,BRSSO,697657.947
2018,São Simão,BRGO001,663516.258
2018,São Simão,BRGO008,133469.708
2018,São Simão,BRGO009,269813.857
2018,Tomé Açu,BRPA033,107539.5
2018,Vila do Conde - Belém,BRBEL,2643514.203
2018,Vila do Conde - Belém,BRPA005,5101973.289
2018,Vila do Conde - Belém,BRPA006,1454922.92
2018,Vila do Conde - Belém,BRPA013,609374.128
2018,Vila do Conde - Belém,BRPA014,138265.383
2018,Vila do Conde - Belém,BRPA016,666297.0
2018,Vila do Conde - Belém,BRPA018,5091984.049
2018,Vila do Conde - Belém,BRPA043,6110892.19
2018,Vila do Conde - Belém,BRPA065,20083.604
2018,Vila do Conde - Belém,BRPA067,466642.924
2018,Vila do Conde - Belém,BRPA108,15980.033
2018,Vila do Conde - Belém,BRVDC,11245848.053
2018,Vitória,BRES001,103909626.464
2018,Vitória,BRES002,1177590.0
2018,Vitória,BRES003,12690353.281
2018,Vitória,BRES004,6928253.872
2018,Vitória,BRES005,1875.997
2018,Vitória,BRES007,536816.473
2018,Vitória,BRVIX,6704367.073
2018,Óbidos,BRPA001,14531969.0
2018,Óbidos,BRPA019,6576200.0
2018,Óbidos,BRPA036,1931.098
2019,Almeirim,BRPA002,156611.978
2019,Almeirim,BRPA004,141044.979
2019,Angra dos Reis,BRADR,1239.657
2019,Angra dos Reis,BRRJ009,51904570.677
2019,Angra dos Reis,BRRJ012,1798.908
2019,Aracajú,BRSE001,754560.245
2019,Aracajú,BRSE002,654290.258
2019,Aratu - Salvador,BRARB,6368989.92
2019,Aratu - Salvador,BRBA002,571336.447
2019,Aratu - Salvador,BRBA003,16575516.892
2019,Aratu - Salvador,BRBA006,602860.34
2019,Aratu - Salvador,BRBA007,4788815.876
2019,Aratu - Salvador,BRBA008,82519.075
2019,Aratu - Salvador,BRBA009,62885.275
2019,Aratu - Salvador,BRSSA,5100834.551
2019,Areia Branca,BRARE,4458203.0
2019,Barra do Riacho,BRES006,8140842.842
2019,Barra do Riacho,BRES008,620765.933
2019,Barra do Riacho,BRES010,137957.305
2019,Barra do Riacho,BRES013,97511.82
2019,Cabedelo (Instalação Isolada),BRCDO,1238618.025
2019,Coari (Instalação Isolada),BRAM009,1346961.806
2019,Corumbá,BRMS001,1402369.28
2019,Corumbá,BRMS002,2205381.0
2019,Corumbá,BRMS005,261575.784
2019,Ilhéus,BRBA004,1839072.5
2019,Ilhéus,BRBA005,1100784.0
2019,Ilhéus,BRIOS,147411.3
2019,Imbituba,BRIBB,5761427.731
2019,Itaguaí,BRIGI,43186416.153
2019,Itaguaí,BRRJ001,21007815.0
2019,Itaguaí,BRRJ016,8052488.831
2019,Itaguaí,BRRJ023,16445893.0
2019,Itaguaí,BRRJ054,566.0
2019,Itaituba,BRPA038,2218921.052
2019,Itaituba,BRPA045,3568619.38
2019,Itaituba,BRPA046,1250348.353
2019,Itaituba,BRPA064,8452.335
2019,Itaituba,BRPA091,33330.459
2019,Itajaí,BRITJ,5347591.531
2019,Itajaí,BRSC001,17413.871
2019,Itajaí,BRSC008,7835699.022
2019,Itajaí,BRSC012,155787.807
2019,Itajaí,BRSC013,19592.25
2019,Itajaí,BRSC017,45357.312
2019,Itaqui,BRIQI,25171460.637
2019,Itaqui,BRMA001,14303943.467
2019,Itaqui,BRMA002,190112095.896
2019,Macapá,BRAP003,149418.0
2019,Macapá,BRMCP,1465395.098
2019,Maceió,BRAL001,514037.487
2019,Maceió,BRMCZ,1625006.637
2019,Manaus,BRAM001,380217.885
2019,Manaus,BRAM003,246579.576
2019,Manaus,BRAM004,858.7
2019,Manaus,BRAM006,6695174.072
2019,Manaus,BRAM007,200721.038
2019,Manaus,BRAM008,408328.0
2019,Manaus,BRAM011,4096807.747
2019,Manaus,BRAM012,909150.307
2019,Manaus,BRAM013,103402.538
2019,Manaus,BRAM014,9326185.841
2019,Manaus,BRAM015,14495.05
2019,Manaus,BRAM016,269874.998
2019,Manaus,BRAM017,469133.762
2019,Manaus,BRAM018,4141.09
2019,Manaus,BRAM021,749988.751
2019,Manaus,BRAM025,4062480.199
2019,Manaus,BRAM028,95884.28
2019,Manaus,BRAM029,87378.647
2019,Manaus,BRAM032,141534.982
2019,Manaus,BRAM034,368.026
2019,Manaus,BRAM081,31515.8
2019,Manaus,BRAM087,53737.338
2019,Natal,BRNAT,732542.48
2019,Natal,BRRN001,2686094.443
2019,Paranaguá - Antonina,BRANT,908376.982
2019,Paranaguá - Antonina,BRPNG,48458439.106
2019,Paranaguá - Antonina,BRPR002,3567561.805
2019,Pecém - Fortaleza,BRCE001,18080078.808
2019,Pecém - Fortaleza,BRFOR,4392403.34
2019,Porto Alegre,BRPOA,988926.279
2019,Porto Alegre,BRRS003,1445206.005
2019,Porto Alegre,BRRS006,713934.0
2019,Porto Alegre,BRRS008,271195.2
2019,Porto Alegre,BRRS009,10854577.669
2019,Porto Alegre,BRRS010,213630.664
2019,Porto Alegre,BRRS013,2749661.707
2019,Porto Alegre,BRRS014,5209.778
2019,Porto Alegre,BRRS015,628066.247
2019,Porto Alegre,BRRS016,39181.366
2019,Porto Alegre,BRRS022,302997.62
2019,Porto Alegre,BRRS028,197113.21
2019,Porto Velho,BRPVH,2477688.71
2019,Porto Velho,BRRO002,260313.497
2019,Porto Velho,BRRO005,145430.474
2019,Porto Velho,BRRO006,905160.086
2019,Porto Velho,BRRO007,477173.972
2019,Porto Velho,BRRO010,314468.43
2019,Porto Velho,BRRO013,2835485.419
2019,Porto Velho,BRRO014,1973489.364
2019,Porto Velho,BRRO016,48926.256
2019,Porto Velho,BRRO022,166636.975
2019,Porto Velho,BRRO025,355244.015
2019,Rio Grande,BRPET,933530.99
2019,Rio Grande,BRRIG,25801684.507
2019,Rio Grande,BRRS001,2549563.968
2019,Rio Grande,BRRS002,6969051.22
2019,Rio Grande,BRRS005,2414103.92
2019,Rio Grande,BRRS007,1920262.182
2019,Rio Grande,BRRS012,95423.89
2019,Rio de Janeiro -  Niterói,BRNTR,12552.924
2019,Rio de Janeiro -  Niterói,BRRIO,7476909.148
2019,Rio de Janeiro -  Niterói,BRRJ003,220424.562
2019,Rio de Janeiro -  Niterói,BRRJ008,93917.602
2019,Rio de Janeiro -  Niterói,BRRJ010,16177293.46
2019,Rio de Janeiro -  Niterói,BRRJ013,0.36
2019,Rio de Janeiro -  Niterói,BRRJ014,18721.954
2019,Rio de Janeiro -  Niterói,BRRJ015,84624.204
2019,Rio de Janeiro -  Niterói,BRRJ017,469111.8
2019,Rio de Janeiro -  Niterói,BRRJ019,127268.889
2019,Rio de Janeiro -  Niterói,BRRJ056,149861.84
2019,Rio de Janeiro -  Niterói,BRRJ057,199870.477
2019,Santarém,BRPA017,280237.0
2019,Santarém,BRPA028,58150.457
2019,Santarém,BRSTM,12622037.639
2019,Santos,BRSP001,11036745.648
2019,Santos,BRSP002,1183389.493
2019,Santos,BRSP004,2437253.162
2019,Santos,BRSP005,678386.182
2019,Santos,BRSP008,7944276.695
2019,Santos,BRSP009,225.0
2019,Santos,BRSSZ,106211152.62
2019,Sem complexo - Terminal Isolado,BRAC001,2206.76
2019,Sem complexo - Terminal Isolado,BRPR003,9677.395
2019,Sem complexo - Terminal Isolado,BRRN003,176807.4
2019,Sem complexo - Terminal Isolado,BRSP023,182902.107
2019,Suape - Recife,BRPE001,828.903
2019,Suape - Recife,BRREC,1412426.0
2019,Suape - Recife,BRSUA,23891460.302
2019,São Francisco do Sul,BRSC007,8577819.465
2019,São Francisco do Sul,BRSC011,8002613.819
2019,São Francisco do Sul,BRSFS,11194869.634
2019,São João da Barra,BRRJ020,23042251.0
2019,São João da Barra,BRRJ022,688526.592
2019,São João da Barra,BRRJ025,15703.56
2019,São João da Barra,BRRJ026,4365.42
2019,São João da Barra,BRRJ039,10631.342
2019,São João da Barra,BRRJ051,45.574
2019,São João da Barra,BRRJ053,250964.95
2019,São João da Barra,BRRJ067,19332198.764
2019,São Sebastião,BRSP006,43162678.282
2019,São Sebastião,BRSSO,740530.245
2019,São Simão,BRGO001,956092.62
2019,São Simão,BRGO009,190072.018
2019,Tomé Açu,BRPA033,33623.374
2019,Vila do Conde - Belém,BRBEL,2701131.868
2019,Vila do Conde - Belém,BRPA005,5483429.313
2019,Vila do Conde - Belém,BRPA006,1256662.32
2019,Vila do Conde - Belém,BRPA013,649733.063
2019,Vila do Conde - Belém,BRPA014,77291.973
2019,Vila do Conde - Belém,BRPA016,605050.0
2019,Vila do Conde - Belém,BRPA018,5238914.957
2019,Vila do Conde - Belém,BRPA043,8010224.197
2019,Vila do Conde - Belém,BRPA065,26939.874
2019,Vila do Conde - Belém,BRPA067,559626.964
2019,Vila do Conde - Belém,BRPA108,59799.583
2019,Vila do Conde - Belém,BRVDC,13787309.072
2019,Vitória,BRES001,76351560.232
2019,Vitória,BRES002,388427.0
2019,Vitória,BRES003,12389483.714
2019,Vitória,BRES004,7057254.233
2019,Vitória,BRES005,904.856
2019,Vitória,BRES007,572041.269
2019,Vitória,BRES020,267.618
2019,Vitória,BRVIX,6986920.862
2019,Vitória do Xingu,BRPA066,14244.841
2019,Óbidos,BRPA001,12176886.0
2019,Óbidos,BRPA019,6833852.0
2020,Almeirim,BRPA002,115102.31
2020,Almeirim,BRPA004,210885.865
2020,Angra dos Reis,BRADR,514.413
2020,Angra dos Reis,BRRJ009,60250095.491
2020,Aracajú,BRSE001,711438.009
2020,Aracajú,BRSE002,650172.82
2020,Aratu - Salvador,BRARB,6108056.565
2020,Aratu - Salvador,BRBA002,473092.545
2020,Aratu - Salvador,BRBA003,19773916.456
2020,Aratu - Salvador,BRBA006,525285.868
2020,Aratu - Salvador,BRBA007,4981978.494
2020,Aratu - Salvador,BRBA008,63766.646
2020,Aratu - Salvador,BRBA009,939633.464
2020,Aratu - Salvador,BRSSA,5173803.805
2020,Areia Branca,BRARE,3652929.0
2020,Areia Branca,BRRN004,837761.2
2020,Areia Branca,BRRN005,449498.1
2020,Areia Branca,BRRN006,125626.1
2020,Barra do Riacho,BRES006,8334028.225
2020,Barra do Riacho,BRES008,562192.283
2020,Barra do Riacho,BRES010,110158.533
2020,Barra do Riacho,BRES013,4296.055
2020,Cabedelo (Instalação Isolada),BRCDO,1126973.342
2020,Coari (Instalação Isolada),BRAM009,1214825.328
2020,Corumbá,BRMS001,370211.0
2020,Corumbá,BRMS002,1652104.0
2020,Corumbá,BRMS005,166433.287
2020,Ilhéus,BRBA004,1753450.77
2020,Ilhéus,BRBA005,1092766.0
2020,Ilhéus,BRIOS,322094.816
2020,Imbituba,BRIBB,5868240.709
2020,Itaguaí,BRIGI,46241793.611
2020,Itaguaí,BRRJ001,23743666.01
2020,Itaguaí,BRRJ016,8230091.666
2020,Itaguaí,BRRJ023,19320397.882
2020,Itaguaí,BRRJ054,283.0
2020,Itaituba,BRPA038,2396230.827
2020,Itaituba,BRPA045,5007339.656
2020,Itaituba,BRPA046,1919638.302
2020,Itaituba,BRPA064,139634.054
2020,Itaituba,BRPA091,80884.725
2020,Itaituba,BRPA153,119427.755
2020,Itaituba,BRPA214,142831.285
2020,Itajaí,BRITJ,5979919.39
2020,Itajaí,BRSC008,9232954.265
2020,Itajaí,BRSC012,62732.52
2020,Itajaí,BRSC013,13559.176
2020,Itajaí,BRSC017,46555.55
2020,Itaqui,BRIQI,25303708.186
2020,Itaqui,BRMA001,15268026.675
2020,Itaqui,BRMA002,191321793.0
2020,LDC Pederneiras (Instalação Isolada),BRSP011,966525.136
2020,Macapá,BRAP003,34096.0
2020,Macapá,BRMCP,1309982.095
2020,Maceió,BRAL001,340900.502
2020,Maceió,BRMCZ,1846571.813
2020,Manaus,BRAM001,476289.995
2020,Manaus,BRAM003,243386.197
2020,Manaus,BRAM004,2100.6
2020,Manaus,BRAM006,6661175.719
2020,Manaus,BRAM007,265337.048
2020,Manaus,BRAM008,442020.0
2020,Manaus,BRAM011,3973765.055
2020,Manaus,BRAM012,852940.547
2020,Manaus,BRAM013,85616.161
2020,Manaus,BRAM014,9329100.014
2020,Manaus,BRAM015,2144.0
2020,Manaus,BRAM016,292148.052
2020,Manaus,BRAM017,651597.468
2020,Manaus,BRAM018,347.914
2020,Manaus,BRAM021,743059.174
2020,Manaus,BRAM025,4440622.853
2020,Manaus,BRAM028,103469.55
2020,Manaus,BRAM029,126500.62
2020,Manaus,BRAM032,102266.95
2020,Manaus,BRAM034,322.098
2020,Manaus,BRAM081,30.109
2020,Manaus,BRAM087,140996.53
2020,Manaus,BRAM104,242592.231
2020,Natal,BRNAT,696894.718
2020,Natal,BRRN001,2357351.009
2020,Paranaguá - Antonina,BRANT,938000.069
2020,Paranaguá - Antonina,BRPNG,52087253.005
2020,Paranaguá - Antonina,BRPR002,4081004.503
2020,Pecém - Fortaleza,BRCE001,15894290.863
2020,Pecém - Fortaleza,BRFOR,4944786.357
2020,Porto Alegre,BRPOA,810892.927
2020,Porto Alegre,BRRS003,2244867.402
2020,Porto Alegre,BRRS006,559772.0
2020,Porto Alegre,BRRS008,277742.85
2020,Porto Alegre,BRRS009,11982961.819
2020,Porto Alegre,BRRS010,237789.021
2020,Porto Alegre,BRRS013,2599057.954
2020,Porto Alegre,BRRS015,255625.157
2020,Porto Alegre,BRRS016,39510.711
2020,Porto Alegre,BRRS022,315169.79
2020,Porto Alegre,BRRS028,59502.35
2020,Porto Velho,BRPVH,2097233.196
2020,Porto Velho,BRRO002,343241.555
2020,Porto Velho,BRRO005,191175.18
2020,Porto Velho,BRRO006,1056846.946
2020,Porto Velho,BRRO007,389350.199
2020,Porto Velho,BRRO009,466155.113
2020,Porto Velho,BRRO010,267699.087
2020,Porto Velho,BRRO013,3079523.841
2020,Porto Velho,BRRO014,2459569.08
2020,Porto Velho,BRRO022,119333.83
2020,Porto Velho,BRRO025,432759.356
2020,Rio Grande,BRPET,925348.363
2020,Rio Grande,BRRIG,24661138.401
2020,Rio Grande,BRRS001,2568314.431
2020,Rio Grande,BRRS002,5479724.188
2020,Rio Grande,BRRS005,1951103.128
2020,Rio Grande,BRRS007,1971675.001
2020,Rio Grande,BRRS012,77171.0
2020,Rio de Janeiro -  Niterói,BRNTR,42867.07
2020,Rio de Janeiro -  Niterói,BRRIO,8502698.228
2020,Rio de Janeiro -  Niterói,BRRJ003,262143.955
2020,Rio de Janeiro -  Niterói,BRRJ008,162902.002
2020,Rio de Janeiro -  Niterói,BRRJ010,18116245.267
2020,Rio de Janeiro -  Niterói,BRRJ014,785.622
2020,Rio de Janeiro -  Niterói,BRRJ015,87649.168
2020,Rio de Janeiro -  Niterói,BRRJ018,632403.968
2020,Rio de Janeiro -  Niterói,BRRJ019,159027.217
2020,Rio de Janeiro -  Niterói,BRRJ056,247582.34
2020,Rio de Janeiro -  Niterói,BRRJ057,204933.872
2020,Santarém,BRPA017,559851.0
2020,Santarém,BRSTM,14426999.699
2020,Santos,BRSP001,12834721.624
2020,Santos,BRSP002,834319.694
2020,Santos,BRSP004,2489003.695
2020,Santos,BRSP005,640910.0
2020,Santos,BRSP008,10524034.287
2020,Santos,BRSP009,163.0
2020,Santos,BRSSZ,114353735.111
2020,Sem complexo - Terminal Isolado,BRRN003,9672.0
2020,Sem complexo - Terminal Isolado,BRRR001,30441.647
2020,Sem complexo - Terminal Isolado,BRSP023,278488.607
2020,Suape - Recife,BRREC,1281354.0
2020,Suape - Recife,BRSUA,25698583.214
2020,São Francisco do Sul,BRSC007,9141428.272
2020,São Francisco do Sul,BRSC011,8026561.782
2020,São Francisco do Sul,BRSFS,11813144.655
2020,São João da Barra,BRRJ020,23849335.0
2020,São João da Barra,BRRJ022,671713.778
2020,São João da Barra,BRRJ025,113957.856
2020,São João da Barra,BRRJ026,3678.5
2020,São João da Barra,BRRJ039,8148.523
2020,São João da Barra,BRRJ053,66310.913
2020,São João da Barra,BRRJ067,29610240.363
2020,São Sebastião,BRSP006,52218514.243
2020,São Sebastião,BRSSO,798264.72
2020,São Simão,BRGO001,967569.4
2020,Vila do Conde - Belém,BRBEL,3058210.092
2020,Vila do Conde - Belém,BRPA005,5899843.659
2020,Vila do Conde - Belém,BRPA006,934126.928
2020,Vila do Conde - Belém,BRPA013,863773.096
2020,Vila do Conde - Belém,BRPA014,14467.296
2020,Vila do Conde - Belém,BRPA016,667194.0
2020,Vila do Conde - Belém,BRPA018,3542307.376
2020,Vila do Conde - Belém,BRPA043,10755527.372
2020,Vila do Conde - Belém,BRPA065,43576.353
2020,Vila do Conde - Belém,BRPA067,570956.271
2020,Vila do Conde - Belém,BRPA108,58844.001
2020,Vila do Conde - Belém,BRVDC,15330957.02
2020,Vitória,BRES001,56177116.98
2020,Vitória,BRES002,976225.837
2020,Vitória,BRES003,10074322.423
2020,Vitória,BRES004,5437278.475
2020,Vitória,BRES005,582.877
2020,Vitória,BRES007,448149.761
2020,Vitória,BRES020,178.5
2020,Vitória,BRVIX,6945828.434
2020,Vitória do Xingu,BRPA066,18137.679
2020,Óbidos,BRPA001,12449286.0
2020,Óbidos,BRPA019,7098264.0
2021,Almeirim,BRPA002,125979.31
2021,Almeirim,BRPA004,149267.05
2021,Almeirim,BRPA208,2114.0
2021,Angra dos Reis,BRADR,18922.283
2021,Angra dos Reis,BRRJ009,64085595.262
2021,Angra dos Reis,BRRJ012,167117.0
2021,Aracajú,BRSE001,1039833.752
2021,Aracajú,BRSE002,357753.888
2021,Aratu - Salvador,BRARB,7365247.745
2021,Aratu - Salvador,BRBA002,564005.104
2021,Aratu - Salvador,BRBA003,16625558.973
2021,Aratu - Salvador,BRBA006,297474.588
2021,Aratu - Salvador,BRBA007,4701977.898
2021,Aratu - Salvador,BRBA008,2069.14
2021,Aratu - Salvador,BRBA009,1564461.442
2021,Aratu - Salvador,BRBA012,427868.415
2021,Aratu - Salvador,BRSSA,5582340.21
2021,Areia Branca,BRARE,4053631.4
2021,Areia Branca,BRRN004,725826.7
2021,Areia Branca,BRRN005,505338.2
2021,Areia Branca,BRRN006,225070.1
2021,Barra do Riacho,BRES006,6915844.507
2021,Barra do Riacho,BRES008,497772.081
2021,Barra do Riacho,BRES010,308128.609
2021,Barra do Riacho,BRES013,8577.83
2021,Cabedelo (Instalação Isolada),BRCDO,1307328.95
2021,Coari (Instalação Isolada),BRAM009,1125044.452
2021,Corumbá,BRMS001,1004707.0
2021,Corumbá,BRMS002,1916968.0
2021,Corumbá,BRMS005,13918.795
2021,Forno,BRFNO,19300.0
2021,Ilhéus,BRBA004,155802.35
2021,Ilhéus,BRBA005,1078706.0
2021,Ilhéus,BRIOS,464591.071
2021,Imbituba,BRIBB,6871878.599
2021,Itaguaí,BRIGI,51723244.073
2021,Itaguaí,BRRJ001,26334411.862
2021,Itaguaí,BRRJ016,7521171.461
2021,Itaguaí,BRRJ023,17909212.09
2021,Itaguaí,BRRJ054,5061.87
2021,Itaituba,BRPA038,2303935.346
2021,Itaituba,BRPA045,3956536.014
2021,Itaituba,BRPA046,1215371.867
2021,Itaituba,BRPA064,92008.339
2021,Itaituba,BRPA091,95248.954
2021,Itaituba,BRPA153,119170.932
2021,Itaituba,BRPA214,219575.646
2021,Itaituba,BRPA230,10036.5
2021,Itaituba,BRPA248,720752.042
2021,Itajaí,BRITJ,5868611.936
2021,Itajaí,BRSC001,81228.959
2021,Itajaí,BRSC008,12382484.511
2021,Itajaí,BRSC012,146266.434
2021,Itajaí,BRSC013,14820.044
2021,Itajaí,BRSC017,59198.938
2021,Itaqui,BRIQI,31025618.939
2021,Itaqui,BRMA001,14562045.687
2021,Itaqui,BRMA002,182361834.98
2021,LDC Pederneiras (Instalação Isolada),BRSP011,526040.564
2021,Macapá,BRAP019,61887.687
2021,Macapá,BRMCP,2422778.706
2021,Maceió,BRAL001,602035.542
2021,Maceió,BRMCZ,2143653.607
2021,Manaus,BRAM001,518006.27
2021,Manaus,BRAM003,246981.722
2021,Manaus,BRAM004,2047.3
2021,Manaus,BRAM006,7287217.423
2021,Manaus,BRAM007,270958.629
2021,Manaus,BRAM008,549418.0
2021,Manaus,BRAM011,3643947.626
2021,Manaus,BRAM012,1022215.43
2021,Manaus,BRAM013,59400.0
2021,Manaus,BRAM014,9335471.781
2021,Manaus,BRAM016,362074.236
2021,Manaus,BRAM017,773340.333
2021,Manaus,BRAM018,2506.347
2021,Manaus,BRAM021,835355.108
2021,Manaus,BRAM025,4075227.501
2021,Manaus,BRAM028,140001.0
2021,Manaus,BRAM029,165357.76
2021,Manaus,BRAM032,89445.206
2021,Manaus,BRAM034,237.667
2021,Manaus,BRAM069,6.0
2021,Manaus,BRAM075,167828.658
2021,Manaus,BRAM081,37411.077
2021,Manaus,BRAM087,248432.098
2021,Manaus,BRAM104,193818.064
2021,Natal,BRNAT,614638.847
2021,Natal,BRRN001,2374501.276
2021,Paranaguá - Antonina,BRANT,1479581.419
2021,Paranaguá - Antonina,BRPNG,51606027.986
2021,Paranaguá - Antonina,BRPR002,4087953.308
2021,Pecém - Fortaleza,BRCE001,22400202.377
2021,Pecém - Fortaleza,BRFOR,4873978.792
2021,Porto Alegre,BRPOA,1101647.409
2021,Porto Alegre,BRRS003,2926832.505
2021,Porto Alegre,BRRS006,600738.0
2021,Porto Alegre,BRRS008,206575.03
2021,Porto Alegre,BRRS009,13643212.972
2021,Porto Alegre,BRRS010,187036.588
2021,Porto Alegre,BRRS013,3198925.532
2021,Porto Alegre,BRRS014,7659.619
2021,Porto Alegre,BRRS015,501705.149
2021,Porto Alegre,BRRS016,41594.055
2021,Porto Alegre,BRRS022,268510.115
2021,Porto Alegre,BRRS030,69003.683
2021,Porto Murtinho,BRMS011,218140.663
2021,Porto Velho,BRPVH,1819452.13
2021,Porto Velho,BRRO002,379178.061
2021,Porto Velho,BRRO003,45066.116
2021,Porto Velho,BRRO005,202878.475
2021,Porto Velho,BRRO006,764947.975
2021,Porto Velho,BRRO007,421923.07
2021,Porto Velho,BRRO009,595244.598
2021,Porto Velho,BRRO010,326708.261
2021,Porto Velho,BRRO011,7548.581
2021,Porto Velho,BRRO013,2850686.743
2021,Porto Velho,BRRO014,2104713.107
2021,Porto Velho,BRRO022,90183.125
2021,Porto Velho,BRRO025,326500.563
2021,Porto Velho,BRRO030,62345.99
2021,Rio Grande,BRPET,1128865.115
2021,Rio Grande,BRRIG,28191092.133
2021,Rio Grande,BRRS001,3035242.328
2021,Rio Grande,BRRS002,7093463.571
2021,Rio Grande,BRRS005,2639116.06
2021,Rio Grande,BRRS007,2805660.819
2021,Rio Grande,BRRS012,231269.0
2021,Rio de Janeiro -  Niterói,BRNTR,76419.699
2021,Rio de Janeiro -  Niterói,BRRIO,10540467.881
2021,Rio de Janeiro -  Niterói,BRRJ003,197585.575
2021,Rio de Janeiro -  Niterói,BRRJ008,175918.579
2021,Rio de Janeiro -  Niterói,BRRJ010,21838400.056
2021,Rio de Janeiro -  Niterói,BRRJ011,1258.996
2021,Rio de Janeiro -  Niterói,BRRJ014,522.089
2021,Rio de Janeiro -  Niterói,BRRJ015,120025.218
2021,Rio de Janeiro -  Niterói,BRRJ018,3735593.704
2021,Rio de Janeiro -  Niterói,BRRJ019,164056.412
2021,Rio de Janeiro -  Niterói,BRRJ056,168835.4
2021,Rio de Janeiro -  Niterói,BRRJ057,153036.946
2021,Santarém,BRPA017,531335.0
2021,Santarém,BRPA028,61828.107
2021,Santarém,BRPA237,78423.569
2021,Santarém,BRSTM,10542367.327
2021,Santos,BRSP001,11866281.721
2021,Santos,BRSP002,1581780.66
2021,Santos,BRSP004,2478764.883
2021,Santos,BRSP005,553762.0
2021,Santos,BRSP008,12257907.637
2021,Santos,BRSP009,99.68
2021,Santos,BRSSZ,113279536.973
2021,Sem complexo - Terminal Isolado,BRAM079,384131.041
2021,Sem complexo - Terminal Isolado,BRRN003,156868.4
2021,Sem complexo - Terminal Isolado,BRRR001,24513.48
2021,Sem complexo - Terminal Isolado,BRSP023,102704.503
2021,Suape - Recife,BRREC,1294604.381
2021,Suape - Recife,BRSUA,22079407.796
2021,São Francisco do Sul,BRSC007,9383202.96
2021,São Francisco do Sul,BRSC011,8693799.347
2021,São Francisco do Sul,BRSFS,13409220.585
2021,São João da Barra,BRRJ020,23142133.0
2021,São João da Barra,BRRJ022,1496004.385
2021,São João da Barra,BRRJ025,21599.912
2021,São João da Barra,BRRJ026,112.0
2021,São João da Barra,BRRJ039,3365.718
2021,São João da Barra,BRRJ051,128295.346
2021,São João da Barra,BRRJ067,32642562.12
2021,São João da Barra,BRRJ074,249553.612
2021,São João da Barra,BRRJ078,224.25
2021,São Sebastião,BRSP006,54469563.018
2021,São Sebastião,BRSSO,686412.683
2021,São Simão,BRGO001,530259.822
2021,São Simão,BRGO009,159504.408
2021,São Simão,BRGO010,102704.503
2021,Vila do Conde - Belém,BRBEL,3197587.873
2021,Vila do Conde - Belém,BRPA005,3570854.73
2021,Vila do Conde - Belém,BRPA006,784501.05
2021,Vila do Conde - Belém,BRPA013,951985.741
2021,Vila do Conde - Belém,BRPA014,7092.261
2021,Vila do Conde - Belém,BRPA016,840507.0
2021,Vila do Conde - Belém,BRPA018,5369391.789
2021,Vila do Conde - Belém,BRPA043,9136636.481
2021,Vila do Conde - Belém,BRPA061,490.881
2021,Vila do Conde - Belém,BRPA065,50822.875
2021,Vila do Conde - Belém,BRPA067,429357.951
2021,Vila do Conde - Belém,BRPA108,66145.471
2021,Vila do Conde - Belém,BRVDC,16419031.41
2021,Vitória,BRES001,64139914.611
2021,Vitória,BRES002,7742536.052
2021,Vitória,BRES003,12155100.583
2021,Vitória,BRES004,6692991.578
2021,Vitória,BRES005,4080.961
2021,Vitória,BRES007,510650.449
2021,Vitória,BRES020,287.83
2021,Vitória,BRES023,5.0
2021,Vitória,BRVIX,8214691.413
2021,Vitória do Xingu,BRPA066,3949.309
2021,Óbidos,BRPA001,12254079.0
2021,Óbidos,BRPA019,6782167.0
2022,Almeirim,BRPA002,96106.22
2022,Almeirim,BRPA004,75847.047
2022,Almeirim,BRPA208,23192.986
2022,Angra dos Reis,BRADR,28200.726
2022,Angra dos Reis,BRRJ009,59786965.153
2022,Aracajú,BRSE001,1076817.332
2022,Aracajú,BRSE002,199335.107
2022,Aratu - Salvador,BRARB,6993404.8
2022,Aratu - Salvador,BRBA002,523756.814
2022,Aratu - Salvador,BRBA003,19928674.713
2022,Aratu - Salvador,BRBA006,256884.604
2022,Aratu - Salvador,BRBA007,5801997.865
2022,Aratu - Salvador,BRBA009,882586.772
2022,Aratu - Salvador,BRBA012,766076.965
2022,Aratu - Salvador,BRSSA,4936568.137
2022,Areia Branca,BRARE,4354059.7
2022,Areia Branca,BRRN004,786694.1
2022,Areia Branca,BRRN005,595631.5
2022,Areia Branca,BRRN006,265094.0
2022,Barra do Riacho,BRES006,7289491.951
2022,Barra do Riacho,BRES008,389081.459
2022,Barra do Riacho,BRES010,184601.931
2022,Barra do Riacho,BRES013,4337.961
2022,Cabedelo (Instalação Isolada),BRCDO,1195397.585
2022,Coari (Instalação Isolada),BRAM009,1021592.191
2022,Corumbá,BRMS001,1380242.0
2022,Corumbá,BRMS002,2869206.0
2022,Ilhéus,BRBA005,1129496.0
2022,Ilhéus,BRIOS,403900.166
2022,Imbituba,BRIBB,7121456.837
2022,Itaguaí,BRIGI,50619463.358
2022,Itaguaí,BRRJ001,27659232.0
2022,Itaguaí,BRRJ016,7903254.1
2022,Itaguaí,BRRJ023,18526943.785
2022,Itaguaí,BRRJ054,529.41
2022,Itaituba,BRPA038,3029359.272
2022,Itaituba,BRPA045,5614219.603
2022,Itaituba,BRPA046,2005802.805
2022,Itaituba,BRPA064,5567.877
2022,Itaituba,BRPA091,137952.953
2022,Itaituba,BRPA153,127047.336
2022,Itaituba,BRPA214,248134.586
2022,Itaituba,BRPA230,125025.239
2022,Itaituba,BRPA246,41574.55
2022,Itaituba,BRPA248,2117609.785
2022,Itaituba,BRPA249,624345.028
2022,Itajaí,BRITJ,4048686.505
2022,Itajaí,BRSC001,83833.847
2022,Itajaí,BRSC008,12657881.48
2022,Itajaí,BRSC012,229498.191
2022,Itajaí,BRSC013,60124.165
2022,Itajaí,BRSC017,30609.341
2022,Itaqui,BRIQI,33569709.589
2022,Itaqui,BRMA001,15063597.757
2022,Itaqui,BRMA002,167995183.325
2022,LDC Pederneiras (Instalação Isolada),BRSP011,417624.507
2022,Macapá,BRAP019,107065.383
2022,Macapá,BRMCP,2445880.619
2022,Maceió,BRAL001,562112.089
2022,Maceió,BRMCZ,2350206.616
2022,Manaus,BRAM001,557100.308
2022,Manaus,BRAM003,243799.265
2022,Manaus,BRAM004,2519.1
2022,Manaus,BRAM006,6373849.58
2022,Manaus,BRAM007,270822.87
2022,Manaus,BRAM008,498027.0
2022,Manaus,BRAM011,3792122.72
2022,Manaus,BRAM012,1027440.378
2022,Manaus,BRAM013,73725.0
2022,Manaus,BRAM014,9998234.187
2022,Manaus,BRAM016,433138.077
2022,Manaus,BRAM017,678699.92
2022,Manaus,BRAM018,413.363
2022,Manaus,BRAM021,466168.163
2022,Manaus,BRAM025,4023866.806
2022,Manaus,BRAM028,97013.89
2022,Manaus,BRAM029,187708.441
2022,Manaus,BRAM032,92060.91
2022,Manaus,BRAM034,9435.2
2022,Manaus,BRAM069,69.0
2022,Manaus,BRAM075,96847.361
2022,Manaus,BRAM081,35926.907
2022,Manaus,BRAM087,107059.225
2022,Manaus,BRAM088,102178.188
2022,Manaus,BRAM104,39252.711
2022,Manaus,BRAM155,167187.198
2022,Natal,BRNAT,660284.96
2022,Natal,BRRN001,2154375.931
2022,Paranaguá - Antonina,BRANT,1298722.382
2022,Paranaguá - Antonina,BRPNG,52015003.78
2022,Paranaguá - Antonina,BRPR002,4841539.284
2022,Pecém - Fortaleza,BRCE001,16937369.076
2022,Pecém - Fortaleza,BRFOR,4254796.51
2022,Porto Alegre,BRPOA,785763.404
2022,Porto Alegre,BRRS003,1008225.333
2022,Porto Alegre,BRRS006,452230.0
2022,Porto Alegre,BRRS008,129331.57
2022,Porto Alegre,BRRS009,10987733.586
2022,Porto Alegre,BRRS010,210743.477
2022,Porto Alegre,BRRS013,3130912.015
2022,Porto Alegre,BRRS014,1556.205
2022,Porto Alegre,BRRS015,243254.74
2022,Porto Alegre,BRRS016,57315.832
2022,Porto Alegre,BRRS022,62170.291
2022,Porto Alegre,BRRS030,386277.864
2022,Porto Murtinho,BRMS011,331852.198
2022,Porto Velho,BRPVH,1624748.268
2022,Porto Velho,BRRO002,357769.335
2022,Porto Velho,BRRO003,81126.505
2022,Porto Velho,BRRO005,208333.554
2022,Porto Velho,BRRO006,979510.75
2022,Porto Velho,BRRO007,280231.134
2022,Porto Velho,BRRO009,460566.729
2022,Porto Velho,BRRO010,279907.477
2022,Porto Velho,BRRO011,20689.5
2022,Porto Velho,BRRO013,3194158.578
2022,Porto Velho,BRRO014,1777385.644
2022,Porto Velho,BRRO022,100268.853
2022,Porto Velho,BRRO025,263156.721
2022,Porto Velho,BRRO030,260653.473
2022,Rio Grande,BRPET,926816.487
2022,Rio Grande,BRRIG,24175428.217
2022,Rio Grande,BRRS001,2456225.451
2022,Rio Grande,BRRS002,6252209.093
2022,Rio Grande,BRRS005,1679323.251
2022,Rio Grande,BRRS007,1499317.616
2022,Rio Grande,BRRS012,163428.0
2022,Rio de Janeiro -  Niterói,BRNTR,66439.56
2022,Rio de Janeiro -  Niterói,BRRIO,11286266.442
2022,Rio de Janeiro -  Niterói,BRRJ003,162501.567
2022,Rio de Janeiro -  Niterói,BRRJ008,171020.345
2022,Rio de Janeiro -  Niterói,BRRJ010,17157549.955
2022,Rio de Janeiro -  Niterói,BRRJ014,1630.675
2022,Rio de Janeiro -  Niterói,BRRJ015,122278.027
2022,Rio de Janeiro -  Niterói,BRRJ018,546229.641
2022,Rio de Janeiro -  Niterói,BRRJ019,123366.835
2022,Rio de Janeiro -  Niterói,BRRJ027,176.0
2022,Rio de Janeiro -  Niterói,BRRJ056,31269.0
2022,Rio de Janeiro -  Niterói,BRRJ057,141402.109
2022,Rio de Janeiro -  Niterói,BRRJ080,23.027
2022,Santarém,BRPA017,477946.0
2022,Santarém,BRPA028,33580.025
2022,Santarém,BRPA237,184858.575
2022,Santarém,BRPA297,2764.669
2022,Santarém,BRSTM,13234914.382
2022,Santos,BRSP001,11936520.74
2022,Santos,BRSP002,1127761.244
2022,Santos,BRSP004,2606316.295
2022,Santos,BRSP005,529739.0
2022,Santos,BRSP008,13411035.286
2022,Santos,BRSP009,488.492
2022,Santos,BRSSZ,126216636.584
2022,Sem complexo - Terminal Isolado,BRAM079,467543.94
2022,Sem complexo - Terminal Isolado,BRRN003,97146.85
2022,Sem complexo - Terminal Isolado,BRRR001,21185.748
2022,Suape - Recife,BRREC,1173418.905
2022,Suape - Recife,BRSUA,24726349.888
2022,São Francisco do Sul,BRSC007,8665379.05
2022,São Francisco do Sul,BRSC011,9777548.17
2022,São Francisco do Sul,BRSFS,12650992.48
2022,São João da Barra,BRRJ020,21419893.0
2022,São João da Barra,BRRJ022,1562964.37
2022,São João da Barra,BRRJ025,40401.134
2022,São João da Barra,BRRJ026,11258.72
2022,São João da Barra,BRRJ039,20829.721
2022,São João da Barra,BRRJ051,225043.922
2022,São João da Barra,BRRJ053,10.0
2022,São João da Barra,BRRJ067,43361701.046
2022,São João da Barra,BRRJ074,128308.41
2022,São João da Barra,BRRJ078,1947.0
2022,São Sebastião,BRSP006,58896004.447
2022,São Sebastião,BRSSO,904805.118
2022,São Simão,BRGO001,417268.116
2022,São Simão,BRGO009,215873.081
2022,Tomé Açu,BRPA034,51842.55
2022,Vila do Conde - Belém,BRBEL,3072409.31
2022,Vila do Conde - Belém,BRPA005,4883814.939
2022,Vila do Conde - Belém,BRPA006,957746.15
2022,Vila do Conde - Belém,BRPA013,987463.473
2022,Vila do Conde - Belém,BRPA014,58905.38
2022,Vila do Conde - Belém,BRPA016,1912078.0
2022,Vila do Conde - Belém,BRPA018,7058205.204
2022,Vila do Conde - Belém,BRPA043,13241379.37
2022,Vila do Conde - Belém,BRPA061,621.309
2022,Vila do Conde - Belém,BRPA065,82869.157
2022,Vila do Conde - Belém,BRPA067,401644.884
2022,Vila do Conde - Belém,BRPA108,65434.658
2022,Vila do Conde - Belém,BRVDC,17893545.482
2022,Vitória,BRES001,67977082.199
2022,Vitória,BRES002,8334884.574
2022,Vitória,BRES003,11018665.996
2022,Vitória,BRES004,6815643.177
2022,Vitória,BRES005,7234.293
2022,Vitória,BRES007,443100.157
2022,Vitória,BRES020,318.5
2022,Vitória,BRVIX,7176264.035
2022,Vitória do Xingu,BRPA066,18048.083
2022,Óbidos,BRPA001,12991507.0
2022,Óbidos,BRPA019,5669819.0
2023,Almeirim,BRPA002,64259.949
2023,Almeirim,BRPA208,8842.739
2023,Angra dos Reis,BRADR,20715.788
2023,Angra dos Reis,BRRJ009,63666665.015
2023,Angra dos Reis,BRRJ012,785076.27
2023,Aracajú,BRSE001,1197357.876
2023,Aracajú,BRSE002,293189.155
2023,Aratu - Salvador,BRARB,6684832.319
2023,Aratu - Salvador,BRBA002,531666.291
2023,Aratu - Salvador,BRBA003,20937232.425
2023,Aratu - Salvador,BRBA006,413982.748
2023,Aratu - Salvador,BRBA007,5903014.605
2023,Aratu - Salvador,BRBA009,307606.103
2023,Aratu - Salvador,BRBA012,753100.969
2023,Aratu - Salvador,BRBA013,777.887
2023,Aratu - Salvador,BRSSA,4677083.722
2023,Areia Branca,BRARE,3815447.63
2023,Areia Branca,BRRN004,820848.2
2023,Areia Branca,BRRN005,524831.5
2023,Areia Branca,BRRN006,272424.1
2023,Barra do Riacho,BRES006,7642408.395
2023,Barra do Riacho,BRES008,438246.495
2023,Barra do Riacho,BRES010,87601.316
2023,Barra do Riacho,BRES013,8268.09
2023,Cabedelo (Instalação Isolada),BRCDO,1336996.431
2023,Coari (Instalação Isolada),BRAM009,971841.941
2023,Corumbá,BRMS001,2290326.0
2023,Corumbá,BRMS002,3159319.0
2023,Corumbá,BRMS022,840481.49
2023,Ilhéus,BRBA005,1128100.0
2023,Ilhéus,BRIOS,527675.059
2023,Imbituba,BRIBB,7696745.174
2023,Itaguaí,BRIGI,55778923.258
2023,Itaguaí,BRRJ001,29523094.0
2023,Itaguaí,BRRJ016,8476456.641
2023,Itaguaí,BRRJ023,27397709.019
2023,Itaguaí,BRRJ054,1941.961
2023,Itaituba,BRPA038,3274442.811
2023,Itaituba,BRPA045,5386139.235
2023,Itaituba,BRPA046,2575842.325
2023,Itaituba,BRPA064,1378.131
2023,Itaituba,BRPA091,141918.847
2023,Itaituba,BRPA153,113166.28
2023,Itaituba,BRPA214,294546.524
2023,Itaituba,BRPA230,250636.129
2023,Itaituba,BRPA246,14854.478
2023,Itaituba,BRPA248,3069885.704
2023,Itaituba,BRPA249,423643.118
2023,Itajaí,BRITJ,363962.469
2023,Itajaí,BRSC001,82092.047
2023,Itajaí,BRSC008,14235009.4
2023,Itajaí,BRSC012,122647.988
2023,Itajaí,BRSC013,9204.443
2023,Itajaí,BRSC017,9999.799
2023,Itaqui,BRIQI,36329964.848
2023,Itaqui,BRMA001,13359688.198
2023,Itaqui,BRMA002,166334877.546
2023,LDC Pederneiras (Instalação Isolada),BRSP011,976316.29
2023,Macapá,BRAP019,133825.954
2023,Macapá,BRMCP,3622739.173
2023,Maceió,BRAL001,684544.116
2023,Maceió,BRMCZ,2641263.806
2023,Manaus,BRAM001,564170.253
2023,Manaus,BRAM003,228406.305
2023,Manaus,BRAM004,1921.675
2023,Manaus,BRAM006,6466895.561
2023,Manaus,BRAM007,224075.847
2023,Manaus,BRAM008,487436.0
2023,Manaus,BRAM011,2351709.649
2023,Manaus,BRAM012,1043057.425
2023,Manaus,BRAM013,93885.017
2023,Manaus,BRAM014,11374881.487
2023,Manaus,BRAM016,499117.09
2023,Manaus,BRAM017,678943.492
2023,Manaus,BRAM018,10945.388
2023,Manaus,BRAM021,879658.807
2023,Manaus,BRAM025,2728780.439
2023,Manaus,BRAM028,108978.92
2023,Manaus,BRAM029,268210.332
2023,Manaus,BRAM032,47334.649
2023,Manaus,BRAM034,149.152
2023,Manaus,BRAM069,91210.0
2023,Manaus,BRAM075,126476.048
2023,Manaus,BRAM081,22248.668
2023,Manaus,BRAM087,248134.66
2023,Manaus,BRAM088,128881.712
2023,Manaus,BRAM091,2062940.572
2023,Manaus,BRAM104,102501.249
2023,Manaus,BRAM155,144119.34
2023,Natal,BRNAT,444781.69
2023,Natal,BRRN001,1942044.044
2023,Paranaguá - Antonina,BRANT,1355626.037
2023,Paranaguá - Antonina,BRPNG,58318875.022
2023,Paranaguá - Antonina,BRPR002,4916164.331
2023,Pecém - Fortaleza,BRCE001,17062050.912
2023,Pecém - Fortaleza,BRFOR,4425422.386
2023,Porto Alegre,BRPOA,799924.353
2023,Porto Alegre,BRRS003,960769.092
2023,Porto Alegre,BRRS006,699058.0
2023,Porto Alegre,BRRS008,115001.982
2023,Porto Alegre,BRRS009,10680168.711
2023,Porto Alegre,BRRS010,195055.918
2023,Porto Alegre,BRRS013,2812985.448
2023,Porto Alegre,BRRS014,13815.8
2023,Porto Alegre,BRRS015,389399.812
2023,Porto Alegre,BRRS016,90573.226
2023,Porto Alegre,BRRS022,5421.564
2023,Porto Alegre,BRRS030,495053.628
2023,Porto Murtinho,BRMS011,1628340.013
2023,Porto Velho,BRPVH,1713662.621
2023,Porto Velho,BRRO002,303216.65
2023,Porto Velho,BRRO003,76273.253
2023,Porto Velho,BRRO005,149657.887
2023,Porto Velho,BRRO006,1098940.91
2023,Porto Velho,BRRO007,240096.579
2023,Porto Velho,BRRO009,402128.529
2023,Porto Velho,BRRO010,210319.505
2023,Porto Velho,BRRO011,25129.038
2023,Porto Velho,BRRO013,3550837.477
2023,Porto Velho,BRRO014,1969267.889
2023,Porto Velho,BRRO022,129835.955
2023,Porto Velho,BRRO025,251055.223
2023,Porto Velho,BRRO030,177081.292
2023,Rio Grande,BRPET,1057094.454
2023,Rio Grande,BRRIG,25888359.783
2023,Rio Grande,BRRS001,2574487.153
2023,Rio Grande,BRRS002,8190488.138
2023,Rio Grande,BRRS005,2519755.995
2023,Rio Grande,BRRS007,2117890.196
2023,Rio Grande,BRRS012,198400.0
2023,Rio de Janeiro -  Niterói,BRNTR,41968.374
2023,Rio de Janeiro -  Niterói,BRRIO,11062330.969
2023,Rio de Janeiro -  Niterói,BRRJ003,242511.585
2023,Rio de Janeiro -  Niterói,BRRJ008,250626.511
2023,Rio de Janeiro -  Niterói,BRRJ010,16510745.375
2023,Rio de Janeiro -  Niterói,BRRJ014,644.025
2023,Rio de Janeiro -  Niterói,BRRJ015,96096.961
2023,Rio de Janeiro -  Niterói,BRRJ018,97493.889
2023,Rio de Janeiro -  Niterói,BRRJ019,161338.994
2023,Rio de Janeiro -  Niterói,BRRJ027,88.0
2023,Rio de Janeiro -  Niterói,BRRJ057,101954.64
2023,Rio de Janeiro -  Niterói,BRRJ066,88.0
2023,Rio de Janeiro -  Niterói,BRRJ080,449.213
2023,Santarém,BRPA017,445081.0
2023,Santarém,BRPA028,32898.406
2023,Santarém,BRPA237,224303.159
2023,Santarém,BRPA297,29511.215
2023,Santarém,BRSTM,15944968.196
2023,Santos,BRSP001,13239016.472
2023,Santos,BRSP002,1021046.391
2023,Santos,BRSP004,3740316.905
2023,Santos,BRSP005,259673.0
2023,Santos,BRSP008,13496070.69
2023,Santos,BRSP009,19473.821
2023,Santos,BRSSZ,135901716.77
2023,Sem complexo - Terminal Isolado,BRAM079,417694.55
2023,Sem complexo - Terminal Isolado,BRRR001,16179.634
2023,Suape - Recife,BRPE001,327.0
2023,Suape - Recife,BRREC,1427017.837
2023,Suape - Recife,BRSUA,24015152.102
2023,São Francisco do Sul,BRSC007,10656628.658
2023,São Francisco do Sul,BRSC011,11726200.546
2023,São Francisco do Sul,BRSFS,16833774.606
2023,São João da Barra,BRRJ020,24043285.0
2023,São João da Barra,BRRJ022,2208694.643
2023,São João da Barra,BRRJ025,43536.355
2023,São João da Barra,BRRJ026,10354.88
2023,São João da Barra,BRRJ039,20170.641
2023,São João da Barra,BRRJ051,275307.257
2023,São João da Barra,BRRJ053,364712.55
2023,São João da Barra,BRRJ067,57378295.889
2023,São João da Barra,BRRJ074,18500.31
2023,São João da Barra,BRRJ078,2755.494
2023,São Sebastião,BRSP006,57520758.641
2023,São Sebastião,BRSSO,1004876.59
2023,São Simão,BRGO001,976669.964
2023,São Simão,BRGO009,130314.452
2023,Tomé Açu,BRPA033,52638.48
2023,Vila do Conde - Belém,BRBEL,3724970.959
2023,Vila do Conde - Belém,BRPA005,5230523.611
2023,Vila do Conde - Belém,BRPA006,604599.12
2023,Vila do Conde - Belém,BRPA013,1029344.666
2023,Vila do Conde - Belém,BRPA014,57015.77
2023,Vila do Conde - Belém,BRPA016,430363.0
2023,Vila do Conde - Belém,BRPA018,8460349.755
2023,Vila do Conde - Belém,BRPA043,12491046.772
2023,Vila do Conde - Belém,BRPA061,998.337
2023,Vila do Conde - Belém,BRPA065,63699.693
2023,Vila do Conde - Belém,BRPA067,503841.587
2023,Vila do Conde - Belém,BRPA108,46506.242
2023,Vila do Conde - Belém,BRVDC,16788471.93
2023,Vitória,BRES001,75996732.232
2023,Vitória,BRES002,9310956.367
2023,Vitória,BRES003,10452273.841
2023,Vitória,BRES004,7405437.706
2023,Vitória,BRES005,18621.828
2023,Vitória,BRES007,509257.68
2023,Vitória,BRVIX,6978921.185
2023,Vitória do Xingu,BRPA066,23903.3
2023,Óbidos,BRPA001,12606492.001
2023,Óbidos,BRPA019,5689731.0
2024,Almeirim,BRPA002,59990.115
2024,Almeirim,BRPA208,736.943
2024,Angra dos Reis,BRADR,66750.577
2024,Angra dos Reis,BRRJ009,62721203.24
2024,Angra dos Reis,BRRJ012,2671110.64
2024,Aracajú,BRSE001,869603.36
2024,Aracajú,BRSE002,542355.001
2024,Aratu - Salvador,BRARB,6561102.314
2024,Aratu - Salvador,BRBA002,523467.195
2024,Aratu - Salvador,BRBA003,20806845.75
2024,Aratu - Salvador,BRBA006,260719.147
2024,Aratu - Salvador,BRBA007,5354182.391
2024,Aratu - Salvador,BRBA009,871860.11
2024,Aratu - Salvador,BRBA012,528496.581
2024,Aratu - Salvador,BRBA013,868.2
2024,Aratu - Salvador,BRSSA,6603213.209
2024,Areia Branca,BRARE,3372478.09
2024,Areia Branca,BRRN004,670339.3
2024,Areia Branca,BRRN005,309854.5
2024,Areia Branca,BRRN006,265483.9
2024,Barra do Riacho,BRES006,7445769.376
2024,Barra do Riacho,BRES008,369429.633
2024,Barra do Riacho,BRES010,100697.554
2024,Barra do Riacho,BRES013,7346.31
2024,Cabedelo (Instalação Isolada),BRCDO,1384791.616
2024,Coari (Instalação Isolada),BRAM009,825886.431
2024,Corumbá,BRMS001,351457.693
2024,Corumbá,BRMS002,2381082.692
2024,Corumbá,BRMS022,450740.185
2024,Ilhéus,BRBA005,1083298.0
2024,Ilhéus,BRIOS,232284.736
2024,Imbituba,BRIBB,8316804.889
2024,Itaguaí,BRIGI,60678240.617
2024,Itaguaí,BRRJ001,32133788.0
2024,Itaguaí,BRRJ016,7376607.571
2024,Itaguaí,BRRJ023,24719163.79
2024,Itaguaí,BRRJ054,2120.0
2024,Itaituba,BRPA038,3151414.709
2024,Itaituba,BRPA045,4552581.499
2024,Itaituba,BRPA046,1885467.733
2024,Itaituba,BRPA064,985.703
2024,Itaituba,BRPA091,59949.539
2024,Itaituba,BRPA153,90142.142
2024,Itaituba,BRPA214,230998.39
2024,Itaituba,BRPA230,395492.847
2024,Itaituba,BRPA248,3027343.925
2024,Itaituba,BRPA249,306857.41
2024,Itajaí,BRITJ,1146864.985
2024,Itajaí,BRSC001,110684.714
2024,Itajaí,BRSC008,12731410.256
2024,Itajaí,BRSC012,172331.902
2024,Itajaí,BRSC013,22209.649
2024,Itajaí,BRSC017,6007.145
2024,Itaqui,BRIQI,33884493.872
2024,Itaqui,BRMA001,14274234.869
2024,Itaqui,BRMA002,175777452.998
2024,LDC Pederneiras (Instalação Isolada),BRSP011,971487.396
2024,Macapá,BRAP003,2400.0
2024,Macapá,BRAP019,154955.383
2024,Macapá,BRMCP,3158023.587
2024,Maceió,BRAL001,579845.579
2024,Maceió,BRMCZ,2672144.143
2024,Manaus,BRAM001,592830.063
2024,Manaus,BRAM003,170333.854
2024,Manaus,BRAM004,1698.205
2024,Manaus,BRAM006,6815441.431
2024,Manaus,BRAM007,189950.22
2024,Manaus,BRAM008,568949.0
2024,Manaus,BRAM011,1500726.438
2024,Manaus,BRAM012,1843990.115
2024,Manaus,BRAM013,64273.758
2024,Manaus,BRAM014,9380957.753
2024,Manaus,BRAM016,516680.683
2024,Manaus,BRAM017,698280.422
2024,Manaus,BRAM018,1110.98
2024,Manaus,BRAM021,1158678.16
2024,Manaus,BRAM025,3082839.695
2024,Manaus,BRAM028,97955.61
2024,Manaus,BRAM029,221235.694
2024,Manaus,BRAM032,11701.456
2024,Manaus,BRAM034,87.423
2024,Manaus,BRAM069,87700.0
2024,Manaus,BRAM075,59298.419
2024,Manaus,BRAM081,29051.759
2024,Manaus,BRAM087,227293.539
2024,Manaus,BRAM088,124115.318
2024,Manaus,BRAM091,3826924.428
2024,Manaus,BRAM104,43558.032
2024,Manaus,BRAM155,125743.882
2024,Natal,BRNAT,408729.251
2024,Natal,BRRN001,1647429.37
2024,Paranaguá - Antonina,BRANT,1993586.388
2024,Paranaguá - Antonina,BRPNG,59280248.774
2024,Paranaguá - Antonina,BRPR002,4408936.099
2024,Pecém - Fortaleza,BRCE001,19042334.075
2024,Pecém - Fortaleza,BRFOR,4829300.517
2024,Porto Alegre,BRPOA,727045.909
2024,Porto Alegre,BRRS003,743058.271
2024,Porto Alegre,BRRS006,552144.0
2024,Porto Alegre,BRRS008,73641.23
2024,Porto Alegre,BRRS009,11681639.413
2024,Porto Alegre,BRRS010,73338.528
2024,Porto Alegre,BRRS013,3026238.358
2024,Porto Alegre,BRRS014,2951.556
2024,Porto Alegre,BRRS015,206928.193
2024,Porto Alegre,BRRS016,46525.47
2024,Porto Alegre,BRRS022,138475.097
2024,Porto Alegre,BRRS030,369590.53
2024,Porto Murtinho,BRMS011,131973.546
2024,Porto Velho,BRPVH,2017814.696
2024,Porto Velho,BRRO002,216805.048
2024,Porto Velho,BRRO003,65932.614
2024,Porto Velho,BRRO005,123139.984
2024,Porto Velho,BRRO006,933203.085
2024,Porto Velho,BRRO007,154656.132
2024,Porto Velho,BRRO009,374056.664
2024,Porto Velho,BRRO010,210745.348
2024,Porto Velho,BRRO011,21038.211
2024,Porto Velho,BRRO013,2591406.451
2024,Porto Velho,BRRO014,1842170.561
2024,Porto Velho,BRRO022,140987.14
2024,Porto Velho,BRRO025,247706.685
2024,Porto Velho,BRRO030,162206.97
2024,Rio Grande,BRPET,873219.894
2024,Rio Grande,BRRIG,29318642.284
2024,Rio Grande,BRRS001,2466652.496
2024,Rio Grande,BRRS002,8078552.166
2024,Rio Grande,BRRS005,571374.761
2024,Rio Grande,BRRS007,1883770.199
2024,Rio Grande,BRRS012,145267.0
2024,Rio de Janeiro -  Niterói,BRNTR,30463.467
2024,Rio de Janeiro -  Niterói,BRRIO,15585734.232
2024,Rio de Janeiro -  Niterói,BRRJ003,256949.002
2024,Rio de Janeiro -  Niterói,BRRJ008,209542.779
2024,Rio de Janeiro -  Niterói,BRRJ010,15786396.825
2024,Rio de Janeiro -  Niterói,BRRJ014,930.234
2024,Rio de Janeiro -  Niterói,BRRJ015,112317.03
2024,Rio de Janeiro -  Niterói,BRRJ018,143217.355
2024,Rio de Janeiro -  Niterói,BRRJ019,164602.962
2024,Rio de Janeiro -  Niterói,BRRJ057,131783.769
2024,Rio de Janeiro -  Niterói,BRRJ066,372.839
2024,Rio de Janeiro -  Niterói,BRRJ080,31.948
2024,Santarém,BRPA017,503632.0
2024,Santarém,BRPA028,6570.437
2024,Santarém,BRPA237,369747.348
2024,Santarém,BRPA297,46234.411
2024,Santarém,BRSTM,16378266.958
2024,Santos,BRSP001,13475035.944
2024,Santos,BRSP002,972210.637
2024,Santos,BRSP004,3254682.75
2024,Santos,BRSP005,410982.307
2024,Santos,BRSP008,15389458.04
2024,Santos,BRSP009,44631.276
2024,Santos,BRSSZ,138692349.289
2024,Sem complexo - Terminal Isolado,BRAM039,26303.457
2024,Sem complexo - Terminal Isolado,BRAM079,438599.791
2024,Sem complexo - Terminal Isolado,BRRN003,110870.7
2024,Suape - Recife,BRREC,1706846.658
2024,Suape - Recife,BRSUA,24792232.189
2024,São Francisco do Sul,BRSC007,9603120.244
2024,São Francisco do Sul,BRSC011,13606084.812
2024,São Francisco do Sul,BRSFS,16960975.172
2024,São João da Barra,BRRJ020,25014985.0
2024,São João da Barra,BRRJ022,1818553.834
2024,São João da Barra,BRRJ025,32656.738
2024,São João da Barra,BRRJ026,6935.817
2024,São João da Barra,BRRJ039,26051.61
2024,São João da Barra,BRRJ051,335146.091
2024,São João da Barra,BRRJ053,666293.01
2024,São João da Barra,BRRJ067,50237443.679
2024,São João da Barra,BRRJ074,306254.975
2024,São João da Barra,BRRJ078,1811.684
2024,São Sebastião,BRSP006,53307534.734
2024,São Sebastião,BRSSO,1530153.001
2024,São Simão,BRGO001,967956.032
2024,Tomé Açu,BRPA033,23965.21
2024,Vila do Conde - Belém,BRBEL,3887035.968
2024,Vila do Conde - Belém,BRPA005,5890082.926
2024,Vila do Conde - Belém,BRPA006,738597.07
2024,Vila do Conde - Belém,BRPA013,1138906.616
2024,Vila do Conde - Belém,BRPA014,60809.745
2024,Vila do Conde - Belém,BRPA016,507889.0
2024,Vila do Conde - Belém,BRPA018,7827146.169
2024,Vila do Conde - Belém,BRPA043,11518133.245
2024,Vila do Conde - Belém,BRPA061,177.802
2024,Vila do Conde - Belém,BRPA065,79394.074
2024,Vila do Conde - Belém,BRPA067,8065.268
2024,Vila do Conde - Belém,BRPA108,41931.592
2024,Vila do Conde - Belém,BRPA324,130558.016
2024,Vila do Conde - Belém,BRVDC,20162500.01
2024,Vitória,BRES001,77421174.588
2024,Vitória,BRES002,9830558.926
2024,Vitória,BRES003,10381990.896
2024,Vitória,BRES004,7134260.681
2024,Vitória,BRES005,48677.833
2024,Vitória,BRES007,527655.516
2024,Vitória,BRVIX,8262774.358
2024,Vitória do Xingu,BRPA066,26705.736
2024,Óbidos,BRPA001,13051333.0
2024,Óbidos,BRPA019,6638946.0
2024,Óbidos,BRPA209,83953.861
2025,Almeirim,BRPA002,51652.738
2025,Almeirim,BRPA208,4522.943
2025,Angra dos Reis,BRADR,288662.48
2025,Angra dos Reis,BRRJ009,70423240.277
2025,Angra dos Reis,BRRJ012,1661061.8
2025,Aracajú,BRSE001,886187.944
2025,Aracajú,BRSE002,607098.325
2025,Aratu - Salvador,BRARB,5819866.841
2025,Aratu - Salvador,BRBA002,455627.371
2025,Aratu - Salvador,BRBA003,20159705.187
2025,Aratu - Salvador,BRBA006,807688.118
2025,Aratu - Salvador,BRBA007,6844574.244
2025,Aratu - Salvador,BRBA009,175543.078
2025,Aratu - Salvador,BRBA012,761065.518
2025,Aratu - Salvador,BRBA013,846.951
2025,Aratu - Salvador,BRSSA,6260288.829
2025,Areia Branca,BRARE,3384600.138
2025,Areia Branca,BRRN004,584006.4
2025,Areia Branca,BRRN005,407988.3
2025,Areia Branca,BRRN006,238343.7
2025,Barra do Riacho,BRES006,7787241.326
2025,Barra do Riacho,BRES008,339665.288
2025,Barra do Riacho,BRES010,92259.934
2025,Cabedelo (Instalação Isolada),BRCDO,1185077.748
2025,Coari (Instalação Isolada),BRAM009,844971.354
2025,Corumbá,BRMS001,1314413.491
2025,Corumbá,BRMS002,5597393.256
2025,Corumbá,BRMS022,2164276.064
2025,Ilhéus,BRBA005,1097878.0
2025,Ilhéus,BRIOS,215722.262
2025,Imbituba,BRIBB,7070444.501
2025,Itaguaí,BRIGI,62899609.347
2025,Itaguaí,BRRJ001,31460694.996
2025,Itaguaí,BRRJ016,6992357.668
2025,Itaguaí,BRRJ023,30594397.753
2025,Itaguaí,BRRJ054,2501.0
2025,Itaituba,BRPA038,3872559.414
2025,Itaituba,BRPA045,5847076.646
2025,Itaituba,BRPA046,2709630.275
2025,Itaituba,BRPA064,5811.233
2025,Itaituba,BRPA091,185649.621
2025,Itaituba,BRPA153,134848.791
2025,Itaituba,BRPA214,229158.667
2025,Itaituba,BRPA230,712947.904
2025,Itaituba,BRPA248,3069238.01
2025,Itaituba,BRPA249,388687.115
2025,Itajaí,BRITJ,4350051.938
2025,Itajaí,BRSC001,77947.521
2025,Itajaí,BRSC008,10494394.704
2025,Itajaí,BRSC012,196037.24
2025,Itajaí,BRSC013,65522.489
2025,Itajaí,BRSC017,4999.782
2025,Itaqui,BRIQI,36771879.977
2025,Itaqui,BRMA001,14545152.722
2025,Itaqui,BRMA002,172389190.0
2025,LDC Pederneiras (Instalação Isolada),BRSP011,1143889.32
2025,Macapá,BRAP019,253730.732
2025,Macapá,BRMCP,3585591.179
2025,Maceió,BRAL001,341399.132
2025,Maceió,BRMCZ,2510841.259
2025,Manaus,BRAM001,545803.729
2025,Manaus,BRAM003,275077.224
2025,Manaus,BRAM004,83.6
2025,Manaus,BRAM006,8394340.612
2025,Manaus,BRAM007,131274.669
2025,Manaus,BRAM008,429884.053
2025,Manaus,BRAM011,1751906.5
2025,Manaus,BRAM012,2422732.64
2025,Manaus,BRAM013,81323.389
2025,Manaus,BRAM014,12185490.839
2025,Manaus,BRAM016,568421.91
2025,Manaus,BRAM017,579376.612
2025,Manaus,BRAM021,1611631.224
2025,Manaus,BRAM025,3395647.446
2025,Manaus,BRAM028,80995.6
2025,Manaus,BRAM029,284691.932
2025,Manaus,BRAM034,108.416
2025,Manaus,BRAM069,43000.0
2025,Manaus,BRAM075,26393.924
2025,Manaus,BRAM081,18642.833
2025,Manaus,BRAM087,363075.44
2025,Manaus,BRAM088,237961.48
2025,Manaus,BRAM091,5737584.26
2025,Manaus,BRAM104,3564.338
2025,Manaus,BRAM155,185840.182
2025,Natal,BRNAT,494963.458
2025,Natal,BRRN001,1607367.176
2025,Paranaguá - Antonina,BRANT,1338273.825
2025,Paranaguá - Antonina,BRPNG,65235546.439
2025,Paranaguá - Antonina,BRPR002,4398584.618
2025,Pecém - Fortaleza,BRCE001,20515855.911
2025,Pecém - Fortaleza,BRFOR,4832763.882
2025,Porto Alegre,BRPOA,320802.586
2025,Porto Alegre,BRRS003,868350.361
2025,Porto Alegre,BRRS006,583637.0
2025,Porto Alegre,BRRS008,128931.11
2025,Porto Alegre,BRRS009,10706477.801
2025,Porto Alegre,BRRS010,209912.169
2025,Porto Alegre,BRRS013,2789620.87
2025,Porto Alegre,BRRS014,20463.545
2025,Porto Alegre,BRRS015,302346.407
2025,Porto Alegre,BRRS016,39930.228
2025,Porto Alegre,BRRS022,186329.657
2025,Porto Alegre,BRRS030,440429.051
2025,Porto Murtinho,BRMS011,373996.713
2025,Porto Velho,BRPVH,2012909.31
2025,Porto Velho,BRRO002,227753.763
2025,Porto Velho,BRRO003,70695.562
2025,Porto Velho,BRRO005,65790.92
2025,Porto Velho,BRRO006,324929.025
2025,Porto Velho,BRRO007,194992.977
2025,Porto Velho,BRRO009,396823.705
2025,Porto Velho,BRRO010,238207.005
2025,Porto Velho,BRRO011,24164.063
2025,Porto Velho,BRRO013,3732603.725
2025,Porto Velho,BRRO014,1699366.22
2025,Porto Velho,BRRO022,117931.086
2025,Porto Velho,BRRO025,255534.715
2025,Porto Velho,BRRO030,157399.801
2025,Rio Grande,BRPET,1076417.546
2025,Rio Grande,BRRIG,31634709.184
2025,Rio Grande,BRRS001,2725352.776
2025,Rio Grande,BRRS002,6701351.974
2025,Rio Grande,BRRS007,2495069.773
2025,Rio Grande,BRRS012,117940.0
2025,Rio de Janeiro -  Niterói,BRNTR,168573.104
2025,Rio de Janeiro -  Niterói,BRRIO,16905773.252
2025,Rio de Janeiro -  Niterói,BRRJ003,207340.459
2025,Rio de Janeiro -  Niterói,BRRJ008,451894.198
2025,Rio de Janeiro -  Niterói,BRRJ010,15904664.722
2025,Rio de Janeiro -  Niterói,BRRJ014,1187.505
2025,Rio de Janeiro -  Niterói,BRRJ015,136137.597
2025,Rio de Janeiro -  Niterói,BRRJ018,168782.245
2025,Rio de Janeiro -  Niterói,BRRJ019,123290.602
2025,Rio de Janeiro -  Niterói,BRRJ055,1306.035
2025,Rio de Janeiro -  Niterói,BRRJ057,128435.687
2025,Rio de Janeiro -  Niterói,BRRJ066,1063.904
2025,Rio de Janeiro -  Niterói,BRRJ080,65.28
2025,Santarém,BRPA017,437504.363
2025,Santarém,BRPA028,16031.315
2025,Santarém,BRPA237,253886.844
2025,Santarém,BRPA297,604274.429
2025,Santarém,BRSTM,18547009.518
2025,Santos,BRSP001,14260228.931
2025,Santos,BRSP002,782387.119
2025,Santos,BRSP004,3838092.875
2025,Santos,BRSP005,463916.54
2025,Santos,BRSP008,16468988.95
2025,Santos,BRSP009,62374.57
2025,Santos,BRSSZ,142819073.038
2025,Sem complexo - Terminal Isolado,BRAM039,6853.1
2025,Sem complexo - Terminal Isolado,BRAM079,317540.995
2025,Sem complexo - Terminal Isolado,BRRN003,238725.3
2025,Sem complexo - Terminal Isolado,BRRS025,234.41
2025,Suape - Recife,BRREC,1570686.136
2025,Suape - Recife,BRSUA,24253346.145
2025,São Francisco do Sul,BRSC007,10261272.628
2025,São Francisco do Sul,BRSC011,16158506.839
2025,São Francisco do Sul,BRSFS,17540880.902
2025,São João da Barra,BRRJ020,24248712.0
2025,São João da Barra,BRRJ022,2089057.389
2025,São João da Barra,BRRJ025,44115.68
2025,São João da Barra,BRRJ026,7054.379
2025,São João da Barra,BRRJ039,21507.266
2025,São João da Barra,BRRJ051,433428.059
2025,São João da Barra,BRRJ053,734090.82
2025,São João da Barra,BRRJ067,60439366.942
2025,São João da Barra,BRRJ074,811714.017
2025,São João da Barra,BRRJ078,2134.209
2025,São Sebastião,BRSP006,54053614.927
2025,São Sebastião,BRSSO,1463174.77
2025,São Simão,BRGO001,1142487.526
2025,Tomé Açu,BRPA033,8057.28
2025,Vila do Conde - Belém,BRBEL,2828938.812
2025,Vila do Conde - Belém,BRPA005,2388580.769
2025,Vila do Conde - Belém,BRPA006,464727.31
2025,Vila do Conde - Belém,BRPA013,960144.213
2025,Vila do Conde - Belém,BRPA014,6063.711
2025,Vila do Conde - Belém,BRPA016,381732.358
2025,Vila do Conde - Belém,BRPA018,9787071.66
2025,Vila do Conde - Belém,BRPA043,13158516.953
2025,Vila do Conde - Belém,BRPA061,52472.431
2025,Vila do Conde - Belém,BRPA065,39794.542
2025,Vila do Conde - Belém,BRPA108,32527.37
2025,Vila do Conde - Belém,BRPA324,564085.659
2025,Vila do Conde - Belém,BRVDC,21313048.505
2025,Vitória,BRES001,87407354.811
2025,Vitória,BRES002,16517578.853
2025,Vitória,BRES003,10162969.733
2025,Vitória,BRES004,7237618.1
2025,Vitória,BRES005,38162.743
2025,Vitória,BRES007,492456.253
2025,Vitória,BRVIX,7421691.171
2025,Vitória do Xingu,BRPA066,50844.266
2025,Óbidos,BRPA001,12684231.0
2025,Óbidos,BRPA019,7663475.0
2025,Óbidos,BRPA209,91812.101
2026,Almeirim,BRPA208,3157.098
2026,Angra dos Reis,BRADR,33735.131
2026,Angra dos Reis,BRRJ009,11004825.058
2026,Aracajú,BRSE001,152558.125
2026,Aracajú,BRSE002,99195.902
2026,Aratu - Salvador,BRARB,1021217.019
2026,Aratu - Salvador,BRBA002,68935.491
2026,Aratu - Salvador,BRBA003,3500557.208
2026,Aratu - Salvador,BRBA006,121494.799
2026,Aratu - Salvador,BRBA007,688944.252
2026,Aratu - Salvador,BRBA009,29682.425
2026,Aratu - Salvador,BRBA012,75630.931
2026,Aratu - Salvador,BRSSA,873541.024
2026,Areia Branca,BRARE,673882.8
2026,Areia Branca,BRRN004,133937.7
2026,Areia Branca,BRRN005,114446.8
2026,Areia Branca,BRRN006,48046.8
2026,Barra do Riacho,BRES006,1095455.987
2026,Barra do Riacho,BRES008,53532.904
2026,Barra do Riacho,BRES010,26466.298
2026,Cabedelo (Instalação Isolada),BRCDO,235380.215
2026,Coari (Instalação Isolada),BRAM009,143088.201
2026,Corumbá,BRMS001,140433.289
2026,Corumbá,BRMS002,941036.067
2026,Corumbá,BRMS022,322347.349
2026,Ilhéus,BRBA005,166266.0
2026,Ilhéus,BRIOS,49182.91
2026,Imbituba,BRIBB,1321070.931
2026,Itaguaí,BRIGI,7998173.563
2026,Itaguaí,BRRJ001,4353195.0
2026,Itaguaí,BRRJ016,914158.552
2026,Itaguaí,BRRJ023,3609294.395
2026,Itaguaí,BRRJ054,350.0
2026,Itaituba,BRPA038,398205.144
2026,Itaituba,BRPA045,527543.375
2026,Itaituba,BRPA046,316778.975
2026,Itaituba,BRPA064,1306.622
2026,Itaituba,BRPA091,24788.365
2026,Itaituba,BRPA153,20336.77
2026,Itaituba,BRPA214,64391.191
2026,Itaituba,BRPA230,150076.024
2026,Itaituba,BRPA248,506045.86
2026,Itaituba,BRPA249,64068.699
2026,Itajaí,BRITJ,776662.507
2026,Itajaí,BRSC008,1820658.716
2026,Itajaí,BRSC012,32303.895
2026,Itajaí,BRSC013,11673.539
2026,Itaqui,BRIQI,4203479.336
2026,Itaqui,BRMA001,2545131.597
2026,Itaqui,BRMA002,21404080.0
2026,LDC Pederneiras (Instalação Isolada),BRSP011,4337.852
2026,Macapá,BRAP019,59564.21
2026,Macapá,BRMCP,402589.593
2026,Maceió,BRAL001,31742.72
2026,Maceió,BRMCZ,380691.338
2026,Manaus,BRAM001,78349.54
2026,Manaus,BRAM003,51940.232
2026,Manaus,BRAM006,1480176.372
2026,Manaus,BRAM007,19510.9
2026,Manaus,BRAM008,60480.265
2026,Manaus,BRAM011,327461.479
2026,Manaus,BRAM012,284703.12
2026,Manaus,BRAM014,2186449.439
2026,Manaus,BRAM016,102024.113
2026,Manaus,BRAM017,64781.636
2026,Manaus,BRAM021,178830.073
2026,Manaus,BRAM025,506733.507
2026,Manaus,BRAM028,11658.14
2026,Manaus,BRAM034,5.044
2026,Manaus,BRAM069,14000.0
2026,Manaus,BRAM075,1174.516
2026,Manaus,BRAM087,56657.503
2026,Manaus,BRAM088,36670.865
2026,Manaus,BRAM091,356855.747
2026,Manaus,BRAM104,20948.872
2026,Manaus,BRAM155,32552.764
2026,Natal,BRNAT,120009.678
2026,Natal,BRRN001,237484.37
2026,Não Classificado,BRRO040,325388.324
2026,Paranaguá - Antonina,BRANT,66921.39
2026,Paranaguá - Antonina,BRPNG,9151931.561
2026,Paranaguá - Antonina,BRPR002,857113.899
2026,Pecém - Fortaleza,BRCE001,3180132.006
2026,Pecém - Fortaleza,BRFOR,751800.956
2026,Porto Alegre,BRPOA,34607.45
2026,Porto Alegre,BRRS003,106396.658
2026,Porto Alegre,BRRS006,131013.534
2026,Porto Alegre,BRRS008,31810.95
2026,Porto Alegre,BRRS009,1881289.455
2026,Porto Alegre,BRRS010,35290.843
2026,Porto Alegre,BRRS013,264587.578
2026,Porto Alegre,BRRS014,2807.391
2026,Porto Alegre,BRRS015,46167.444
2026,Porto Alegre,BRRS016,6796.703
2026,Porto Alegre,BRRS022,17797.092
2026,Porto Alegre,BRRS030,39674.68
2026,Porto Velho,BRPVH,362730.76
2026,Porto Velho,BRRO002,23683.002
2026,Porto Velho,BRRO003,11310.395
2026,Porto Velho,BRRO005,8761.132
2026,Porto Velho,BRRO007,33986.178
2026,Porto Velho,BRRO009,34075.373
2026,Porto Velho,BRRO010,40274.525
2026,Porto Velho,BRRO011,3931.277
2026,Porto Velho,BRRO013,677106.412
2026,Porto Velho,BRRO014,348263.91
2026,Porto Velho,BRRO022,18054.235
2026,Porto Velho,BRRO025,43295.436
2026,Porto Velho,BRRO030,18872.354
2026,Rio Grande,BRPET,143555.49
2026,Rio Grande,BRRIG,4204904.378
2026,Rio Grande,BRRS001,252480.076
2026,Rio Grande,BRRS002,1060811.705
2026,Rio Grande,BRRS007,226709.543
2026,Rio Grande,BRRS012,24374.0
2026,Rio de Janeiro -  Niterói,BRNTR,33741.393
2026,Rio de Janeiro -  Niterói,BRRIO,2270268.094
2026,Rio de Janeiro -  Niterói,BRRJ003,25946.075
2026,Rio de Janeiro -  Niterói,BRRJ008,143886.992
2026,Rio de Janeiro -  Niterói,BRRJ010,2663506.247
2026,Rio de Janeiro -  Niterói,BRRJ014,134.938
2026,Rio de Janeiro -  Niterói,BRRJ015,22009.725
2026,Rio de Janeiro -  Niterói,BRRJ018,33233.378
2026,Rio de Janeiro -  Niterói,BRRJ019,14700.0
2026,Rio de Janeiro -  Niterói,BRRJ057,37318.833
2026,Rio de Janeiro -  Niterói,BRRJ066,94.1
2026,Rio de Janeiro -  Niterói,BRRJ080,117.026
2026,Santarém,BRPA017,81884.275
2026,Santarém,BRPA028,700.0
2026,Santarém,BRPA237,37142.519
2026,Santarém,BRPA297,101355.801
2026,Santarém,BRSTM,2905310.858
2026,Santos,BRSP001,1483765.518
2026,Santos,BRSP002,101511.308
2026,Santos,BRSP004,474256.367
2026,Santos,BRSP005,70361.0
2026,Santos,BRSP008,2823403.19
2026,Santos,BRSP009,76380.212
2026,Santos,BRSSZ,19843590.145
2026,Sem complexo - Terminal Isolado,BRAM039,992.422
2026,Sem complexo - Terminal Isolado,BRAM079,80073.67
2026,Sem complexo - Terminal Isolado,BRRN003,52024.1
2026,Suape - Recife,BRREC,199307.379
2026,Suape - Recife,BRSUA,4277990.569
2026,São Francisco do Sul,BRSC007,1731130.486
2026,São Francisco do Sul,BRSC011,2390345.82
2026,São Francisco do Sul,BRSFS,1707177.607
2026,São João da Barra,BRRJ020,4023581.0
2026,São João da Barra,BRRJ022,339663.215
2026,São João da Barra,BRRJ025,3683.193
2026,São João da Barra,BRRJ026,1552.53
2026,São João da Barra,BRRJ039,4122.362
2026,São João da Barra,BRRJ051,80418.002
2026,São João da Barra,BRRJ053,95060.68
2026,São João da Barra,BRRJ067,13663653.313
2026,São João da Barra,BRRJ078,1311.191
2026,São Sebastião,BRSP006,8845985.572
2026,São Sebastião,BRSSO,226162.92
2026,São Simão,BRGO001,37151.976
2026,Vila do Conde - Belém,BRBEL,335267.977
2026,Vila do Conde - Belém,BRPA005,1148442.818
2026,Vila do Conde - Belém,BRPA013,127956.354
2026,Vila do Conde - Belém,BRPA016,52332.414
2026,Vila do Conde - Belém,BRPA018,944136.641
2026,Vila do Conde - Belém,BRPA043,1434893.554
2026,Vila do Conde - Belém,BRPA061,19378.979
2026,Vila do Conde - Belém,BRPA065,4753.4
2026,Vila do Conde - Belém,BRPA108,1489.502
2026,Vila do Conde - Belém,BRPA324,82226.063
2026,Vila do Conde - Belém,BRVDC,3062482.91
2026,Vitória,BRES001,13128113.897
2026,Vitória,BRES002,2229722.44
2026,Vitória,BRES003,1622829.267
2026,Vitória,BRES004,1322284.64
2026,Vitória,BRES005,4962.235
2026,Vitória,BRES007,104853.173
2026,Vitória,BRVIX,1178617.942
2026,Vitória do Xingu,BRPA066,4001.346
2026,Óbidos,BRPA001,1888003.0
2026,Óbidos,BRPA019,1366684.0
2026,Óbidos,BRPA209,12626.063
