ano,complexo,codigo,longo_curso_t,cabotagem_t,vias_interiores_t
2010,Almeirim,BRPA002,350057.36,0.0,350057.36
2010,Almeirim,BRPA004,436155.222,10500.0,446655.222
2010,Angra dos Reis,BRADR,28846.571,3924.21,0.0
2010,Angra dos Reis,BRRJ009,20578957.414,15457552.869,0.0
2010,Angra dos Reis,BRRJ012,50527.963,8551.83,0.0
2010,Aracajú,BRSE001,816872.99,103587.0,0.0
2010,Aracajú,BRSE002,0.0,657431.266,19915.229
2010,Aratu - Salvador,BRARB,3857320.267,1100841.238,23501.56
2010,Aratu - Salvador,BRBA002,142001.328,0.0,0.0
2010,Aratu - Salvador,BRBA003,2220656.008,12823507.462,524602.785
2010,Aratu - Salvador,BRBA006,196892.348,0.0,0.0
2010,Aratu - Salvador,BRBA007,2343373.283,49539.791,0.0
2010,Aratu - Salvador,BRBA008,173468.558,0.0,154.679
2010,Aratu - Salvador,BRSSA,2587580.293,507208.065,90824.256
2010,Areia Branca,BRARE,628260.0,0.0,0.0
2010,Barra do Riacho,BRES006,5274506.18,2822457.597,0.0
2010,Cabedelo (Instalação Isolada),BRCDO,733318.29,600169.91,0.0
2010,Corumbá,BRMS001,0.0,0.0,1048483.533
2010,Corumbá,BRMS002,0.0,0.0,1582599.0
2010,Corumbá,BRMS003,0.0,0.0,1271633.2
2010,Corumbá,BRMS005,0.0,0.0,29484.075
2010,Forno,BRFNO,157349.475,69211.26,0.0
2010,Ilhéus,BRIOS,195030.688,0.0,0.0
2010,Imbituba,BRIBB,1599235.544,88085.862,13995.163
2010,Itaguaí,BRIGI,52394641.807,208177.107,0.0
2010,Itaguaí,BRRJ001,37328503.0,0.0,0.0
2010,Itaguaí,BRRJ016,1300376.382,39020.4,0.0
2010,Itajaí,BRITJ,3549994.209,12416.85,0.0
2010,Itajaí,BRSC001,125105.416,0.0,0.0
2010,Itajaí,BRSC008,3864067.636,88695.495,222.16
2010,Itajaí,BRSC012,62783.265,13.68,0.0
2010,Itajaí,BRSC015,0.0,67094.863,0.0
2010,Itaqui,BRIQI,8855100.367,1643839.758,540949.29
2010,Itaqui,BRMA001,2421351.747,6530772.876,6305040.26
2010,Itaqui,BRMA002,95768472.0,0.0,0.0
2010,Macapá,BRAP003,0.0,0.0,101154.0
2010,Macapá,BRAP004,4101120.5,0.0,4101120.5
2010,Macapá,BRMCP,855189.77,76100.774,997071.38
2010,Maceió,BRAL001,101162.295,0.0,0.0
2010,Maceió,BRMCZ,2205515.324,431914.405,29088.877
2010,Manaus,BRAM001,0.0,0.0,2729.3
2010,Manaus,BRAM003,176773.18,0.0,176773.18
2010,Manaus,BRAM004,0.0,0.0,1.06
2010,Manaus,BRAM006,361019.971,803299.514,1162392.999
2010,Manaus,BRAM007,0.0,0.0,1027488.805
2010,Manaus,BRAM008,0.0,0.0,507038.0
2010,Manaus,BRAM010,0.0,0.0,258389.406
2010,Manaus,BRAM011,649290.633,2941633.114,5453741.898
2010,Manaus,BRAM012,2451484.52,480732.37,2932177.34
2010,Manaus,BRAM013,48820.937,18548.656,67369.593
2010,Manaus,BRAM014,2079216.635,0.0,4121353.635
2010,Manaus,BRAM015,0.0,0.0,128722.95
2010,Manaus,BRAM016,0.0,0.0,110258.701
2010,Natal,BRNAT,232628.831,63188.43,2.3
2010,Natal,BRRN001,0.0,334526.824,23502.144
2010,Natal,BRRN002,0.0,164743.099,5810.735
2010,Não Classificado,BR,0.0,0.0,5776327.411
2010,Paranaguá - Antonina,BRANT,235225.01,0.0,0.0
2010,Paranaguá - Antonina,BRPNG,29413665.286,1064825.853,58937.31
2010,Paranaguá - Antonina,BRPR002,1529595.019,124739.022,0.0
2010,Pecém - Fortaleza,BRCE001,2746337.453,547345.957,63900.963
2010,Pecém - Fortaleza,BRFOR,1872545.316,2296185.152,0.0
2010,Porto Alegre,BRPOA,452826.059,63980.16,940552.695
2010,Porto Alegre,BRRS003,3009.667,0.0,675867.213
2010,Porto Alegre,BRRS006,0.0,0.0,65764.0
2010,Porto Alegre,BRRS009,7323211.86,3023005.872,0.0
2010,Porto Alegre,BRRS014,0.0,24223.8,56534.39
2010,Porto Alegre,BRRS015,0.0,187756.154,219893.822
2010,Porto Alegre,BRRS016,0.0,28271.016,67397.098
2010,Porto Velho,BRPVH,1110.6,0.0,115581.782
2010,Porto Velho,BRRO001,0.0,0.0,121947.0
2010,Porto Velho,BRRO002,0.0,0.0,103823.423
2010,Porto Velho,BRRO003,0.0,0.0,40832.256
2010,Porto Velho,BRRO005,0.0,0.0,12815.807
2010,Porto Velho,BRRO007,0.0,184765.061,296785.128
2010,Rio Grande,BRPET,0.0,0.0,32269.7
2010,Rio Grande,BRRIG,15611520.888,721082.58,1776445.112
2010,Rio Grande,BRRS001,2064724.341,0.0,0.0
2010,Rio Grande,BRRS002,4211698.838,0.0,1774747.471
2010,Rio Grande,BRRS005,1033896.307,0.0,0.0
2010,Rio Grande,BRRS007,1061300.584,0.0,13425.993
2010,Rio Grande,BRRS012,0.0,0.0,324921.58
2010,Rio de Janeiro -  Niterói,BRNTR,3949.97,0.0,0.0
2010,Rio de Janeiro -  Niterói,BRRIO,6837905.485,33604.94,0.0
2010,Rio de Janeiro -  Niterói,BRRJ003,240352.099,0.0,0.0
2010,Rio de Janeiro -  Niterói,BRRJ007,9723.062,0.0,0.0
2010,Rio de Janeiro -  Niterói,BRRJ008,45177.793,89465.441,11292.366
2010,Rio de Janeiro -  Niterói,BRRJ010,1940861.71,5372767.995,0.0
2010,Rio de Janeiro -  Niterói,BRRJ013,0.0,175.268,0.0
2010,Rio de Janeiro -  Niterói,BRRJ015,4253.845,0.0,0.0
2010,Rio de Janeiro -  Niterói,BRRJ017,13140.324,6389.0,0.0
2010,Rio de Janeiro -  Niterói,BRRJ018,1211625.723,132129.698,0.0
2010,Rio de Janeiro -  Niterói,BRRJ019,0.0,21839.677,0.0
2010,Santarém,BRPA017,0.0,0.0,111157.0
2010,Santarém,BRPA028,0.0,0.0,12487.252
2010,Santarém,BRSTM,866659.967,0.0,1030474.406
2010,Santos,BRSP001,2096651.37,0.0,0.0
2010,Santos,BRSP002,3974655.768,637232.612,0.0
2010,Santos,BRSP004,923802.42,0.0,0.0
2010,Santos,BRSP005,80982.0,564776.0,0.0
2010,Santos,BRSSZ,81870738.474,5346347.148,471862.177
2010,Suape - Recife,BRREC,1728782.0,87885.0,17625.0
2010,Suape - Recife,BRSUA,3770404.323,3462739.265,105110.197
2010,São Francisco do Sul,BRSC007,2599292.332,6377121.315,0.0
2010,São Francisco do Sul,BRSFS,8116726.242,1383031.735,15.0
2010,São Sebastião,BRSP006,7589582.623,36528292.402,13335.649
2010,São Sebastião,BRSSO,622741.044,545.324,0.0
2010,Vila do Conde - Belém,BRBEL,916607.484,1652646.526,1245663.435
2010,Vila do Conde - Belém,BRPA005,342803.31,0.0,347455.2
2010,Vila do Conde - Belém,BRPA006,1526592.82,0.0,1526592.82
2010,Vila do Conde - Belém,BRPA013,0.0,0.0,473967.165
2010,Vila do Conde - Belém,BRPA014,12615.984,0.0,121860.821
2010,Vila do Conde - Belém,BRPA016,0.0,0.0,516454.0
2010,Vila do Conde - Belém,BRVDC,8946728.503,7442031.842,16395717.341
2010,Vitória,BRES001,106497925.036,971190.795,0.0
2010,Vitória,BRES002,22154247.0,0.0,0.0
2010,Vitória,BRES003,10424220.27,17166.602,0.0
2010,Vitória,BRES004,5720875.399,11346.44,0.0
2010,Vitória,BRES005,0.0,4667.997,0.0
2010,Vitória,BRES007,0.0,15295.406,0.0
2010,Vitória,BRES009,0.0,2052.0,0.0
2010,Vitória,BRVIX,5897658.963,336153.206,22021.63
2010,Óbidos,BRPA001,6191718.0,710109.0,6901827.0
2011,Almeirim,BRPA002,336418.39,0.0,336418.39
2011,Almeirim,BRPA004,416483.234,9950.0,426433.234
2011,Angra dos Reis,BRADR,26145.449,156.14,0.0
2011,Angra dos Reis,BRRJ009,20827551.962,17252506.099,0.0
2011,Angra dos Reis,BRRJ012,23892.407,3327.99,0.0
2011,Aracajú,BRSE001,896034.744,0.0,0.0
2011,Aracajú,BRSE002,0.0,641103.375,0.0
2011,Aratu - Salvador,BRARB,3488808.046,971451.185,119289.244
2011,Aratu - Salvador,BRBA002,108824.919,0.0,0.0
2011,Aratu - Salvador,BRBA003,3210119.49,12777184.869,413242.725
2011,Aratu - Salvador,BRBA006,224559.527,72312.0,0.0
2011,Aratu - Salvador,BRBA007,2703053.551,48471.358,0.0
2011,Aratu - Salvador,BRBA008,185216.61,0.0,0.0
2011,Aratu - Salvador,BRSSA,2584624.011,579991.527,123915.222
2011,Areia Branca,BRARE,379359.0,0.0,0.0
2011,Barra do Riacho,BRES006,5769651.272,3084402.421,0.0
2011,Cabedelo (Instalação Isolada),BRCDO,1077658.957,677283.159,0.0
2011,Corumbá,BRMS001,0.0,0.0,1569884.651
2011,Corumbá,BRMS002,0.0,0.0,2448825.0
2011,Corumbá,BRMS003,0.0,0.0,1459182.0
2011,Corumbá,BRMS005,0.0,0.0,2998.51
2011,Estrela,BRETL,0.0,0.0,27369.012
2011,Forno,BRFNO,366476.556,372.7,0.0
2011,Ilhéus,BRIOS,263039.192,0.0,0.0
2011,Imbituba,BRIBB,2129009.207,107973.266,4541.303
2011,Itaguaí,BRIGI,57487428.803,389011.936,127955.598
2011,Itaguaí,BRRJ001,37526187.0,0.0,0.0
2011,Itaguaí,BRRJ016,6001747.783,137624.779,0.0
2011,Itajaí,BRITJ,4151535.962,40479.394,11741.594
2011,Itajaí,BRSC001,104012.438,0.0,0.0
2011,Itajaí,BRSC008,5421195.909,118826.907,4295.422
2011,Itajaí,BRSC012,78417.17,0.0,0.0
2011,Itajaí,BRSC017,0.0,37899.577,0.0
2011,Itaqui,BRIQI,10674469.025,1417298.437,311793.8
2011,Itaqui,BRMA001,3596357.537,9021601.694,8724554.086
2011,Itaqui,BRMA002,102074920.0,0.0,0.0
2011,Macapá,BRAP003,0.0,0.0,103433.0
2011,Macapá,BRAP004,5295086.32,0.0,5295086.32
2011,Macapá,BRMCP,660722.57,99859.852,862735.069
2011,Maceió,BRAL001,91402.834,7261.303,0.0
2011,Maceió,BRMCZ,2585460.784,454901.13,0.0
2011,Manaus,BRAM003,247331.12,0.0,247331.12
2011,Manaus,BRAM006,419786.193,756189.786,1176011.931
2011,Manaus,BRAM007,0.0,0.0,855962.006
2011,Manaus,BRAM008,0.0,0.0,556085.0
2011,Manaus,BRAM010,0.0,0.0,8184.71
2011,Manaus,BRAM011,973741.356,2004455.576,4822802.36
2011,Manaus,BRAM012,2817147.879,504510.308,3321675.087
2011,Manaus,BRAM013,60533.277,6501.641,67034.918
2011,Manaus,BRAM014,2200045.813,0.0,4632165.688
2011,Manaus,BRAM015,0.0,0.0,132277.73
2011,Manaus,BRAM016,0.0,0.0,113175.335
2011,Manaus,BRAM018,0.0,0.0,1.0
2011,Natal,BRNAT,342214.528,12758.718,0.0
2011,Natal,BRRN001,0.0,385154.729,0.0
2011,Natal,BRRN002,0.0,156266.162,0.0
2011,Não Classificado,BR,0.0,0.0,5804069.773
2011,Paranaguá - Antonina,BRANT,1153024.863,55159.15,24387.14
2011,Paranaguá - Antonina,BRPNG,35059285.612,1465709.407,49793.401
2011,Paranaguá - Antonina,BRPR002,1414242.359,98258.231,4013.508
2011,Pecém - Fortaleza,BRCE001,2918834.375,515352.766,68604.227
2011,Pecém - Fortaleza,BRFOR,1829239.298,2269342.044,45728.519
2011,Porto Alegre,BRPOA,483878.724,55598.58,771361.458
2011,Porto Alegre,BRRS003,141517.551,41021.762,223565.921
2011,Porto Alegre,BRRS006,0.0,0.0,81602.0
2011,Porto Alegre,BRRS009,6434901.332,4047891.683,0.0
2011,Porto Alegre,BRRS014,0.0,16315.084,68909.811
2011,Porto Alegre,BRRS015,0.0,0.0,152100.71
2011,Porto Alegre,BRRS016,0.0,16848.659,62584.718
2011,Porto Velho,BRPVH,3033.428,0.0,184535.547
2011,Porto Velho,BRRO001,0.0,0.0,104878.0
2011,Porto Velho,BRRO002,0.0,0.0,102818.493
2011,Porto Velho,BRRO003,0.0,0.0,42379.92
2011,Porto Velho,BRRO005,0.0,0.0,6113.268
2011,Porto Velho,BRRO007,0.0,147111.996,272036.956
2011,Rio Grande,BRPET,0.0,0.0,16149.04
2011,Rio Grande,BRRIG,13601265.007,1071732.384,1542298.121
2011,Rio Grande,BRRS001,2175691.08,0.0,0.0
2011,Rio Grande,BRRS002,4697042.981,0.0,896379.385
2011,Rio Grande,BRRS005,1604711.991,0.0,0.0
2011,Rio Grande,BRRS007,1627341.129,0.0,148195.715
2011,Rio Grande,BRRS012,0.0,0.0,307810.401
2011,Rio de Janeiro -  Niterói,BRNTR,21092.797,109.6,0.0
2011,Rio de Janeiro -  Niterói,BRRIO,7378634.921,227933.131,0.0
2011,Rio de Janeiro -  Niterói,BRRJ003,239098.029,0.0,0.0
2011,Rio de Janeiro -  Niterói,BRRJ007,902.87,0.0,0.0
2011,Rio de Janeiro -  Niterói,BRRJ008,20360.544,62925.697,1988.073
2011,Rio de Janeiro -  Niterói,BRRJ010,1321664.423,6182120.145,0.0
2011,Rio de Janeiro -  Niterói,BRRJ013,0.0,5899.271,0.0
2011,Rio de Janeiro -  Niterói,BRRJ015,63694.39,0.0,0.0
2011,Rio de Janeiro -  Niterói,BRRJ017,1678.32,12271.0,1576.0
2011,Rio de Janeiro -  Niterói,BRRJ018,260878.084,0.0,0.0
2011,Rio de Janeiro -  Niterói,BRRJ019,0.0,59405.977,0.0
2011,Santarém,BRPA017,0.0,0.0,94443.0
2011,Santarém,BRPA028,0.0,0.0,19008.048
2011,Santarém,BRSTM,1276084.521,0.0,2329783.264
2011,Santos,BRSP001,2619798.717,0.0,0.0
2011,Santos,BRSP002,4564453.893,723951.717,0.0
2011,Santos,BRSP004,924303.75,0.0,0.0
2011,Santos,BRSP005,152400.08,580007.733,0.0
2011,Santos,BRSSZ,78318700.434,2638985.292,576929.734
2011,Suape - Recife,BRREC,1806582.0,162830.0,9769.0
2011,Suape - Recife,BRSUA,4933836.013,3711606.738,191883.58
2011,São Francisco do Sul,BRSC007,2614235.599,7319311.761,0.0
2011,São Francisco do Sul,BRSC011,332198.399,3.413,0.0
2011,São Francisco do Sul,BRSFS,8241136.154,1649536.113,10192.058
2011,São Sebastião,BRSP006,9131661.09,38395522.62,26138.522
2011,São Sebastião,BRSSO,636382.652,0.0,0.0
2011,Vila do Conde - Belém,BRBEL,958948.859,1542967.865,2807081.693
2011,Vila do Conde - Belém,BRPA005,678039.14,0.0,678039.14
2011,Vila do Conde - Belém,BRPA006,1255434.61,0.0,1255434.61
2011,Vila do Conde - Belém,BRPA013,0.0,0.0,427975.684
2011,Vila do Conde - Belém,BRPA014,50299.021,0.0,176661.731
2011,Vila do Conde - Belém,BRPA016,0.0,0.0,500942.0
2011,Vila do Conde - Belém,BRVDC,8962544.444,7562165.942,16527413.552
2011,Vitória,BRES001,108801530.702,1341884.054,0.0
2011,Vitória,BRES002,22961748.0,0.0,0.0
2011,Vitória,BRES003,8124505.878,1465642.987,0.0
2011,Vitória,BRES004,6164252.547,487269.344,29907.0
2011,Vitória,BRES007,0.0,31239.769,0.0
2011,Vitória,BRES009,0.0,1208.34,0.0
2011,Vitória,BRVIX,7162608.033,383756.45,3742.42
2011,Óbidos,BRPA001,6518796.0,0.0,6518796.0
2012,Almeirim,BRPA002,212119.364,0.0,212119.364
2012,Almeirim,BRPA004,295339.766,0.0,295339.766
2012,Angra dos Reis,BRADR,4098.092,510.848,0.0
2012,Angra dos Reis,BRRJ009,20273183.535,16306429.171,0.0
2012,Angra dos Reis,BRRJ012,13395.795,4814.02,0.0
2012,Aracajú,BRSE001,967897.915,0.0,0.0
2012,Aracajú,BRSE002,0.0,424204.591,17026.415
2012,Aratu - Salvador,BRARB,4101403.181,972617.583,31686.568
2012,Aratu - Salvador,BRBA002,107261.593,0.0,0.0
2012,Aratu - Salvador,BRBA003,3354533.517,14714886.983,846328.595
2012,Aratu - Salvador,BRBA006,212943.333,145036.0,0.0
2012,Aratu - Salvador,BRBA007,3205036.045,0.0,0.0
2012,Aratu - Salvador,BRBA008,156330.701,0.0,0.0
2012,Aratu - Salvador,BRSSA,2530663.992,602399.439,108742.143
2012,Areia Branca,BRARE,115160.0,0.0,0.0
2012,Barra do Riacho,BRES006,5854558.372,3173341.619,0.0
2012,Barra do Riacho,BRES008,0.0,4810.825,0.0
2012,Cabedelo (Instalação Isolada),BRCDO,1156957.005,750480.816,0.0
2012,Corumbá,BRMS001,0.0,0.0,1801548.118
2012,Corumbá,BRMS002,0.0,0.0,1913011.794
2012,Corumbá,BRMS003,0.0,0.0,648173.0
2012,Corumbá,BRMS005,0.0,0.0,3974.1
2012,Estrela,BRETL,0.0,0.0,7243.673
2012,Forno,BRFNO,159987.962,0.0,0.0
2012,Ilhéus,BRIOS,459941.425,0.0,0.0
2012,Imbituba,BRIBB,1901435.733,97071.727,0.0
2012,Itaguaí,BRIGI,55077051.69,632705.665,137818.37
2012,Itaguaí,BRRJ001,39524189.0,0.0,0.0
2012,Itaguaí,BRRJ016,6725620.828,126347.635,0.0
2012,Itajaí,BRITJ,3629244.774,67190.413,24034.276
2012,Itajaí,BRSC001,176878.502,0.0,0.0
2012,Itajaí,BRSC008,5592615.887,79496.195,14341.588
2012,Itajaí,BRSC012,176184.924,6909.85,0.0
2012,Itaqui,BRIQI,12770455.794,1035658.206,216865.736
2012,Itaqui,BRMA001,3883713.593,8816771.036,8576967.94
2012,Itaqui,BRMA002,104861266.0,0.0,0.0
2012,Macapá,BRAP003,0.0,0.0,107853.0
2012,Macapá,BRAP004,6463087.286,0.0,6463087.286
2012,Macapá,BRMCP,616538.682,198260.844,967740.964
2012,Maceió,BRAL001,55537.151,0.0,0.0
2012,Maceió,BRMCZ,2172714.838,550569.829,0.0
2012,Manaus,BRAM003,327809.549,0.0,327809.549
2012,Manaus,BRAM004,0.0,0.0,963.2
2012,Manaus,BRAM006,924456.583,1271906.359,2196457.199
2012,Manaus,BRAM007,0.0,0.0,883084.857
2012,Manaus,BRAM008,0.0,0.0,487118.0
2012,Manaus,BRAM010,0.0,0.0,24555.763
2012,Manaus,BRAM011,924628.241,2376704.959,5138825.104
2012,Manaus,BRAM012,1659679.875,249535.842,1909215.717
2012,Manaus,BRAM013,69300.619,0.0,69300.619
2012,Manaus,BRAM014,2496827.676,2388.15,5078180.304
2012,Manaus,BRAM015,0.0,0.0,90989.43
2012,Manaus,BRAM016,0.0,0.0,94507.82
2012,Manaus,BRAM018,0.0,0.0,16.0
2012,Natal,BRNAT,372268.172,59075.678,112.5
2012,Natal,BRRN001,0.0,396652.507,47537.271
2012,Natal,BRRN002,0.0,186652.735,5707.367
2012,Não Classificado,BR,0.0,0.0,6087408.231
2012,Paranaguá - Antonina,BRANT,1251948.103,9052.89,9052.89
2012,Paranaguá - Antonina,BRPNG,37659571.075,1897909.904,65987.191
2012,Paranaguá - Antonina,BRPR002,1388451.351,147172.11,0.0
2012,Pecém - Fortaleza,BRCE001,3700893.575,354691.112,59190.248
2012,Pecém - Fortaleza,BRFOR,1848110.203,2549755.694,77570.712
2012,Porto Alegre,BRPOA,457346.16,88760.69,899741.46
2012,Porto Alegre,BRRS003,106659.966,14655.551,265903.572
2012,Porto Alegre,BRRS006,0.0,0.0,85297.0
2012,Porto Alegre,BRRS009,5723015.576,4856537.763,0.0
2012,Porto Alegre,BRRS010,0.0,0.0,400.916
2012,Porto Alegre,BRRS013,0.0,0.0,2233.646
2012,Porto Alegre,BRRS014,0.0,23334.5,46615.6
2012,Porto Alegre,BRRS015,0.0,0.0,109404.799
2012,Porto Alegre,BRRS016,0.0,49364.296,80007.934
2012,Porto Velho,BRPVH,287866.471,0.0,687078.304
2012,Porto Velho,BRRO001,0.0,0.0,80197.0
2012,Porto Velho,BRRO002,0.0,0.0,68476.69
2012,Porto Velho,BRRO003,0.0,0.0,44693.304
2012,Porto Velho,BRRO005,0.0,0.0,3686.337
2012,Porto Velho,BRRO007,0.0,78712.846,172127.248
2012,Rio Grande,BRPET,0.0,0.0,13330.53
2012,Rio Grande,BRRIG,12756555.826,1143954.584,1324362.164
2012,Rio Grande,BRRS001,1642856.286,0.0,0.0
2012,Rio Grande,BRRS002,4439370.901,0.0,622872.919
2012,Rio Grande,BRRS005,1438339.003,0.0,0.0
2012,Rio Grande,BRRS007,978708.1,0.0,165364.82
2012,Rio Grande,BRRS012,0.0,0.0,408112.15
2012,Rio de Janeiro -  Niterói,BRNTR,5815.782,0.0,0.0
2012,Rio de Janeiro -  Niterói,BRRIO,6995179.444,350580.703,60.0
2012,Rio de Janeiro -  Niterói,BRRJ003,272194.97,0.0,0.0
2012,Rio de Janeiro -  Niterói,BRRJ007,10799.28,0.0,0.0
2012,Rio de Janeiro -  Niterói,BRRJ008,29817.953,82583.504,16484.228
2012,Rio de Janeiro -  Niterói,BRRJ010,1420842.835,7961042.79,0.0
2012,Rio de Janeiro -  Niterói,BRRJ015,58313.41,0.0,0.0
2012,Rio de Janeiro -  Niterói,BRRJ017,1015.5,7072.735,0.0
2012,Rio de Janeiro -  Niterói,BRRJ018,2254320.071,0.0,0.0
2012,Rio de Janeiro -  Niterói,BRRJ019,0.0,105468.398,0.0
2012,Santarém,BRPA017,0.0,0.0,103617.0
2012,Santarém,BRPA028,0.0,0.0,27762.628
2012,Santarém,BRSTM,1732002.939,0.0,2991032.699
2012,Santos,BRSP001,2622274.922,0.0,0.0
2012,Santos,BRSP002,4291048.956,1197925.025,19889.752
2012,Santos,BRSP004,1252691.667,0.0,0.0
2012,Santos,BRSP005,106999.0,590126.0,0.0
2012,Santos,BRSSZ,80343407.261,3202163.852,660732.472
2012,Suape - Recife,BRPE001,1990.418,0.0,0.0
2012,Suape - Recife,BRREC,1661872.0,29597.0,3537.0
2012,Suape - Recife,BRSUA,5610959.006,3142464.607,159540.639
2012,São Francisco do Sul,BRSC007,2684863.849,7589208.273,0.0
2012,São Francisco do Sul,BRSC011,2570083.663,248119.057,11319.605
2012,São Francisco do Sul,BRSFS,8880854.126,1529911.79,9642.07
2012,São Sebastião,BRSP006,10015466.484,38815099.838,7462.3
2012,São Sebastião,BRSSO,832138.375,0.0,0.0
2012,Vila do Conde - Belém,BRBEL,828661.427,1521176.836,2647714.648
2012,Vila do Conde - Belém,BRPA005,330297.18,0.0,330297.18
2012,Vila do Conde - Belém,BRPA006,1428931.206,0.0,1428931.206
2012,Vila do Conde - Belém,BRPA013,0.0,0.0,402989.567
2012,Vila do Conde - Belém,BRPA014,66991.097,0.0,201296.242
2012,Vila do Conde - Belém,BRPA016,0.0,0.0,380470.0
2012,Vila do Conde - Belém,BRVDC,8698106.817,6215114.203,15115459.352
2012,Vitória,BRES001,109298030.319,828707.891,0.0
2012,Vitória,BRES002,22487772.0,0.0,0.0
2012,Vitória,BRES003,9807374.748,280741.704,0.0
2012,Vitória,BRES004,4199551.943,70949.308,0.0
2012,Vitória,BRES005,0.0,1.85,1.85
2012,Vitória,BRES007,0.0,48408.087,0.0
2012,Vitória,BRVIX,5767067.28,779833.595,5887.367
2012,Óbidos,BRPA001,6713026.0,0.0,6713026.0
2013,Almeirim,BRPA002,194635.957,0.0,194635.957
2013,Almeirim,BRPA004,16317.62,0.0,16317.62
2013,Angra dos Reis,BRADR,2267.099,1069.0,0.0
2013,Angra dos Reis,BRRJ009,12539127.553,11054181.834,0.0
2013,Angra dos Reis,BRRJ012,11331.973,3461.363,0.0
2013,Aracajú,BRSE001,998436.95,724.0,0.0
2013,Aracajú,BRSE002,0.0,409272.321,0.0
2013,Aratu - Salvador,BRARB,3528602.215,1450441.133,61699.423
2013,Aratu - Salvador,BRBA002,104671.985,0.0,0.0
2013,Aratu - Salvador,BRBA003,3741296.307,14978182.464,538818.501
2013,Aratu - Salvador,BRBA006,333856.491,172043.0,0.0
2013,Aratu - Salvador,BRBA007,3101691.572,36164.028,0.0
2013,Aratu - Salvador,BRBA008,186924.122,0.0,0.0
2013,Aratu - Salvador,BRSSA,2950629.175,703289.739,127259.898
2013,Areia Branca,BRARE,321358.0,0.0,0.0
2013,Barra do Riacho,BRES006,5833089.547,2751566.271,0.0
2013,Cabedelo (Instalação Isolada),BRCDO,1186764.168,714912.091,8325.653
2013,Corumbá,BRMS001,0.0,0.0,2530196.077
2013,Corumbá,BRMS002,0.0,0.0,3119048.0
2013,Corumbá,BRMS003,0.0,0.0,310161.7
2013,Corumbá,BRMS005,0.0,0.0,8234.837
2013,Estrela,BRETL,0.0,0.0,9022.72
2013,Forno,BRFNO,202664.165,0.0,0.0
2013,Ilhéus,BRIOS,393491.423,0.0,0.0
2013,Imbituba,BRIBB,2241845.493,90171.693,0.0
2013,Itaguaí,BRIGI,56249897.427,993670.443,112254.89
2013,Itaguaí,BRRJ001,39530900.0,0.0,0.0
2013,Itaguaí,BRRJ016,6733326.291,0.0,0.0
2013,Itajaí,BRITJ,3702142.472,130345.486,35995.605
2013,Itajaí,BRSC001,227200.929,0.0,0.0
2013,Itajaí,BRSC008,7102828.563,124678.594,22546.521
2013,Itajaí,BRSC012,244884.379,8857.12,0.0
2013,Itaqui,BRIQI,11870620.424,1864641.043,308587.35
2013,Itaqui,BRMA001,3910820.465,8889811.955,8600650.0
2013,Itaqui,BRMA002,107123271.0,0.0,0.0
2013,Macapá,BRAP003,0.0,0.0,103982.0
2013,Macapá,BRAP004,1237114.24,0.0,1237114.24
2013,Macapá,BRMCP,1525547.376,161866.736,2440679.353
2013,Maceió,BRAL001,66394.561,24577.846,0.0
2013,Maceió,BRMCZ,1829747.079,506952.624,2485.713
2013,Manaus,BRAM003,294113.932,0.0,294113.932
2013,Manaus,BRAM004,0.0,0.0,3020.6
2013,Manaus,BRAM006,878801.803,1378215.978,2257036.333
2013,Manaus,BRAM007,0.0,0.0,814346.939
2013,Manaus,BRAM008,0.0,0.0,472931.0
2013,Manaus,BRAM010,0.0,0.0,23881.552
2013,Manaus,BRAM011,704223.17,2161937.117,4504327.068
2013,Manaus,BRAM012,1943282.355,314310.46,2257592.815
2013,Manaus,BRAM013,88068.539,0.0,88068.539
2013,Manaus,BRAM014,2565906.667,1909.78,5363039.46
2013,Manaus,BRAM015,0.0,0.0,78350.31
2013,Manaus,BRAM016,0.0,0.0,170157.445
2013,Manaus,BRAM018,0.0,0.0,7.005
2013,Manaus,BRAM025,0.0,208663.472,327800.808
2013,Natal,BRNAT,397593.805,21710.985,2016.88
2013,Natal,BRRN001,0.0,659384.394,22924.929
2013,Natal,BRRN002,0.0,5670.045,0.0
2013,Não Classificado,BR,0.0,0.0,6331173.801
2013,Paranaguá - Antonina,BRANT,1560210.43,0.0,0.0
2013,Paranaguá - Antonina,BRPNG,39097146.563,1742071.853,57147.525
2013,Paranaguá - Antonina,BRPR002,1391006.141,227196.259,0.0
2013,Pecém - Fortaleza,BRCE001,5322608.42,474222.822,94558.092
2013,Pecém - Fortaleza,BRFOR,2003862.872,2914895.474,32525.056
2013,Porto Alegre,BRPOA,617158.72,84598.99,997084.268
2013,Porto Alegre,BRRS003,71197.329,10481.849,217895.796
2013,Porto Alegre,BRRS006,0.0,0.0,131276.0
2013,Porto Alegre,BRRS009,6208866.918,7000695.256,0.0
2013,Porto Alegre,BRRS010,0.0,0.0,77263.577
2013,Porto Alegre,BRRS014,0.0,10052.881,18656.493
2013,Porto Alegre,BRRS015,0.0,0.0,153243.554
2013,Porto Alegre,BRRS016,0.0,11231.361,21800.491
2013,Porto Velho,BRPVH,0.0,0.0,306728.602
2013,Porto Velho,BRRO001,0.0,0.0,66326.0
2013,Porto Velho,BRRO002,0.0,0.0,71571.125
2013,Porto Velho,BRRO003,0.0,0.0,49345.365
2013,Porto Velho,BRRO005,0.0,0.0,2797.224
2013,Porto Velho,BRRO007,0.0,0.0,317021.126
2013,Rio Grande,BRPET,0.0,0.0,14965.36
2013,Rio Grande,BRRIG,15011006.042,1425131.311,1870711.039
2013,Rio Grande,BRRS001,1834690.786,0.0,0.0
2013,Rio Grande,BRRS002,5660947.607,0.0,622118.145
2013,Rio Grande,BRRS005,1799812.546,0.0,0.0
2013,Rio Grande,BRRS007,1539743.887,0.0,248411.972
2013,Rio Grande,BRRS012,0.0,0.0,374293.0
2013,Rio de Janeiro -  Niterói,BRNTR,2145.16,442.8,0.0
2013,Rio de Janeiro -  Niterói,BRRIO,7325730.296,270127.649,0.0
2013,Rio de Janeiro -  Niterói,BRRJ003,272314.096,0.0,0.0
2013,Rio de Janeiro -  Niterói,BRRJ005,0.0,133.39,10.44
2013,Rio de Janeiro -  Niterói,BRRJ008,26876.902,109938.284,21329.738
2013,Rio de Janeiro -  Niterói,BRRJ010,1676912.815,9048916.254,0.0
2013,Rio de Janeiro -  Niterói,BRRJ015,54865.891,0.0,0.0
2013,Rio de Janeiro -  Niterói,BRRJ017,0.0,5263.8,0.0
2013,Rio de Janeiro -  Niterói,BRRJ018,2947905.114,70037.841,0.0
2013,Rio de Janeiro -  Niterói,BRRJ019,0.0,125016.931,3761.901
2013,Santarém,BRPA017,0.0,0.0,101319.0
2013,Santarém,BRPA028,0.0,0.0,55731.764
2013,Santarém,BRSTM,2566645.08,648.87,4213406.077
2013,Santos,BRSP001,2303500.066,0.0,0.0
2013,Santos,BRSP002,2985968.912,1162335.267,0.0
2013,Santos,BRSP004,2173193.869,0.0,0.0
2013,Santos,BRSP005,141091.0,504720.24,0.0
2013,Santos,BRSP008,1316430.64,127490.997,102485.907
2013,Santos,BRSP009,0.0,84.845,0.0
2013,Santos,BRSSZ,87414268.659,3547232.472,639332.723
2013,Suape - Recife,BRPE001,347.604,21046.555,0.0
2013,Suape - Recife,BRREC,1470123.31,191182.19,14712.51
2013,Suape - Recife,BRSUA,5744265.745,4595804.0,201401.0
2013,São Francisco do Sul,BRSC007,1969647.074,8342114.361,0.0
2013,São Francisco do Sul,BRSC011,4342410.878,622214.327,52985.009
2013,São Francisco do Sul,BRSFS,10709891.206,1979190.844,10920.62
2013,São Sebastião,BRSP006,12558712.784,38201056.226,0.0
2013,São Sebastião,BRSSO,587583.221,0.0,0.0
2013,Vila do Conde - Belém,BRBEL,839829.847,1210051.816,2822137.098
2013,Vila do Conde - Belém,BRPA006,1800276.06,0.0,1800276.06
2013,Vila do Conde - Belém,BRPA013,0.0,0.0,416201.399
2013,Vila do Conde - Belém,BRPA014,80740.389,0.0,227861.123
2013,Vila do Conde - Belém,BRPA016,0.0,0.0,374508.0
2013,Vila do Conde - Belém,BRVDC,8211515.301,5947794.908,14293402.212
2013,Vitória,BRES001,109043000.727,745164.983,0.0
2013,Vitória,BRES002,22265145.5,0.0,0.0
2013,Vitória,BRES003,9341881.686,234226.262,0.0
2013,Vitória,BRES004,3410102.942,44394.958,0.0
2013,Vitória,BRES005,0.0,11149.027,0.0
2013,Vitória,BRES007,0.0,63638.387,0.0
2013,Vitória,BRVIX,4116083.696,655171.576,11515.08
2013,Óbidos,BRPA001,8081085.0,0.0,8081085.0
2013,Óbidos,BRPA019,181791.0,0.0,181791.0
2014,Almeirim,BRPA002,193404.756,0.0,193404.756
2014,Almeirim,BRPA004,8033.632,0.0,8033.632
2014,Angra dos Reis,BRADR,4332.621,1212.5,0.0
2014,Angra dos Reis,BRRJ009,17623927.508,15540258.527,0.0
2014,Angra dos Reis,BRRJ012,27895.757,10437.256,0.0
2014,Aracajú,BRSE001,931240.331,35182.04,0.0
2014,Aracajú,BRSE002,0.0,269502.174,0.0
2014,Aratu - Salvador,BRARB,4462947.201,1221630.726,27474.787
2014,Aratu - Salvador,BRBA002,101096.041,0.0,0.0
2014,Aratu - Salvador,BRBA003,2592401.177,13605220.405,363413.39
2014,Aratu - Salvador,BRBA006,176685.114,129207.0,0.0
2014,Aratu - Salvador,BRBA007,3359571.714,151869.657,0.0
2014,Aratu - Salvador,BRBA008,164207.529,0.0,0.0
2014,Aratu - Salvador,BRBA009,1510567.062,24192.684,0.0
2014,Aratu - Salvador,BRSSA,3144641.727,879237.795,146562.045
2014,Areia Branca,BRARE,700282.0,0.0,0.0
2014,Barra do Riacho,BRES006,6109604.346,2845644.495,0.0
2014,Barra do Riacho,BRES010,0.0,6430.983,0.0
2014,Cabedelo (Instalação Isolada),BRCDO,939989.477,794705.689,280.272
2014,Corumbá,BRMS001,0.0,0.0,3625517.58
2014,Corumbá,BRMS002,0.0,0.0,3444896.0
2014,Corumbá,BRMS003,0.0,0.0,77591.0
2014,Estrela,BRETL,0.0,0.0,2380.06
2014,Forno,BRFNO,143978.075,1087.76,0.0
2014,Ilhéus,BRIOS,484357.027,0.0,0.0
2014,Imbituba,BRIBB,2997027.105,146568.064,2821.802
2014,Itaguaí,BRIGI,62354968.199,630663.958,133992.231
2014,Itaguaí,BRRJ001,40535106.0,0.0,0.0
2014,Itaguaí,BRRJ016,7238584.773,17976.0,0.0
2014,Itajaí,BRITJ,3284080.729,237836.889,60781.727
2014,Itajaí,BRSC001,195977.448,15373.13,0.0
2014,Itajaí,BRSC008,7592034.727,116062.332,9494.76
2014,Itajaí,BRSC012,215213.335,67691.97,0.0
2014,Itaqui,BRIQI,14501271.843,1703233.35,317082.79
2014,Itaqui,BRMA001,4396236.107,9282132.618,9042163.0
2014,Itaqui,BRMA002,112363799.0,0.0,0.0
2014,Macapá,BRAP003,0.0,0.0,95903.0
2014,Macapá,BRMCP,2911656.489,243836.57,3581537.859
2014,Maceió,BRAL001,47584.324,47230.448,1882.58
2014,Maceió,BRMCZ,1932431.743,542139.798,29407.0
2014,Manaus,BRAM001,0.0,0.0,6130.241
2014,Manaus,BRAM003,238679.91,0.0,238679.91
2014,Manaus,BRAM004,0.0,0.0,3090.75
2014,Manaus,BRAM006,939745.036,1787913.86,2728107.563
2014,Manaus,BRAM007,0.0,0.0,413340.653
2014,Manaus,BRAM008,0.0,0.0,405387.0
2014,Manaus,BRAM010,0.0,0.0,35061.976
2014,Manaus,BRAM011,490878.212,2174384.654,4323582.484
2014,Manaus,BRAM012,1584478.12,0.0,1584478.12
2014,Manaus,BRAM013,76930.623,8286.204,85216.827
2014,Manaus,BRAM014,2748189.1,1897.759,5459735.722
2014,Manaus,BRAM015,0.0,0.0,165734.91
2014,Manaus,BRAM016,0.0,0.0,115357.703
2014,Manaus,BRAM017,0.0,0.0,322118.096
2014,Manaus,BRAM018,0.0,0.0,46796.901
2014,Manaus,BRAM025,15810.164,176951.313,999339.966
2014,Natal,BRNAT,360540.437,95948.862,1082.726
2014,Natal,BRRN001,0.0,1034776.911,0.0
2014,Não Classificado,BR,0.0,0.0,4656941.269
2014,Paranaguá - Antonina,BRANT,1472855.03,0.0,0.0
2014,Paranaguá - Antonina,BRPNG,39006697.035,1386849.049,61204.373
2014,Paranaguá - Antonina,BRPR002,1576086.894,289714.684,0.0
2014,Paranaguá - Antonina,BRPR005,6389.463,0.0,0.0
2014,Pecém - Fortaleza,BRCE001,7090607.503,547299.838,110140.694
2014,Pecém - Fortaleza,BRFOR,1738803.68,3441932.484,54645.737
2014,Porto Alegre,BRPOA,643435.355,87361.97,1023932.885
2014,Porto Alegre,BRRS003,43025.25,15044.881,377595.427
2014,Porto Alegre,BRRS006,0.0,0.0,101023.0
2014,Porto Alegre,BRRS009,5465726.905,7217405.651,0.0
2014,Porto Alegre,BRRS010,0.0,0.0,171375.166
2014,Porto Alegre,BRRS014,0.0,44632.514,44632.514
2014,Porto Alegre,BRRS015,0.0,0.0,119083.65
2014,Porto Alegre,BRRS016,0.0,53751.567,53751.567
2014,Porto Velho,BRPVH,0.0,0.0,605117.205
2014,Porto Velho,BRRO001,0.0,0.0,34750.0
2014,Porto Velho,BRRO002,0.0,0.0,118812.826
2014,Porto Velho,BRRO003,0.0,0.0,43670.391
2014,Porto Velho,BRRO005,0.0,0.0,1208.716
2014,Porto Velho,BRRO007,0.0,0.0,185359.383
2014,Rio Grande,BRPET,0.0,0.0,12810.85
2014,Rio Grande,BRRIG,16412444.764,1358752.659,2004186.135
2014,Rio Grande,BRRS001,1794713.319,0.0,0.0
2014,Rio Grande,BRRS002,4542379.231,0.0,365346.133
2014,Rio Grande,BRRS005,1958560.916,0.0,0.0
2014,Rio Grande,BRRS007,1979321.291,0.0,383497.983
2014,Rio Grande,BRRS012,0.0,0.0,351291.0
2014,Rio de Janeiro -  Niterói,BRRIO,6744203.332,274081.133,20791.067
2014,Rio de Janeiro -  Niterói,BRRJ003,218157.898,0.0,0.0
2014,Rio de Janeiro -  Niterói,BRRJ005,0.0,112.53,0.0
2014,Rio de Janeiro -  Niterói,BRRJ007,0.0,605.129,0.0
2014,Rio de Janeiro -  Niterói,BRRJ008,64340.163,144300.826,20920.765
2014,Rio de Janeiro -  Niterói,BRRJ010,1271817.336,8937340.828,0.0
2014,Rio de Janeiro -  Niterói,BRRJ015,55742.342,0.0,0.0
2014,Rio de Janeiro -  Niterói,BRRJ017,0.0,21811.234,0.0
2014,Rio de Janeiro -  Niterói,BRRJ018,2977298.855,0.0,0.0
2014,Rio de Janeiro -  Niterói,BRRJ019,0.0,110702.413,2500.0
2014,Rio de Janeiro -  Niterói,BRRJ021,0.0,14562.406,0.0
2014,Rio de Janeiro -  Niterói,BRRJ024,0.0,1081.9,0.0
2014,Santarém,BRPA017,0.0,0.0,109600.0
2014,Santarém,BRPA028,0.0,0.0,60642.449
2014,Santarém,BRSTM,1681933.73,0.0,2832491.401
2014,Santos,BRSP001,2207537.836,0.0,0.0
2014,Santos,BRSP002,2706884.9,517925.892,31950.185
2014,Santos,BRSP004,1977084.175,0.0,0.0
2014,Santos,BRSP005,151885.0,513354.0,0.0
2014,Santos,BRSP008,2473559.916,775486.41,534484.28
2014,Santos,BRSP009,0.0,20460.954,0.0
2014,Santos,BRSSZ,83333307.547,3514879.688,336848.182
2014,Suape - Recife,BRPE001,104767.442,29074.621,0.0
2014,Suape - Recife,BRREC,1477135.72,15690.91,2259.91
2014,Suape - Recife,BRSUA,6548094.481,5766680.605,213445.1
2014,São Francisco do Sul,BRSC007,1700342.245,8825410.149,0.0
2014,São Francisco do Sul,BRSC011,4686152.894,223783.402,35911.106
2014,São Francisco do Sul,BRSFS,10766861.482,1884756.45,37281.658
2014,São João da Barra,BRRJ020,239591.0,0.0,0.0
2014,São Sebastião,BRSP006,12030907.916,38782122.391,793.929
2014,São Sebastião,BRSSO,690199.142,0.0,0.0
2014,Vila do Conde - Belém,BRBEL,641248.22,1513589.027,2653588.608
2014,Vila do Conde - Belém,BRPA005,88728.68,0.0,88728.68
2014,Vila do Conde - Belém,BRPA006,1648356.46,0.0,1648356.46
2014,Vila do Conde - Belém,BRPA013,0.0,0.0,395645.084
2014,Vila do Conde - Belém,BRPA014,88709.766,0.0,240147.852
2014,Vila do Conde - Belém,BRPA016,0.0,0.0,393643.0
2014,Vila do Conde - Belém,BRPA018,969217.545,0.0,1555396.153
2014,Vila do Conde - Belém,BRVDC,9230825.39,5491142.08,14988264.62
2014,Vitória,BRES001,108886065.089,826921.548,0.0
2014,Vitória,BRES002,25854377.0,0.0,0.0
2014,Vitória,BRES003,11250924.85,81827.89,0.0
2014,Vitória,BRES004,3697875.366,4844.519,0.0
2014,Vitória,BRES007,0.0,64179.694,0.0
2014,Vitória,BRVIX,5741240.647,919093.443,11983.399
2014,Óbidos,BRPA001,7991908.0,0.0,7991908.0
2015,Almeirim,BRPA002,199214.26,0.0,199214.26
2015,Almeirim,BRPA004,148997.771,0.0,148997.771
2015,Angra dos Reis,BRADR,2865.717,0.0,0.0
2015,Angra dos Reis,BRRJ009,19684405.684,16784844.196,0.0
2015,Angra dos Reis,BRRJ012,4267.739,8975.012,0.0
2015,Aracajú,BRSE001,892926.959,0.0,0.0
2015,Aracajú,BRSE002,0.0,51807.628,0.0
2015,Aratu - Salvador,BRARB,4877424.654,464243.61,34862.225
2015,Aratu - Salvador,BRBA002,115650.607,0.0,0.0
2015,Aratu - Salvador,BRBA003,2617056.482,12936809.972,262347.776
2015,Aratu - Salvador,BRBA006,245940.896,143928.38,0.0
2015,Aratu - Salvador,BRBA007,4114641.135,106726.96,0.0
2015,Aratu - Salvador,BRBA008,150633.774,0.0,0.0
2015,Aratu - Salvador,BRBA009,2189642.997,0.0,0.0
2015,Aratu - Salvador,BRSSA,3003700.893,868814.455,94171.703
2015,Areia Branca,BRARE,1121496.0,2010.7,748.4
2015,Barra do Riacho,BRES006,6080309.639,3027944.131,0.0
2015,Cabedelo (Instalação Isolada),BRCDO,638019.917,605147.208,28370.398
2015,Corumbá,BRMS001,0.0,0.0,1822904.052
2015,Corumbá,BRMS002,0.0,0.0,2648112.666
2015,Corumbá,BRMS003,0.0,0.0,15.661
2015,Corumbá,BRMS005,0.0,0.0,6055.0
2015,Forno,BRFNO,124276.28,0.0,0.0
2015,Ilhéus,BRBA004,0.0,374537.31,0.0
2015,Ilhéus,BRIOS,387787.376,1060.0,0.0
2015,Imbituba,BRIBB,2918434.241,162434.651,12361.491
2015,Itaguaí,BRIGI,55871479.784,639136.959,155547.64
2015,Itaguaí,BRRJ001,46650964.0,0.0,0.0
2015,Itaguaí,BRRJ016,7839140.064,21889.388,0.0
2015,Itaguaí,BRRJ023,163491.066,0.0,0.0
2015,Itajaí,BRITJ,2650778.443,189447.589,45001.914
2015,Itajaí,BRSC001,127902.426,0.0,0.0
2015,Itajaí,BRSC008,7351177.465,116950.156,7151.338
2015,Itajaí,BRSC012,67945.74,214.04,0.0
2015,Itajaí,BRSC013,0.0,1074.225,0.0
2015,Itajaí,BRSC017,6993.18,0.0,0.0
2015,Itaqui,BRIQI,17395140.903,2789671.182,158110.457
2015,Itaqui,BRMA001,4821346.288,9750571.831,9526792.106
2015,Itaqui,BRMA002,124430224.01,0.0,0.0
2015,Macapá,BRAP003,0.0,0.0,94018.0
2015,Macapá,BRMCP,1014295.1,236575.719,1255128.074
2015,Maceió,BRAL001,0.0,6141.1,0.0
2015,Maceió,BRMCZ,1719345.752,450660.152,4864.183
2015,Manaus,BRAM001,0.0,0.0,62396.267
2015,Manaus,BRAM003,219352.152,0.0,219352.152
2015,Manaus,BRAM004,0.0,0.0,1300.8
2015,Manaus,BRAM006,772582.813,1902768.534,2679197.99
2015,Manaus,BRAM007,0.0,0.0,85053.199
2015,Manaus,BRAM008,0.0,0.0,282066.0
2015,Manaus,BRAM010,0.0,0.0,60058.791
2015,Manaus,BRAM011,293893.858,2113338.298,3979068.514
2015,Manaus,BRAM012,644379.793,0.0,666437.034
2015,Manaus,BRAM013,72023.262,5992.022,78015.284
2015,Manaus,BRAM014,3684456.825,0.0,7093792.071
2015,Manaus,BRAM015,0.0,0.0,132986.89
2015,Manaus,BRAM016,0.0,0.0,63066.603
2015,Manaus,BRAM017,0.0,0.0,503019.522
2015,Manaus,BRAM018,0.0,0.0,46927.45
2015,Manaus,BRAM025,22980.102,248573.356,1103278.074
2015,Manaus,BRAM028,0.0,0.0,135122.21
2015,Manaus,BRMAO,29816.341,30503.908,60320.249
2015,Natal,BRNAT,553375.071,4137.511,649.626
2015,Natal,BRRN001,93252.494,1150430.739,15516.298
2015,Não Classificado,BR,0.0,0.0,5889680.0
2015,Paranaguá - Antonina,BRANT,675615.6,106591.418,0.0
2015,Paranaguá - Antonina,BRPNG,38590063.974,1107050.306,64486.05
2015,Paranaguá - Antonina,BRPR002,2194225.754,0.0,0.0
2015,Paranaguá - Antonina,BRPR005,7712.654,1275.141,0.0
2015,Pecém - Fortaleza,BRCE001,5977210.196,596836.39,86335.959
2015,Pecém - Fortaleza,BRFOR,1665072.567,2791499.042,19240.716
2015,Porto Alegre,BRPOA,705215.815,82881.25,939189.618
2015,Porto Alegre,BRRS003,45784.686,1800.769,296008.731
2015,Porto Alegre,BRRS006,0.0,0.0,98367.5
2015,Porto Alegre,BRRS009,4759613.68,7544504.055,0.0
2015,Porto Alegre,BRRS014,0.0,20335.593,20335.593
2015,Porto Alegre,BRRS015,0.0,0.0,78896.63
2015,Porto Alegre,BRRS016,0.0,24282.073,24282.073
2015,Porto Velho,BRPVH,2013.0,0.0,114797.974
2015,Porto Velho,BRRO001,0.0,0.0,44289.04
2015,Porto Velho,BRRO002,0.0,0.0,55479.115
2015,Porto Velho,BRRO003,0.0,0.0,51738.168
2015,Porto Velho,BRRO005,0.0,0.0,2198.259
2015,Porto Velho,BRRO007,0.0,170936.155,319527.007
2015,Rio Grande,BRPET,0.0,0.0,7374.38
2015,Rio Grande,BRRIG,17866724.82,1111242.848,2241319.961
2015,Rio Grande,BRRS001,2236324.51,0.0,0.0
2015,Rio Grande,BRRS002,5591689.275,59652.214,721102.925
2015,Rio Grande,BRRS005,2464763.276,0.0,0.0
2015,Rio Grande,BRRS007,1878241.121,0.0,349996.892
2015,Rio Grande,BRRS012,0.0,0.0,215798.17
2015,Rio de Janeiro -  Niterói,BRRIO,5349153.161,153320.225,0.0
2015,Rio de Janeiro -  Niterói,BRRJ003,225180.74,4433.038,0.0
2015,Rio de Janeiro -  Niterói,BRRJ008,136851.904,154593.374,10535.719
2015,Rio de Janeiro -  Niterói,BRRJ010,1201232.798,8336302.798,0.0
2015,Rio de Janeiro -  Niterói,BRRJ014,0.0,66.936,0.0
2015,Rio de Janeiro -  Niterói,BRRJ015,55950.571,0.0,0.0
2015,Rio de Janeiro -  Niterói,BRRJ017,0.0,11091.0,0.0
2015,Rio de Janeiro -  Niterói,BRRJ018,1365160.617,0.0,0.0
2015,Rio de Janeiro -  Niterói,BRRJ019,0.0,120166.38,1273.175
2015,Rio de Janeiro -  Niterói,BRRJ021,0.0,21009.523,0.0
2015,Rio de Janeiro -  Niterói,BRRJ024,0.0,1900.0,0.0
2015,Santarém,BRPA017,0.0,0.0,87506.0
2015,Santarém,BRPA028,0.0,0.0,66170.472
2015,Santarém,BRSTM,2778558.541,0.0,4948721.344
2015,Santos,BRSP001,2744568.059,0.0,0.0
2015,Santos,BRSP002,2230866.925,246056.434,0.0
2015,Santos,BRSP004,2200851.98,0.0,0.0
2015,Santos,BRSP005,121490.0,465634.0,0.0
2015,Santos,BRSP008,3552470.837,736805.35,536256.6
2015,Santos,BRSP009,252.048,19429.337,0.0
2015,Santos,BRSSZ,90746170.902,3845298.022,281727.89
2015,Suape - Recife,BRPE001,2337.444,2.682,0.0
2015,Suape - Recife,BRREC,1393491.62,2129.0,0.0
2015,Suape - Recife,BRSUA,6473021.751,8275616.715,224344.99
2015,São Francisco do Sul,BRSC007,1511004.257,8708201.77,0.0
2015,São Francisco do Sul,BRSC011,5535416.218,234598.019,32203.724
2015,São Francisco do Sul,BRSFS,10941511.977,1558979.803,63528.544
2015,São João da Barra,BRRJ020,8820145.0,0.0,0.0
2015,São João da Barra,BRRJ022,82455.565,0.0,0.0
2015,São João da Barra,BRRJ025,0.0,5.918,0.0
2015,São João da Barra,BRRJ026,0.0,351.852,0.0
2015,São João da Barra,BRRJ039,0.0,1702.609,0.0
2015,São Sebastião,BRSP006,7283243.064,39537503.294,2121.442
2015,São Sebastião,BRSSO,704770.782,0.0,0.0
2015,Vila do Conde - Belém,BRBEL,560399.244,1333887.12,2518376.295
2015,Vila do Conde - Belém,BRPA005,798885.575,0.0,798885.575
2015,Vila do Conde - Belém,BRPA006,1587009.78,0.0,1587009.78
2015,Vila do Conde - Belém,BRPA013,0.0,0.0,257564.838
2015,Vila do Conde - Belém,BRPA014,74236.428,0.0,225075.323
2015,Vila do Conde - Belém,BRPA016,0.0,0.0,290183.0
2015,Vila do Conde - Belém,BRPA018,1989044.425,1851.171,3434556.835
2015,Vila do Conde - Belém,BRVDC,9940804.252,5096347.621,14865132.581
2015,Vitória,BRES001,113027862.338,629176.785,0.0
2015,Vitória,BRES002,26357542.324,0.0,0.0
2015,Vitória,BRES003,12269602.397,23969.534,0.0
2015,Vitória,BRES004,6692799.821,80237.532,0.0
2015,Vitória,BRES005,0.0,19585.817,0.0
2015,Vitória,BRES007,0.0,58993.266,0.0
2015,Vitória,BRES020,0.0,80.524,0.0
2015,Vitória,BRVIX,5295441.267,872789.74,17440.198
2015,Óbidos,BRPA001,9253366.0,0.0,9253366.0
2016,Almeirim,BRPA002,141492.444,785.56,142278.004
2016,Almeirim,BRPA004,210066.527,11960.152,222026.679
2016,Angra dos Reis,BRRJ009,20125769.365,17953948.233,0.0
2016,Angra dos Reis,BRRJ012,11649.734,10270.616,0.0
2016,Aracajú,BRSE001,635704.207,0.0,0.0
2016,Aracajú,BRSE002,0.0,67656.035,0.0
2016,Aratu - Salvador,BRARB,4995003.821,392139.654,0.0
2016,Aratu - Salvador,BRBA002,120420.41,0.0,0.0
2016,Aratu - Salvador,BRBA003,3279882.277,10764156.22,63043.697
2016,Aratu - Salvador,BRBA006,141373.34,43101.0,0.0
2016,Aratu - Salvador,BRBA007,2845256.353,32826.829,0.0
2016,Aratu - Salvador,BRBA008,109259.117,0.0,0.0
2016,Aratu - Salvador,BRBA009,479351.515,58887.814,0.0
2016,Aratu - Salvador,BRSSA,3264023.242,980222.29,98140.323
2016,Areia Branca,BRARE,1051295.0,1084.3,0.0
2016,Barra do Riacho,BRES006,5987472.725,3520520.856,0.0
2016,Barra do Riacho,BRES013,5161.0,3995.0,0.0
2016,Cabedelo (Instalação Isolada),BRCDO,526867.24,436109.584,0.0
2016,Corumbá,BRMS001,0.0,0.0,1253778.858
2016,Corumbá,BRMS002,0.0,0.0,2053713.0
2016,Forno,BRFNO,13537.18,24410.0,0.0
2016,Ilhéus,BRIOS,209961.78,0.0,0.0
2016,Imbituba,BRIBB,4273843.131,192174.416,12519.102
2016,Itaguaí,BRIGI,57669408.545,440386.808,142516.595
2016,Itaguaí,BRRJ001,46139203.393,0.0,0.0
2016,Itaguaí,BRRJ016,7484235.102,0.0,0.0
2016,Itaguaí,BRRJ023,6309693.506,0.0,0.0
2016,Itajaí,BRITJ,1505857.448,59843.505,38697.256
2016,Itajaí,BRSC001,135208.474,0.0,0.0
2016,Itajaí,BRSC008,8979547.582,228118.273,16665.622
2016,Itajaí,BRSC012,57734.293,0.0,0.0
2016,Itajaí,BRSC013,0.0,770.225,0.0
2016,Itajaí,BRSC017,6291.584,6012.86,0.0
2016,Itaqui,BRIQI,13665189.098,2371323.692,126927.979
2016,Itaqui,BRMA001,4920804.78,9240519.591,9001057.0
2016,Itaqui,BRMA002,146638205.873,0.0,0.0
2016,LDC Pederneiras (Instalação Isolada),BRSP011,0.0,0.0,417918.006
2016,Macapá,BRAP003,0.0,0.0,85343.0
2016,Macapá,BRMCP,722219.074,25868.86,748087.934
2016,Maceió,BRAL001,11875.933,7618.39,3037.751
2016,Maceió,BRMCZ,1291886.704,441355.576,0.0
2016,Manaus,BRAM001,0.0,0.0,33098.997
2016,Manaus,BRAM003,200208.0,0.0,200208.0
2016,Manaus,BRAM004,0.0,0.0,5037.9
2016,Manaus,BRAM006,881503.237,1947727.861,2831758.444
2016,Manaus,BRAM007,0.0,0.0,130979.975
2016,Manaus,BRAM008,0.0,0.0,164583.0
2016,Manaus,BRAM010,0.0,0.0,3543.916
2016,Manaus,BRAM011,109164.98,1962103.754,3659825.041
2016,Manaus,BRAM012,443955.448,0.0,493964.773
2016,Manaus,BRAM013,83728.48,0.0,83728.48
2016,Manaus,BRAM014,3512351.426,0.0,7227802.912
2016,Manaus,BRAM015,0.0,0.0,45244.5
2016,Manaus,BRAM016,0.0,0.0,176829.311
2016,Manaus,BRAM017,0.0,0.0,498932.521
2016,Manaus,BRAM018,0.0,0.0,27413.085
2016,Manaus,BRAM025,214195.537,121831.608,1078534.455
2016,Manaus,BRAM028,0.0,0.0,98740.55
2016,Manaus,BRAM032,0.0,0.0,136648.682
2016,Manaus,BRMAO,18653.44,22545.644,41199.084
2016,Natal,BRNAT,623525.085,29121.576,7725.726
2016,Natal,BRRN001,0.0,1097968.404,12120.667
2016,Não Classificado,BR,0.0,0.0,5319554.94
2016,Paranaguá - Antonina,BRANT,1305962.218,0.0,0.0
2016,Paranaguá - Antonina,BRPNG,37653520.231,1010883.844,46001.35
2016,Paranaguá - Antonina,BRPR002,3651906.771,21925.0,0.0
2016,Paranaguá - Antonina,BRPR005,10486.254,0.0,0.0
2016,Pecém - Fortaleza,BRCE001,7392799.016,3260385.047,75220.764
2016,Pecém - Fortaleza,BRFOR,1925791.459,2489016.343,29398.236
2016,Porto Alegre,BRPOA,730408.15,84847.04,1049346.619
2016,Porto Alegre,BRRS003,57861.743,8538.889,542192.076
2016,Porto Alegre,BRRS006,0.0,0.0,97590.0
2016,Porto Alegre,BRRS009,3994830.533,7763355.337,67791.172
2016,Porto Alegre,BRRS013,0.0,0.0,4594.35
2016,Porto Alegre,BRRS014,0.0,3537.427,26400.243
2016,Porto Alegre,BRRS015,0.0,0.0,135741.05
2016,Porto Alegre,BRRS016,0.0,13675.997,33951.621
2016,Porto Velho,BRPVH,0.0,0.0,219707.362
2016,Porto Velho,BRRO001,0.0,0.0,27883.3
2016,Porto Velho,BRRO002,0.0,0.0,44853.077
2016,Porto Velho,BRRO003,0.0,0.0,63169.682
2016,Porto Velho,BRRO005,0.0,0.0,8557.397
2016,Porto Velho,BRRO007,0.0,212046.611,350470.049
2016,Rio Grande,BRPET,0.0,0.0,2897.44
2016,Rio Grande,BRRIG,18065172.537,836481.233,2642785.893
2016,Rio Grande,BRRS001,2770010.669,0.0,0.0
2016,Rio Grande,BRRS002,5063563.251,0.0,665080.424
2016,Rio Grande,BRRS005,1798369.46,0.0,0.0
2016,Rio Grande,BRRS007,2146602.924,0.0,302396.018
2016,Rio Grande,BRRS012,0.0,0.0,199075.0
2016,Rio de Janeiro -  Niterói,BRNTR,914.38,0.0,0.0
2016,Rio de Janeiro -  Niterói,BRRIO,4919825.526,271010.164,171.57
2016,Rio de Janeiro -  Niterói,BRRJ003,237489.123,4848.819,0.0
2016,Rio de Janeiro -  Niterói,BRRJ008,35804.091,80016.808,0.0
2016,Rio de Janeiro -  Niterói,BRRJ010,741163.521,9058256.34,0.0
2016,Rio de Janeiro -  Niterói,BRRJ014,0.0,1426.3,0.0
2016,Rio de Janeiro -  Niterói,BRRJ015,59211.254,0.0,0.0
2016,Rio de Janeiro -  Niterói,BRRJ017,0.0,5355.0,0.0
2016,Rio de Janeiro -  Niterói,BRRJ018,333845.252,0.0,0.0
2016,Rio de Janeiro -  Niterói,BRRJ019,0.0,144566.178,0.0
2016,Rio de Janeiro -  Niterói,BRRJ055,0.0,41.0,0.0
2016,Santarém,BRPA017,0.0,0.0,118483.0
2016,Santarém,BRPA028,0.0,0.0,64947.697
2016,Santarém,BRSTM,2669302.301,1389.495,4694664.521
2016,Santos,BRSP001,2800590.182,0.0,0.0
2016,Santos,BRSP002,257461.723,102522.7,0.0
2016,Santos,BRSP004,2084411.605,0.0,0.0
2016,Santos,BRSP005,166879.0,487540.0,0.0
2016,Santos,BRSP008,5614313.38,304934.85,201544.04
2016,Santos,BRSP009,0.0,497.283,0.0
2016,Santos,BRSSZ,86075578.162,3995839.214,485018.369
2016,Suape - Recife,BRPE001,20175.194,12431.247,0.0
2016,Suape - Recife,BRREC,1461329.0,58553.0,0.0
2016,Suape - Recife,BRSUA,7284556.144,9706227.913,310765.473
2016,São Francisco do Sul,BRSC007,564926.845,7978604.497,0.0
2016,São Francisco do Sul,BRSC011,5486170.902,304123.433,36405.565
2016,São Francisco do Sul,BRSFS,8351045.724,1470988.968,36842.15
2016,São João da Barra,BRRJ020,15861023.0,0.0,0.0
2016,São João da Barra,BRRJ022,54423.787,0.0,0.0
2016,São João da Barra,BRRJ025,0.0,4.04,0.0
2016,São João da Barra,BRRJ026,0.0,88.255,0.0
2016,São João da Barra,BRRJ039,0.0,2490.283,0.0
2016,São João da Barra,BRRJ067,955219.195,955219.195,0.0
2016,São Sebastião,BRSP006,4708797.228,39895141.768,2984.4
2016,São Sebastião,BRSSO,601900.823,0.0,0.0
2016,Vila do Conde - Belém,BRBEL,284026.288,1049298.632,2105077.445
2016,Vila do Conde - Belém,BRPA005,896978.446,3471.385,1247544.069
2016,Vila do Conde - Belém,BRPA006,1563921.72,0.0,1563921.72
2016,Vila do Conde - Belém,BRPA013,0.0,0.0,255763.951
2016,Vila do Conde - Belém,BRPA014,32738.768,0.0,161237.877
2016,Vila do Conde - Belém,BRPA016,0.0,0.0,218879.0
2016,Vila do Conde - Belém,BRPA018,1763087.896,0.0,3385795.142
2016,Vila do Conde - Belém,BRPA043,540738.792,0.0,916207.957
2016,Vila do Conde - Belém,BRVDC,10648754.536,4926163.856,15512157.561
2016,Vitória,BRES001,106583507.517,390561.352,0.0
2016,Vitória,BRES002,162755.0,0.0,0.0
2016,Vitória,BRES003,10456590.991,292536.701,0.0
2016,Vitória,BRES004,6764026.001,9983.796,0.0
2016,Vitória,BRES005,0.0,21308.361,0.0
2016,Vitória,BRES007,0.0,55026.719,0.0
2016,Vitória,BRES020,0.0,221.221,0.0
2016,Vitória,BRVIX,5402669.085,795648.495,22535.062
2016,Óbidos,BRPA001,9328416.0,0.0,9328416.0
2016,Óbidos,BRPA019,1044955.0,0.0,1044955.0
2017,Almeirim,BRPA002,168539.49,692.224,169231.714
2017,Almeirim,BRPA004,199686.477,14047.93,213734.407
2017,Angra dos Reis,BRRJ009,22362826.709,19802403.734,0.0
2017,Angra dos Reis,BRRJ012,216983.493,545.028,0.0
2017,Aracajú,BRSE001,449468.188,2753.382,1.0
2017,Aratu - Salvador,BRARB,5723605.427,456172.365,0.0
2017,Aratu - Salvador,BRBA002,112402.763,0.0,0.0
2017,Aratu - Salvador,BRBA003,2994302.071,9622870.597,123552.201
2017,Aratu - Salvador,BRBA006,190654.2,45150.0,0.0
2017,Aratu - Salvador,BRBA007,4868791.708,95573.716,0.0
2017,Aratu - Salvador,BRBA008,128454.073,0.0,0.0
2017,Aratu - Salvador,BRBA009,720372.854,20869.64,0.0
2017,Aratu - Salvador,BRSSA,3490764.78,1049812.534,84508.053
2017,Areia Branca,BRARE,955393.0,124090.9,0.0
2017,Barra do Riacho,BRES006,6079538.593,3174955.862,0.0
2017,Barra do Riacho,BRES013,845.231,6047.21,0.0
2017,Cabedelo (Instalação Isolada),BRCDO,594611.234,375525.625,0.0
2017,Coari (Instalação Isolada),BRAM009,0.0,0.0,696.751
2017,Corumbá,BRMS001,0.0,0.0,1630361.127
2017,Corumbá,BRMS002,0.0,0.0,2766427.0
2017,Corumbá,BRMS005,0.0,0.0,183796.385
2017,Ilhéus,BRIOS,237446.937,0.0,0.0
2017,Imbituba,BRIBB,3818893.701,241041.782,21058.176
2017,Itaguaí,BRIGI,51614654.214,548917.363,158350.834
2017,Itaguaí,BRRJ001,43549106.726,0.0,0.0
2017,Itaguaí,BRRJ016,6812545.232,0.0,0.0
2017,Itaguaí,BRRJ023,9452090.0,0.0,0.0
2017,Itaituba,BRPA064,0.0,0.0,100075.248
2017,Itaituba,BRPA068,0.0,0.0,144097.56
2017,Itajaí,BRITJ,1730284.988,109130.542,47978.951
2017,Itajaí,BRSC001,130215.173,0.0,0.0
2017,Itajaí,BRSC008,9011900.909,244110.769,31867.458
2017,Itajaí,BRSC012,89795.091,0.0,0.0
2017,Itajaí,BRSC017,4499.969,37021.146,0.0
2017,Itaqui,BRIQI,16809291.233,2234968.542,52675.861
2017,Itaqui,BRMA001,5172665.784,9825755.214,9528238.861
2017,Itaqui,BRMA002,165049529.0,0.0,0.0
2017,LDC Pederneiras (Instalação Isolada),BRSP011,0.0,0.0,496021.009
2017,Macapá,BRAP003,0.0,0.0,103685.0
2017,Macapá,BRMCP,1116537.009,135751.234,1466367.781
2017,Maceió,BRAL001,95162.763,0.0,0.0
2017,Maceió,BRMCZ,1297944.471,502091.385,0.0
2017,Manaus,BRAM001,0.0,0.0,51621.416
2017,Manaus,BRAM003,250594.843,0.0,250594.843
2017,Manaus,BRAM006,1308915.483,1031666.486,2340827.46
2017,Manaus,BRAM007,0.0,0.0,150406.534
2017,Manaus,BRAM008,0.0,0.0,198460.0
2017,Manaus,BRAM011,108348.767,1598596.94,3290263.036
2017,Manaus,BRAM012,617303.218,969070.46,1637955.036
2017,Manaus,BRAM013,76715.02,0.0,76715.02
2017,Manaus,BRAM014,4423467.694,14293.52,8478913.811
2017,Manaus,BRAM015,0.0,0.0,56882.94
2017,Manaus,BRAM016,0.0,0.0,188828.381
2017,Manaus,BRAM017,0.0,0.0,451488.15
2017,Manaus,BRAM018,0.0,0.0,3634.675
2017,Manaus,BRAM021,444831.717,0.0,550665.738
2017,Manaus,BRAM025,735474.835,191896.342,1649703.153
2017,Manaus,BRAM028,0.0,0.0,99281.73
2017,Manaus,BRAM032,0.0,44.238,120519.926
2017,Manaus,BRAM034,0.0,0.0,3.646
2017,Manaus,BRMAO,0.0,14101.0,14101.0
2017,Natal,BRNAT,766874.792,45823.633,2500.245
2017,Natal,BRRN001,0.0,992075.312,16263.35
2017,Não Classificado,BR,0.0,0.0,5923895.018
2017,Paranaguá - Antonina,BRANT,1077714.869,0.0,0.0
2017,Paranaguá - Antonina,BRPNG,43193235.98,1335327.086,46252.265
2017,Paranaguá - Antonina,BRPR002,5848349.908,58506.055,0.0
2017,Pecém - Fortaleza,BRCE001,9604609.646,5413576.377,93458.912
2017,Pecém - Fortaleza,BRFOR,2388264.013,2427394.989,26673.724
2017,Porto Alegre,BRPOA,785206.802,33726.24,1048948.526
2017,Porto Alegre,BRRS003,9353.675,0.0,352889.436
2017,Porto Alegre,BRRS006,0.0,0.0,68029.0
2017,Porto Alegre,BRRS009,4215293.074,6482326.036,0.0
2017,Porto Alegre,BRRS010,0.0,0.0,68.758
2017,Porto Alegre,BRRS014,0.0,0.0,8089.878
2017,Porto Alegre,BRRS015,0.0,0.0,91067.628
2017,Porto Alegre,BRRS016,0.0,9148.761,11505.534
2017,Porto Alegre,BRRS022,0.0,0.0,263616.987
2017,Porto Velho,BRPVH,0.0,684.0,373728.677
2017,Porto Velho,BRRO001,0.0,0.0,3024.0
2017,Porto Velho,BRRO002,0.0,0.0,44281.837
2017,Porto Velho,BRRO003,0.0,0.0,67242.229
2017,Porto Velho,BRRO005,0.0,0.0,1824.929
2017,Porto Velho,BRRO007,0.0,297696.587,382965.703
2017,Porto Velho,BRRO010,0.0,0.0,23066.236
2017,Porto Velho,BRRO016,0.0,0.0,79154.19
2017,Porto Velho,BRRO022,0.0,0.0,20858.512
2017,Porto Velho,BRRO025,0.0,0.0,159858.051
2017,Rio Grande,BRPET,0.0,0.0,594.0
2017,Rio Grande,BRRIG,20276445.858,610805.156,2656325.15
2017,Rio Grande,BRRS001,2402748.841,0.0,0.0
2017,Rio Grande,BRRS002,4968698.002,0.0,744403.856
2017,Rio Grande,BRRS005,2561907.38,0.0,0.0
2017,Rio Grande,BRRS007,2253398.705,0.0,268989.408
2017,Rio Grande,BRRS012,0.0,0.0,178536.0
2017,Rio de Janeiro -  Niterói,BRRIO,4863822.15,291077.294,1992.105
2017,Rio de Janeiro -  Niterói,BRRJ003,272517.079,2194.871,0.0
2017,Rio de Janeiro -  Niterói,BRRJ008,5983.392,106236.778,0.0
2017,Rio de Janeiro -  Niterói,BRRJ010,1255569.21,8335498.81,0.0
2017,Rio de Janeiro -  Niterói,BRRJ014,0.0,24.65,0.0
2017,Rio de Janeiro -  Niterói,BRRJ015,55517.641,0.0,0.0
2017,Rio de Janeiro -  Niterói,BRRJ017,0.0,6683.84,0.0
2017,Rio de Janeiro -  Niterói,BRRJ018,122731.092,0.0,0.0
2017,Rio de Janeiro -  Niterói,BRRJ019,17673.282,113469.146,0.0
2017,Rio de Janeiro -  Niterói,BRRJ056,0.0,239.0,0.0
2017,Rio de Janeiro -  Niterói,BRRJ057,164996.23,0.0,0.0
2017,Santarém,BRPA017,0.0,0.0,144237.0
2017,Santarém,BRPA028,0.0,0.0,73943.79
2017,Santarém,BRSTM,4256808.187,0.0,7879438.544
2017,Santos,BRSP001,7373888.558,0.0,0.0
2017,Santos,BRSP002,359163.391,41359.343,0.0
2017,Santos,BRSP004,2359551.656,0.0,0.0
2017,Santos,BRSP005,259515.0,437681.0,0.0
2017,Santos,BRSP008,6341324.928,374017.16,301190.28
2017,Santos,BRSSZ,92795579.059,4823882.79,556278.537
2017,Sem complexo - Terminal Isolado,BRAC001,0.0,0.0,2057.2
2017,Sem complexo - Terminal Isolado,BRPR003,1785.0,0.0,0.0
2017,Suape - Recife,BRPE001,46440.592,0.0,0.0
2017,Suape - Recife,BRREC,1306107.0,61463.0,0.0
2017,Suape - Recife,BRSUA,8261886.46,9236817.436,319478.85
2017,São Francisco do Sul,BRSC007,156562.363,8197554.958,0.0
2017,São Francisco do Sul,BRSC011,5856872.657,352527.04,50104.18
2017,São Francisco do Sul,BRSFS,9942117.003,1822033.314,54702.719
2017,São João da Barra,BRRJ020,16189534.934,0.0,0.0
2017,São João da Barra,BRRJ022,419829.272,0.0,0.0
2017,São João da Barra,BRRJ025,0.0,2090.514,0.0
2017,São João da Barra,BRRJ039,0.0,4246.66,0.0
2017,São João da Barra,BRRJ051,27351.803,250.75,0.0
2017,São João da Barra,BRRJ067,1844364.532,1844365.3,0.0
2017,São Sebastião,BRSP006,5448072.48,41270206.882,2297.723
2017,São Sebastião,BRSSO,537152.965,0.0,0.0
2017,Vila do Conde - Belém,BRBEL,362435.681,1331413.831,2266242.638
2017,Vila do Conde - Belém,BRPA005,2290788.964,10177.47,3659305.504
2017,Vila do Conde - Belém,BRPA006,1407856.03,0.0,1407856.03
2017,Vila do Conde - Belém,BRPA013,0.0,0.0,258134.998
2017,Vila do Conde - Belém,BRPA014,29270.377,0.0,170549.062
2017,Vila do Conde - Belém,BRPA016,0.0,0.0,240387.0
2017,Vila do Conde - Belém,BRPA018,2539904.78,0.0,4501362.361
2017,Vila do Conde - Belém,BRPA043,2917949.447,0.0,5597739.972
2017,Vila do Conde - Belém,BRPA065,0.0,0.0,6919.971
2017,Vila do Conde - Belém,BRVDC,10520727.27,4992570.905,15995797.449
2017,Vitória,BRES001,107318767.593,490299.217,0.0
2017,Vitória,BRES002,472030.846,0.0,0.0
2017,Vitória,BRES003,11525822.009,1654731.093,0.0
2017,Vitória,BRES004,6252326.695,1778.668,0.0
2017,Vitória,BRES005,0.0,240.87,0.0
2017,Vitória,BRES007,0.0,48024.006,0.0
2017,Vitória,BRES020,0.0,61.99,0.0
2017,Vitória,BRVIX,5861701.98,800350.089,34183.702
2017,Óbidos,BRPA001,7387646.0,0.0,7387646.0
2017,Óbidos,BRPA019,1522250.0,0.0,1522250.0
2018,Almeirim,BRPA002,162911.241,0.0,162911.241
2018,Almeirim,BRPA004,217193.271,7130.039,224323.31
2018,Angra dos Reis,BRRJ009,22596963.986,20123058.188,137594.488
2018,Angra dos Reis,BRRJ012,352710.0,0.0,0.0
2018,Aracajú,BRSE001,516240.997,2982.933,0.0
2018,Aratu - Salvador,BRARB,5376340.264,402156.09,0.0
2018,Aratu - Salvador,BRBA002,76856.753,5592.609,0.0
2018,Aratu - Salvador,BRBA003,1767713.433,10675953.461,424585.095
2018,Aratu - Salvador,BRBA006,313988.52,157634.0,4760.0
2018,Aratu - Salvador,BRBA007,5294103.546,0.0,0.0
2018,Aratu - Salvador,BRBA008,126669.059,0.0,0.0
2018,Aratu - Salvador,BRBA009,1095392.316,0.0,0.0
2018,Aratu - Salvador,BRSSA,3234494.446,956844.559,72993.373
2018,Areia Branca,BRARE,1344153.0,173395.6,2817.1
2018,Barra do Riacho,BRES006,6021309.91,4186256.498,0.0
2018,Barra do Riacho,BRES013,1621.46,6742.263,0.0
2018,Cabedelo (Instalação Isolada),BRCDO,728440.654,452119.69,7307.055
2018,Coari (Instalação Isolada),BRAM009,0.0,0.0,358.852
2018,Corumbá,BRMS001,0.0,0.0,1220846.465
2018,Corumbá,BRMS002,0.0,0.0,2477534.0
2018,Corumbá,BRMS005,0.0,0.0,438883.138
2018,Estrela,BRRS004,0.0,0.0,4098.541
2018,Ilhéus,BRIOS,187966.607,0.0,0.0
2018,Imbituba,BRIBB,4382694.95,286795.039,2234.17
2018,Itaguaí,BRIGI,54877167.268,584003.871,192385.009
2018,Itaguaí,BRRJ001,41182971.266,0.0,0.0
2018,Itaguaí,BRRJ016,7525480.152,50997.08,0.0
2018,Itaguaí,BRRJ023,10637500.0,0.0,0.0
2018,Itaituba,BRPA064,0.0,0.0,109569.543
2018,Itajaí,BRITJ,3044936.907,319133.92,105614.955
2018,Itajaí,BRSC001,109925.065,0.0,0.0
2018,Itajaí,BRSC008,7805158.925,97765.461,3454.159
2018,Itajaí,BRSC012,94170.507,43.896,0.0
2018,Itajaí,BRSC017,0.0,28443.0,0.0
2018,Itaqui,BRIQI,18529277.794,2935037.1,159171.528
2018,Itaqui,BRMA001,4825900.416,9930403.666,9657016.939
2018,Itaqui,BRMA002,192869008.0,0.0,0.0
2018,Macapá,BRAP003,0.0,0.0,104524.0
2018,Macapá,BRMCP,962297.111,51561.313,1194365.565
2018,Maceió,BRAL001,148967.644,0.0,0.0
2018,Maceió,BRMCZ,1229299.928,387632.953,0.0
2018,Manaus,BRAM001,0.0,0.0,50522.877
2018,Manaus,BRAM003,112610.874,0.0,112610.874
2018,Manaus,BRAM006,1587898.426,1353040.767,2941944.776
2018,Manaus,BRAM007,0.0,0.0,203124.073
2018,Manaus,BRAM008,0.0,0.0,242809.0
2018,Manaus,BRAM011,163842.58,1831402.944,3244910.174
2018,Manaus,BRAM012,656939.686,838516.419,1592150.744
2018,Manaus,BRAM013,72626.412,0.0,72626.412
2018,Manaus,BRAM014,5000338.338,15621.208,9252231.259
2018,Manaus,BRAM015,0.0,0.0,31872.57
2018,Manaus,BRAM016,0.0,0.0,232116.935
2018,Manaus,BRAM017,0.0,0.0,446214.885
2018,Manaus,BRAM018,0.0,0.0,225.057
2018,Manaus,BRAM021,508764.245,0.0,610421.99
2018,Manaus,BRAM025,189313.67,719291.009,1538835.339
2018,Manaus,BRAM028,0.0,0.0,121627.02
2018,Manaus,BRAM032,0.0,209.84,119434.546
2018,Manaus,BRAM034,0.0,0.0,233.323
2018,Manaus,BRAM081,0.0,0.0,23467.248
2018,Manaus,BRAM087,0.0,0.0,11494.865
2018,Manaus,BRMAO,0.0,9769.772,9769.772
2018,Natal,BRNAT,685295.223,22209.788,5131.74
2018,Natal,BRRN001,0.0,988373.14,15220.506
2018,Não Classificado,BR,0.0,0.0,5534314.304
2018,Paranaguá - Antonina,BRANT,774281.211,0.0,0.0
2018,Paranaguá - Antonina,BRPNG,45753752.692,1944648.219,127757.604
2018,Paranaguá - Antonina,BRPR002,3839356.867,273682.193,0.0
2018,Pecém - Fortaleza,BRCE001,9082008.187,6693462.283,201513.473
2018,Pecém - Fortaleza,BRFOR,2436172.138,2154786.028,63391.577
2018,Porto Alegre,BRPOA,680727.507,51728.175,880953.345
2018,Porto Alegre,BRRS003,15959.948,1057.784,1240818.396
2018,Porto Alegre,BRRS006,0.0,0.0,118108.0
2018,Porto Alegre,BRRS009,3833112.323,6820411.434,41436.02
2018,Porto Alegre,BRRS013,0.0,0.0,955345.7
2018,Porto Alegre,BRRS014,0.0,1802.541,20995.826
2018,Porto Alegre,BRRS015,0.0,0.0,111569.778
2018,Porto Alegre,BRRS016,0.0,5440.645,30304.424
2018,Porto Alegre,BRRS022,0.0,0.0,272567.285
2018,Porto Velho,BRPVH,0.0,0.0,405014.508
2018,Porto Velho,BRRO002,0.0,0.0,51173.984
2018,Porto Velho,BRRO003,0.0,0.0,11018.048
2018,Porto Velho,BRRO005,0.0,0.0,358.997
2018,Porto Velho,BRRO007,0.0,320417.707,384378.745
2018,Porto Velho,BRRO010,0.0,0.0,297054.863
2018,Porto Velho,BRRO016,0.0,0.0,114191.129
2018,Porto Velho,BRRO022,0.0,0.0,3802.809
2018,Porto Velho,BRRO025,0.0,0.0,227799.174
2018,Rio Grande,BRRIG,20900840.915,679055.277,3067070.074
2018,Rio Grande,BRRS001,2010210.049,0.0,0.0
2018,Rio Grande,BRRS002,6596992.49,0.0,733018.939
2018,Rio Grande,BRRS005,2158025.726,0.0,0.0
2018,Rio Grande,BRRS007,2479139.988,2990.338,443455.049
2018,Rio Grande,BRRS012,0.0,0.0,159198.0
2018,Rio de Janeiro -  Niterói,BRRIO,5622243.378,331951.34,1996.76
2018,Rio de Janeiro -  Niterói,BRRJ003,232646.219,0.0,0.0
2018,Rio de Janeiro -  Niterói,BRRJ008,9463.59,127848.751,0.0
2018,Rio de Janeiro -  Niterói,BRRJ010,1759836.214,9381847.752,0.0
2018,Rio de Janeiro -  Niterói,BRRJ015,80048.897,0.0,0.0
2018,Rio de Janeiro -  Niterói,BRRJ017,0.0,8633.0,0.0
2018,Rio de Janeiro -  Niterói,BRRJ018,479009.421,0.0,0.0
2018,Rio de Janeiro -  Niterói,BRRJ019,22103.782,82242.645,0.0
2018,Rio de Janeiro -  Niterói,BRRJ057,186256.156,0.0,0.0
2018,Santarém,BRPA017,0.0,0.0,106757.0
2018,Santarém,BRPA028,0.0,0.0,72379.845
2018,Santarém,BRSTM,4913812.151,0.0,9215783.377
2018,Santos,BRSP001,9559805.686,0.0,0.0
2018,Santos,BRSP002,568654.005,214255.003,0.0
2018,Santos,BRSP004,2649783.802,0.0,0.0
2018,Santos,BRSP005,223644.0,486965.0,0.0
2018,Santos,BRSP008,6085835.302,543016.1,177871.31
2018,Santos,BRSSZ,94443837.006,5269667.945,766427.174
2018,Sem complexo - Terminal Isolado,BRAC001,0.0,0.0,9977.28
2018,Sem complexo - Terminal Isolado,BRPR003,15901.055,0.0,0.0
2018,Suape - Recife,BRPE001,12417.061,0.0,0.0
2018,Suape - Recife,BRREC,1063173.0,3437.0,0.0
2018,Suape - Recife,BRSUA,7641821.378,9997813.226,278840.687
2018,São Francisco do Sul,BRSC007,705120.762,8140502.965,0.0
2018,São Francisco do Sul,BRSC011,5909868.199,525950.477,49377.312
2018,São Francisco do Sul,BRSFS,9612082.562,1745417.755,66496.237
2018,São João da Barra,BRRJ020,3216839.0,0.0,0.0
2018,São João da Barra,BRRJ022,570480.109,0.0,0.0
2018,São João da Barra,BRRJ025,0.0,343.0,0.0
2018,São João da Barra,BRRJ039,0.0,1437.127,0.0
2018,São João da Barra,BRRJ051,0.0,1.56,0.0
2018,São João da Barra,BRRJ067,5124976.965,5124977.044,0.0
2018,São Sebastião,BRSP006,3936798.85,37074181.023,34790.166
2018,São Sebastião,BRSSO,693799.635,0.0,0.0
2018,Vila do Conde - Belém,BRBEL,416317.925,1258322.289,2326969.681
2018,Vila do Conde - Belém,BRPA005,3163934.03,0.0,5101973.289
2018,Vila do Conde - Belém,BRPA006,1388470.56,0.0,1388470.56
2018,Vila do Conde - Belém,BRPA013,0.0,0.0,227492.912
2018,Vila do Conde - Belém,BRPA014,7101.34,0.0,101643.51
2018,Vila do Conde - Belém,BRPA016,0.0,0.0,256891.0
2018,Vila do Conde - Belém,BRPA018,2814467.359,0.0,5091984.049
2018,Vila do Conde - Belém,BRPA043,3354365.86,0.0,6110892.19
2018,Vila do Conde - Belém,BRPA065,0.0,0.0,20083.604
2018,Vila do Conde - Belém,BRVDC,7569288.304,3363219.138,11105009.116
2018,Vitória,BRES001,102132815.874,547069.26,0.0
2018,Vitória,BRES002,1128645.0,0.0,0.0
2018,Vitória,BRES003,11014242.852,1676110.429,0.0
2018,Vitória,BRES004,5433585.223,34943.89,0.0
2018,Vitória,BRES005,0.0,313.634,0.0
2018,Vitória,BRES007,0.0,116394.331,0.0
2018,Vitória,BRVIX,5524279.088,915180.508,38180.395
2018,Óbidos,BRPA001,7189630.0,0.0,7189630.0
2018,Óbidos,BRPA019,1683058.0,0.0,1683058.0
2018,Óbidos,BRPA036,0.0,0.0,1054.098
2019,Almeirim,BRPA002,130945.841,0.0,130945.841
2019,Almeirim,BRPA004,127943.889,13001.09,140944.979
2019,Angra dos Reis,BRRJ009,27196522.189,24158871.701,0.0
2019,Angra dos Reis,BRRJ012,1640.42,158.488,0.0
2019,Aracajú,BRSE001,461652.667,7508.747,0.0
2019,Aracajú,BRSE002,0.0,5840.804,0.0
2019,Aratu - Salvador,BRARB,5477153.12,231953.91,0.0
2019,Aratu - Salvador,BRBA002,68733.12,11872.905,0.0
2019,Aratu - Salvador,BRBA003,1537356.622,10772351.864,365749.362
2019,Aratu - Salvador,BRBA006,559859.34,43001.0,0.0
2019,Aratu - Salvador,BRBA007,4788815.876,0.0,0.0
2019,Aratu - Salvador,BRBA008,82519.075,0.0,0.0
2019,Aratu - Salvador,BRBA009,55802.849,7082.426,0.0
2019,Aratu - Salvador,BRSSA,3708846.539,953027.501,64174.722
2019,Areia Branca,BRARE,1455976.0,152502.6,0.0
2019,Barra do Riacho,BRES006,4968916.882,3171925.96,0.0
2019,Barra do Riacho,BRES013,97511.82,0.0,0.0
2019,Cabedelo (Instalação Isolada),BRCDO,772180.48,466437.545,0.0
2019,Corumbá,BRMS001,0.0,0.0,1402369.28
2019,Corumbá,BRMS002,0.0,0.0,2205381.0
2019,Corumbá,BRMS005,0.0,0.0,261575.784
2019,Ilhéus,BRIOS,147411.3,0.0,0.0
2019,Imbituba,BRIBB,4896209.311,194356.338,155.85
2019,Itaguaí,BRIGI,41592451.61,650677.775,179316.684
2019,Itaguaí,BRRJ001,21007815.0,0.0,0.0
2019,Itaguaí,BRRJ016,6595373.193,1457115.638,0.0
2019,Itaguaí,BRRJ023,16445893.0,0.0,0.0
2019,Itaituba,BRPA064,0.0,0.0,8452.335
2019,Itaituba,BRPA091,0.0,0.0,33330.459
2019,Itajaí,BRITJ,4214494.875,456873.694,135778.555
2019,Itajaí,BRSC001,17413.871,0.0,0.0
2019,Itajaí,BRSC008,7642511.352,139350.994,0.0
2019,Itajaí,BRSC012,54450.414,58470.34,0.0
2019,Itajaí,BRSC013,19592.25,0.0,0.0
2019,Itajaí,BRSC017,0.0,45357.312,0.0
2019,Itaqui,BRIQI,21386615.201,1978245.268,184481.05
2019,Itaqui,BRMA001,5005102.868,9298840.599,9065473.162
2019,Itaqui,BRMA002,184329244.0,0.0,0.0
2019,Macapá,BRAP003,0.0,0.0,111606.0
2019,Macapá,BRMCP,1183444.562,0.0,1465395.098
2019,Maceió,BRAL001,268684.095,2998.59,0.0
2019,Maceió,BRMCZ,1167704.268,327756.006,4492.766
2019,Manaus,BRAM001,0.0,0.0,52701.645
2019,Manaus,BRAM003,0.0,246579.576,246579.576
2019,Manaus,BRAM006,1853211.596,3022402.806,4877491.052
2019,Manaus,BRAM007,0.0,0.0,200721.038
2019,Manaus,BRAM008,0.0,0.0,204242.0
2019,Manaus,BRAM011,127293.785,1957269.481,3222250.868
2019,Manaus,BRAM012,693615.706,0.0,827213.055
2019,Manaus,BRAM013,103402.538,0.0,103402.538
2019,Manaus,BRAM014,5078539.776,5521.077,9326185.841
2019,Manaus,BRAM015,0.0,0.0,14495.05
2019,Manaus,BRAM016,0.0,0.0,269874.998
2019,Manaus,BRAM017,0.0,0.0,469133.762
2019,Manaus,BRAM018,0.0,0.0,1166.265
2019,Manaus,BRAM021,588021.519,0.0,749988.751
2019,Manaus,BRAM025,101006.185,1155529.018,2055369.263
2019,Manaus,BRAM028,0.0,0.0,95884.28
2019,Manaus,BRAM032,0.0,0.0,140116.72
2019,Manaus,BRAM034,0.0,0.0,111.923
2019,Manaus,BRAM081,0.0,0.0,31515.8
2019,Manaus,BRAM087,0.0,0.0,53737.338
2019,Natal,BRNAT,678300.608,21821.872,2911.26
2019,Natal,BRRN001,0.0,905687.581,33383.563
2019,Não Classificado,BR,0.0,0.0,5459444.38
2019,Paranaguá - Antonina,BRANT,908376.982,0.0,0.0
2019,Paranaguá - Antonina,BRPNG,46247080.548,1593217.377,49238.761
2019,Paranaguá - Antonina,BRPR002,3567561.805,0.0,0.0
2019,Pecém - Fortaleza,BRCE001,8617623.227,7146601.353,332079.731
2019,Pecém - Fortaleza,BRFOR,2964288.765,1306025.587,44740.793
2019,Porto Alegre,BRPOA,739799.202,153578.43,988926.279
2019,Porto Alegre,BRRS003,43416.366,0.0,639997.719
2019,Porto Alegre,BRRS006,0.0,0.0,124745.0
2019,Porto Alegre,BRRS009,4265884.252,6232460.201,0.0
2019,Porto Alegre,BRRS013,0.0,0.0,1072537.3
2019,Porto Alegre,BRRS014,0.0,5209.778,5209.778
2019,Porto Alegre,BRRS015,0.0,0.0,44701.625
2019,Porto Alegre,BRRS016,0.0,22370.02,39181.366
2019,Porto Alegre,BRRS022,0.0,0.0,302997.62
2019,Porto Alegre,BRRS028,0.0,0.0,197113.21
2019,Porto Velho,BRPVH,0.0,0.0,385682.119
2019,Porto Velho,BRRO002,0.0,0.0,59063.446
2019,Porto Velho,BRRO005,0.0,0.0,675.319
2019,Porto Velho,BRRO007,0.0,335898.421,411810.302
2019,Porto Velho,BRRO010,0.0,0.0,314468.43
2019,Porto Velho,BRRO016,0.0,0.0,45951.139
2019,Porto Velho,BRRO022,0.0,0.0,2683.915
2019,Porto Velho,BRRO025,0.0,0.0,302125.83
2019,Rio Grande,BRRIG,19917974.115,695136.629,3117517.875
2019,Rio Grande,BRRS001,1959673.596,0.0,0.0
2019,Rio Grande,BRRS002,6129699.466,0.0,706937.666
2019,Rio Grande,BRRS005,2414103.92,0.0,0.0
2019,Rio Grande,BRRS007,1637684.325,0.0,282577.857
2019,Rio Grande,BRRS012,0.0,0.0,95423.89
2019,Rio de Janeiro -  Niterói,BRRIO,6798705.813,440114.297,2947.929
2019,Rio de Janeiro -  Niterói,BRRJ003,220424.562,0.0,0.0
2019,Rio de Janeiro -  Niterói,BRRJ008,6997.534,37003.15,0.0
2019,Rio de Janeiro -  Niterói,BRRJ010,2014565.585,10375241.529,8679.856
2019,Rio de Janeiro -  Niterói,BRRJ013,0.0,0.36,0.0
2019,Rio de Janeiro -  Niterói,BRRJ014,0.0,0.42,0.0
2019,Rio de Janeiro -  Niterói,BRRJ015,84624.204,0.0,0.0
2019,Rio de Janeiro -  Niterói,BRRJ017,0.0,457764.0,0.0
2019,Rio de Janeiro -  Niterói,BRRJ019,35276.619,91992.27,3496.136
2019,Rio de Janeiro -  Niterói,BRRJ057,189345.413,0.0,0.0
2019,Santarém,BRPA017,0.0,0.0,107773.0
2019,Santarém,BRPA028,0.0,0.0,58150.457
2019,Santarém,BRSTM,6747077.987,0.0,12189455.238
2019,Santos,BRSP001,11036745.648,0.0,0.0
2019,Santos,BRSP002,536666.43,422824.846,0.0
2019,Santos,BRSP004,2437253.162,0.0,0.0
2019,Santos,BRSP005,207070.182,459545.0,0.0
2019,Santos,BRSP008,5790474.605,1045191.34,471088.89
2019,Santos,BRSP009,0.0,225.0,0.0
2019,Santos,BRSSZ,95307966.466,4600107.196,592730.315
2019,Sem complexo - Terminal Isolado,BRAC001,0.0,0.0,2206.76
2019,Sem complexo - Terminal Isolado,BRPR003,9677.395,0.0,0.0
2019,Sem complexo - Terminal Isolado,BRSP023,0.0,0.0,182902.107
2019,Suape - Recife,BRPE001,828.903,0.0,0.0
2019,Suape - Recife,BRREC,1188065.0,3552.0,0.0
2019,Suape - Recife,BRSUA,8669167.207,9497906.106,195517.034
2019,São Francisco do Sul,BRSC007,551984.385,8025835.08,0.0
2019,São Francisco do Sul,BRSC011,6770782.041,323278.978,81774.268
2019,São Francisco do Sul,BRSFS,9368524.33,1798222.586,19020.68
2019,São João da Barra,BRRJ020,23042251.0,0.0,0.0
2019,São João da Barra,BRRJ022,688346.352,180.24,0.0
2019,São João da Barra,BRRJ025,0.0,6004.366,0.0
2019,São João da Barra,BRRJ039,0.0,3847.786,0.0
2019,São João da Barra,BRRJ053,0.0,49642.42,0.0
2019,São João da Barra,BRRJ067,9666099.382,9666099.382,0.0
2019,São Sebastião,BRSP006,4429304.47,37074654.138,42378.339
2019,São Sebastião,BRSSO,715013.272,16921.45,8949.36
2019,Vila do Conde - Belém,BRBEL,726743.875,893105.972,2323754.59
2019,Vila do Conde - Belém,BRPA005,3475895.43,14578.365,5483429.313
2019,Vila do Conde - Belém,BRPA006,1216826.56,0.0,1216826.56
2019,Vila do Conde - Belém,BRPA013,0.0,0.0,268295.899
2019,Vila do Conde - Belém,BRPA014,7191.0,0.0,42950.894
2019,Vila do Conde - Belém,BRPA016,0.0,0.0,234515.0
2019,Vila do Conde - Belém,BRPA018,2965183.056,0.0,5238914.957
2019,Vila do Conde - Belém,BRPA043,4546313.542,0.0,8010224.197
2019,Vila do Conde - Belém,BRPA065,0.0,0.0,26939.874
2019,Vila do Conde - Belém,BRPA067,0.0,0.0,72.688
2019,Vila do Conde - Belém,BRPA108,0.0,0.0,3200.0
2019,Vila do Conde - Belém,BRVDC,9310324.268,3367483.847,13646323.781
2019,Vitória,BRES001,73226045.824,385384.177,0.0
2019,Vitória,BRES002,388427.0,0.0,0.0
2019,Vitória,BRES003,10099152.328,2290331.386,0.0
2019,Vitória,BRES004,5373549.447,66641.586,0.0
2019,Vitória,BRES005,0.0,105.93,0.0
2019,Vitória,BRES007,0.0,30701.127,0.0
2019,Vitória,BRES020,0.0,36.3,0.0
2019,Vitória,BRVIX,4167437.67,1475350.514,38614.674
2019,Vitória do Xingu,BRPA066,0.0,0.0,14244.841
2019,Óbidos,BRPA001,5080913.0,0.0,5080913.0
2019,Óbidos,BRPA019,1508286.0,0.0,1508286.0
2020,Almeirim,BRPA002,115102.31,0.0,115102.31
2020,Almeirim,BRPA004,205877.192,5008.673,210885.865
2020,Angra dos Reis,BRADR,514.413,0.0,0.0
2020,Angra dos Reis,BRRJ009,30179147.092,29562717.581,0.0
2020,Aracajú,BRSE001,459263.591,3517.876,0.0
2020,Aracajú,BRSE002,0.0,24648.578,0.0
2020,Aratu - Salvador,BRARB,5262517.34,139261.79,9743.234
2020,Aratu - Salvador,BRBA002,61406.577,8669.222,0.0
2020,Aratu - Salvador,BRBA003,3691761.884,12499402.96,177962.715
2020,Aratu - Salvador,BRBA006,525285.868,0.0,0.0
2020,Aratu - Salvador,BRBA007,4981978.494,0.0,0.0
2020,Aratu - Salvador,BRBA008,63766.646,0.0,0.0
2020,Aratu - Salvador,BRBA009,889902.464,49731.0,0.0
2020,Aratu - Salvador,BRSSA,3843084.714,924151.538,68955.843
2020,Areia Branca,BRARE,996459.0,10402.1,0.0
2020,Barra do Riacho,BRES006,5369537.369,2964228.856,0.0
2020,Barra do Riacho,BRES010,0.0,31648.63,0.0
2020,Barra do Riacho,BRES013,2996.055,1300.0,0.0
2020,Cabedelo (Instalação Isolada),BRCDO,636746.776,404225.06,0.0
2020,Corumbá,BRMS001,0.0,0.0,370211.0
2020,Corumbá,BRMS002,0.0,0.0,1652104.0
2020,Corumbá,BRMS005,0.0,0.0,166433.287
2020,Ilhéus,BRIOS,322094.816,0.0,0.0
2020,Imbituba,BRIBB,5097392.269,129515.568,4789.112
2020,Itaguaí,BRIGI,44102218.399,1206953.858,149562.285
2020,Itaguaí,BRRJ001,23743666.01,0.0,0.0
2020,Itaguaí,BRRJ016,6705859.216,1524232.45,0.0
2020,Itaguaí,BRRJ023,18906762.882,413635.0,0.0
2020,Itaituba,BRPA064,0.0,0.0,139634.054
2020,Itaituba,BRPA091,0.0,0.0,80884.725
2020,Itaituba,BRPA214,0.0,0.0,142831.285
2020,Itajaí,BRITJ,4768260.878,498905.212,138276.637
2020,Itajaí,BRSC008,8987708.962,121530.083,2801.361
2020,Itajaí,BRSC012,24775.423,7409.865,6995.865
2020,Itajaí,BRSC013,13559.176,0.0,0.0
2020,Itajaí,BRSC017,0.0,46555.55,0.0
2020,Itaqui,BRIQI,21985729.27,2616985.739,272207.678
2020,Itaqui,BRMA001,5095580.262,10172446.413,9889710.482
2020,Itaqui,BRMA002,186882538.0,0.0,0.0
2020,Macapá,BRAP003,0.0,0.0,25624.0
2020,Macapá,BRMCP,1019893.866,0.0,1309982.095
2020,Maceió,BRAL001,274058.019,21683.054,0.0
2020,Maceió,BRMCZ,1489889.592,240048.159,9406.276
2020,Manaus,BRAM001,0.0,0.0,66378.159
2020,Manaus,BRAM003,0.0,243386.197,243386.197
2020,Manaus,BRAM006,1904722.606,2912093.63,4819769.707
2020,Manaus,BRAM007,0.0,0.0,265337.048
2020,Manaus,BRAM008,0.0,0.0,221900.0
2020,Manaus,BRAM011,135929.539,1895853.925,3092551.468
2020,Manaus,BRAM012,693992.787,0.0,785794.369
2020,Manaus,BRAM013,85616.161,0.0,85616.161
2020,Manaus,BRAM014,4931183.43,0.0,9319356.78
2020,Manaus,BRAM015,0.0,0.0,2144.0
2020,Manaus,BRAM016,0.0,0.0,292148.052
2020,Manaus,BRAM017,0.0,0.0,651597.468
2020,Manaus,BRAM018,0.0,0.0,304.783
2020,Manaus,BRAM021,575050.524,0.0,743059.174
2020,Manaus,BRAM025,44905.759,1419852.688,2163105.405
2020,Manaus,BRAM028,0.0,0.0,103469.55
2020,Manaus,BRAM032,0.0,486.252,102266.95
2020,Manaus,BRAM034,0.0,0.0,60.122
2020,Manaus,BRAM081,0.0,0.0,30.109
2020,Manaus,BRAM087,0.0,0.0,140996.53
2020,Manaus,BRAM104,0.0,0.0,24111.394
2020,Natal,BRNAT,687005.812,8994.946,820.8
2020,Natal,BRRN001,23138.308,722721.92,15556.355
2020,Não Classificado,BR,0.0,0.0,3695657.586
2020,Paranaguá - Antonina,BRANT,924741.049,13259.02,0.0
2020,Paranaguá - Antonina,BRPNG,49713961.889,1497937.264,33171.116
2020,Paranaguá - Antonina,BRPR002,3992610.123,88394.38,0.0
2020,Pecém - Fortaleza,BRCE001,6916275.21,6690102.387,362507.922
2020,Pecém - Fortaleza,BRFOR,3135844.196,1322474.977,25545.486
2020,Porto Alegre,BRPOA,642549.779,66462.107,810424.127
2020,Porto Alegre,BRRS003,23660.153,0.0,1581228.269
2020,Porto Alegre,BRRS006,0.0,0.0,122079.0
2020,Porto Alegre,BRRS008,0.0,0.0,1224.78
2020,Porto Alegre,BRRS009,3291377.771,8231588.003,3077.726
2020,Porto Alegre,BRRS010,0.0,0.0,16500.134
2020,Porto Alegre,BRRS013,0.0,0.0,921835.7
2020,Porto Alegre,BRRS015,0.0,0.0,39894.694
2020,Porto Alegre,BRRS016,0.0,18281.896,39510.711
2020,Porto Alegre,BRRS022,0.0,0.0,315169.79
2020,Porto Alegre,BRRS028,0.0,0.0,59502.35
2020,Porto Velho,BRPVH,0.0,0.0,463850.356
2020,Porto Velho,BRRO002,0.0,0.0,102603.825
2020,Porto Velho,BRRO005,0.0,0.0,20637.475
2020,Porto Velho,BRRO007,0.0,32611.759,328245.372
2020,Porto Velho,BRRO009,0.0,0.0,424485.186
2020,Porto Velho,BRRO010,0.0,0.0,267699.087
2020,Porto Velho,BRRO025,0.0,0.0,359111.732
2020,Rio Grande,BRRIG,19238412.083,763332.04,2773691.825
2020,Rio Grande,BRRS001,2146247.758,0.0,0.0
2020,Rio Grande,BRRS002,4905069.04,0.0,450130.868
2020,Rio Grande,BRRS005,1951103.128,0.0,0.0
2020,Rio Grande,BRRS007,1870062.159,0.0,101612.842
2020,Rio de Janeiro -  Niterói,BRRIO,7460696.412,784135.129,0.0
2020,Rio de Janeiro -  Niterói,BRRJ003,262143.955,0.0,0.0
2020,Rio de Janeiro -  Niterói,BRRJ008,0.0,100657.01,0.0
2020,Rio de Janeiro -  Niterói,BRRJ010,2122459.012,10363532.756,0.0
2020,Rio de Janeiro -  Niterói,BRRJ015,87649.168,0.0,0.0
2020,Rio de Janeiro -  Niterói,BRRJ018,632387.558,16.41,0.0
2020,Rio de Janeiro -  Niterói,BRRJ019,30861.523,128165.694,0.0
2020,Rio de Janeiro -  Niterói,BRRJ056,0.0,2418.0,0.0
2020,Rio de Janeiro -  Niterói,BRRJ057,188804.647,0.0,0.0
2020,Santarém,BRPA017,0.0,0.0,249219.0
2020,Santarém,BRSTM,7345231.172,0.0,13957726.898
2020,Santos,BRSP001,12834721.624,0.0,0.0
2020,Santos,BRSP002,429333.087,191905.309,0.0
2020,Santos,BRSP004,2489003.695,0.0,0.0
2020,Santos,BRSP005,282107.0,345707.0,0.0
2020,Santos,BRSP008,8116110.967,1129676.04,529979.24
2020,Santos,BRSSZ,102421984.473,4389285.955,578403.137
2020,Sem complexo - Terminal Isolado,BRRR001,0.0,0.0,30441.647
2020,Sem complexo - Terminal Isolado,BRSP023,0.0,0.0,278488.607
2020,Suape - Recife,BRREC,1229042.112,2513.915,0.0
2020,Suape - Recife,BRSUA,8854619.207,11319455.103,226210.645
2020,São Francisco do Sul,BRSC007,124561.23,8996948.97,96388.73
2020,São Francisco do Sul,BRSC011,6789459.464,376023.858,88576.765
2020,São Francisco do Sul,BRSFS,9960731.742,1801029.584,43412.839
2020,São João da Barra,BRRJ020,23849335.0,0.0,0.0
2020,São João da Barra,BRRJ022,671713.778,0.0,0.0
2020,São João da Barra,BRRJ025,0.0,88901.802,0.0
2020,São João da Barra,BRRJ026,0.0,12.0,0.0
2020,São João da Barra,BRRJ039,0.0,774.523,0.0
2020,São João da Barra,BRRJ053,0.0,19743.73,0.0
2020,São João da Barra,BRRJ067,14666256.435,14943983.928,0.0
2020,São Sebastião,BRSP006,7031719.556,41319541.712,103327.235
2020,São Sebastião,BRSSO,795690.699,0.0,0.0
2020,Vila do Conde - Belém,BRBEL,886168.18,894037.361,2628772.221
2020,Vila do Conde - Belém,BRPA005,4431232.235,20287.89,5899843.659
2020,Vila do Conde - Belém,BRPA006,891577.928,0.0,891577.928
2020,Vila do Conde - Belém,BRPA013,0.0,0.0,321254.969
2020,Vila do Conde - Belém,BRPA014,14467.296,0.0,14467.296
2020,Vila do Conde - Belém,BRPA016,0.0,0.0,280911.0
2020,Vila do Conde - Belém,BRPA018,1095094.49,0.0,3542307.376
2020,Vila do Conde - Belém,BRPA043,5765699.491,0.0,10723595.262
2020,Vila do Conde - Belém,BRPA065,0.0,0.0,43576.353
2020,Vila do Conde - Belém,BRVDC,9846526.82,5042143.59,15175475.04
2020,Vitória,BRES001,51609441.363,495352.647,0.0
2020,Vitória,BRES002,976225.837,0.0,0.0
2020,Vitória,BRES003,8888264.803,1186057.62,0.0
2020,Vitória,BRES004,3746507.15,96316.396,0.0
2020,Vitória,BRES005,0.0,103.93,0.0
2020,Vitória,BRES007,0.0,48061.695,0.0
2020,Vitória,BRES020,0.0,19.5,0.0
2020,Vitória,BRVIX,3688233.124,1522882.617,22450.6
2020,Vitória do Xingu,BRPA066,0.0,0.0,18137.679
2020,Óbidos,BRPA001,4325482.0,0.0,4325482.0
2020,Óbidos,BRPA019,452845.0,0.0,452845.0
2021,Almeirim,BRPA002,125979.31,0.0,125979.31
2021,Almeirim,BRPA004,136264.037,13003.013,149267.05
2021,Almeirim,BRPA208,0.0,0.0,2114.0
2021,Angra dos Reis,BRADR,3922.283,15000.0,0.0
2021,Angra dos Reis,BRRJ009,31878488.011,31321859.832,0.0
2021,Angra dos Reis,BRRJ012,167117.0,0.0,0.0
2021,Aracajú,BRSE001,785001.886,4096.105,0.0
2021,Aratu - Salvador,BRARB,6222336.8,442744.864,0.0
2021,Aratu - Salvador,BRBA002,73427.579,3974.877,0.0
2021,Aratu - Salvador,BRBA003,2957703.177,10588001.598,119880.853
2021,Aratu - Salvador,BRBA006,297474.588,0.0,0.0
2021,Aratu - Salvador,BRBA007,4701977.898,0.0,0.0
2021,Aratu - Salvador,BRBA008,2069.14,0.0,0.0
2021,Aratu - Salvador,BRBA009,1538226.038,26235.404,0.0
2021,Aratu - Salvador,BRBA012,427868.415,0.0,0.0
2021,Aratu - Salvador,BRSSA,4230489.05,896693.324,63096.768
2021,Areia Branca,BRARE,1029745.0,156775.8,0.0
2021,Barra do Riacho,BRES006,5594795.307,1321049.2,0.0
2021,Barra do Riacho,BRES010,0.0,163237.925,0.0
2021,Barra do Riacho,BRES013,8577.83,0.0,0.0
2021,Cabedelo (Instalação Isolada),BRCDO,879375.769,409428.455,3783.415
2021,Corumbá,BRMS001,0.0,0.0,1004707.0
2021,Corumbá,BRMS002,0.0,0.0,1916968.0
2021,Corumbá,BRMS005,0.0,0.0,13918.795
2021,Forno,BRFNO,0.0,19300.0,0.0
2021,Ilhéus,BRIOS,464591.071,0.0,0.0
2021,Imbituba,BRIBB,5952649.296,239224.81,3061.965
2021,Itaguaí,BRIGI,49460960.084,1364987.099,200365.199
2021,Itaguaí,BRRJ001,26334411.862,0.0,0.0
2021,Itaguaí,BRRJ016,7200611.461,320560.0,0.0
2021,Itaguaí,BRRJ023,17787261.09,121951.0,0.0
2021,Itaituba,BRPA064,0.0,0.0,92008.339
2021,Itaituba,BRPA091,0.0,0.0,95248.954
2021,Itaituba,BRPA214,0.0,0.0,219575.646
2021,Itaituba,BRPA230,0.0,0.0,10036.5
2021,Itajaí,BRITJ,4348028.501,555834.079,121880.32
2021,Itajaí,BRSC001,81228.959,0.0,0.0
2021,Itajaí,BRSC008,11825823.642,207405.287,0.0
2021,Itajaí,BRSC012,75466.542,23240.538,0.0
2021,Itajaí,BRSC013,7156.868,0.0,7451.48
2021,Itajaí,BRSC017,0.0,59198.938,0.0
2021,Itaqui,BRIQI,26153469.75,2578777.827,391027.032
2021,Itaqui,BRMA001,4839199.5,9722846.187,9447948.0
2021,Itaqui,BRMA002,178025567.527,0.0,0.0
2021,LDC Pederneiras (Instalação Isolada),BRSP011,0.0,0.0,287518.104
2021,Macapá,BRAP019,0.0,0.0,61887.687
2021,Macapá,BRMCP,2117798.016,0.0,2394363.106
2021,Maceió,BRAL001,183820.241,2003.629,0.0
2021,Maceió,BRMCZ,1804809.546,254813.848,0.0
2021,Manaus,BRAM001,0.0,0.0,55618.859
2021,Manaus,BRAM003,0.0,246981.722,246981.722
2021,Manaus,BRAM006,1971098.746,3116160.99,5045781.954
2021,Manaus,BRAM007,0.0,0.0,270958.629
2021,Manaus,BRAM008,0.0,0.0,282050.0
2021,Manaus,BRAM011,92874.775,1811592.237,2876124.352
2021,Manaus,BRAM012,868905.414,0.0,945976.725
2021,Manaus,BRAM013,59400.0,0.0,59400.0
2021,Manaus,BRAM014,4821545.631,0.0,9335471.781
2021,Manaus,BRAM016,0.0,0.0,362074.236
2021,Manaus,BRAM017,0.0,0.0,773340.333
2021,Manaus,BRAM018,0.0,0.0,434.222
2021,Manaus,BRAM021,661842.582,0.0,835355.108
2021,Manaus,BRAM025,0.0,1190987.625,2035445.699
2021,Manaus,BRAM028,0.0,0.0,140001.0
2021,Manaus,BRAM032,0.0,34.4,88393.563
2021,Manaus,BRAM034,0.0,0.0,60.905
2021,Manaus,BRAM069,0.0,0.0,6.0
2021,Manaus,BRAM075,0.0,0.0,167828.658
2021,Manaus,BRAM081,0.0,0.0,37411.077
2021,Manaus,BRAM087,0.0,0.0,248432.098
2021,Manaus,BRAM104,0.0,0.0,34182.658
2021,Natal,BRNAT,602606.86,5433.518,426.438
2021,Natal,BRRN001,0.0,769761.616,0.0
2021,Não Classificado,BR,0.0,0.0,3156663.584
2021,Paranaguá - Antonina,BRANT,1407996.859,71584.56,0.0
2021,Paranaguá - Antonina,BRPNG,47636780.326,2854070.458,42927.624
2021,Paranaguá - Antonina,BRPR002,4028926.296,43048.812,0.0
2021,Pecém - Fortaleza,BRCE001,10235501.048,7748124.513,495137.027
2021,Pecém - Fortaleza,BRFOR,2734441.862,1680461.676,45526.935
2021,Porto Alegre,BRPOA,745572.086,38359.81,1100940.409
2021,Porto Alegre,BRRS003,31863.298,8239.939,2106132.967
2021,Porto Alegre,BRRS006,0.0,0.0,79988.0
2021,Porto Alegre,BRRS009,4974484.79,8114794.469,0.0
2021,Porto Alegre,BRRS013,0.0,0.0,1436852.3
2021,Porto Alegre,BRRS014,0.0,5502.645,7659.619
2021,Porto Alegre,BRRS015,0.0,0.0,86406.342
2021,Porto Alegre,BRRS016,0.0,5090.895,41594.055
2021,Porto Alegre,BRRS022,0.0,0.0,268510.115
2021,Porto Alegre,BRRS030,0.0,0.0,69003.683
2021,Porto Murtinho,BRMS011,0.0,0.0,218140.663
2021,Porto Velho,BRPVH,0.0,0.0,104458.077
2021,Porto Velho,BRRO002,0.0,0.0,87976.721
2021,Porto Velho,BRRO003,0.0,0.0,45066.116
2021,Porto Velho,BRRO005,0.0,0.0,862.063
2021,Porto Velho,BRRO007,52149.292,0.0,330037.981
2021,Porto Velho,BRRO009,0.0,0.0,525836.676
2021,Porto Velho,BRRO010,0.0,0.0,326708.261
2021,Porto Velho,BRRO011,0.0,0.0,7548.581
2021,Porto Velho,BRRO022,0.0,0.0,8147.62
2021,Porto Velho,BRRO025,0.0,0.0,271844.851
2021,Porto Velho,BRRO030,0.0,0.0,44987.247
2021,Rio Grande,BRPET,0.0,0.0,0.213
2021,Rio Grande,BRRIG,22405500.021,759203.847,2882893.25
2021,Rio Grande,BRRS001,2637580.041,0.0,0.0
2021,Rio Grande,BRRS002,6426346.476,0.0,580913.181
2021,Rio Grande,BRRS005,2626616.06,0.0,0.0
2021,Rio Grande,BRRS007,2544338.657,0.0,261322.162
2021,Rio de Janeiro -  Niterói,BRRIO,8316980.18,1602106.065,0.0
2021,Rio de Janeiro -  Niterói,BRRJ003,197585.575,0.0,0.0
2021,Rio de Janeiro -  Niterói,BRRJ008,24035.729,123158.857,0.0
2021,Rio de Janeiro -  Niterói,BRRJ010,3400302.47,11230566.151,0.0
2021,Rio de Janeiro -  Niterói,BRRJ011,0.0,0.0,1258.996
2021,Rio de Janeiro -  Niterói,BRRJ014,0.0,5.142,0.0
2021,Rio de Janeiro -  Niterói,BRRJ015,120025.218,0.0,0.0
2021,Rio de Janeiro -  Niterói,BRRJ018,3676138.038,38198.107,0.0
2021,Rio de Janeiro -  Niterói,BRRJ019,30827.023,133229.389,0.0
2021,Rio de Janeiro -  Niterói,BRRJ057,131715.368,0.0,0.0
2021,Santarém,BRPA017,0.0,0.0,216563.0
2021,Santarém,BRPA028,0.0,0.0,61828.107
2021,Santarém,BRPA237,0.0,0.0,53675.888
2021,Santarém,BRSTM,5405484.869,5485.65,9462824.235
2021,Santos,BRSP001,11866281.721,0.0,0.0
2021,Santos,BRSP002,682588.451,505949.869,0.0
2021,Santos,BRSP004,2478764.883,0.0,0.0
2021,Santos,BRSP005,151718.0,396778.0,0.0
2021,Santos,BRSP008,9602153.761,1247294.226,569108.56
2021,Santos,BRSP009,0.0,99.68,0.0
2021,Santos,BRSSZ,100115171.849,3909123.479,778500.154
2021,Sem complexo - Terminal Isolado,BRRR001,0.0,0.0,24513.48
2021,Sem complexo - Terminal Isolado,BRSP023,0.0,0.0,102704.503
2021,Suape - Recife,BRREC,1265266.699,3795.4,0.0
2021,Suape - Recife,BRSUA,8094039.331,9381578.344,133488.505
2021,São Francisco do Sul,BRSC007,923721.36,8459481.6,0.0
2021,São Francisco do Sul,BRSC011,7041346.94,672190.239,94274.741
2021,São Francisco do Sul,BRSFS,11132854.107,2225325.651,18069.9
2021,São João da Barra,BRRJ020,23142133.0,0.0,0.0
2021,São João da Barra,BRRJ022,1496004.385,0.0,0.0
2021,São João da Barra,BRRJ025,0.0,8875.07,0.0
2021,São João da Barra,BRRJ039,0.0,2413.138,0.0
2021,São João da Barra,BRRJ067,16174311.179,16281624.541,0.0
2021,São João da Barra,BRRJ074,249553.612,0.0,0.0
2021,São João da Barra,BRRJ078,0.0,63.4,0.0
2021,São Sebastião,BRSP006,5696459.78,44166383.417,0.0
2021,São Sebastião,BRSSO,685157.374,0.0,0.0
2021,Vila do Conde - Belém,BRBEL,780098.318,1128974.646,2708961.736
2021,Vila do Conde - Belém,BRPA005,3363164.75,0.0,3570854.73
2021,Vila do Conde - Belém,BRPA006,766461.73,0.0,766461.73
2021,Vila do Conde - Belém,BRPA013,0.0,0.0,347541.789
2021,Vila do Conde - Belém,BRPA014,7092.261,0.0,7092.261
2021,Vila do Conde - Belém,BRPA016,0.0,0.0,536142.0
2021,Vila do Conde - Belém,BRPA018,3265876.604,0.0,5369391.789
2021,Vila do Conde - Belém,BRPA043,5349374.804,0.0,9136636.481
2021,Vila do Conde - Belém,BRPA061,0.0,0.0,490.881
2021,Vila do Conde - Belém,BRPA065,0.0,0.0,50822.875
2021,Vila do Conde - Belém,BRVDC,10495325.64,5650777.09,16309945.28
2021,Vitória,BRES001,61476486.251,624125.022,0.0
2021,Vitória,BRES002,7354015.052,0.0,0.0
2021,Vitória,BRES003,11223825.583,931275.0,0.0
2021,Vitória,BRES004,4782616.532,238187.771,0.0
2021,Vitória,BRES005,0.0,508.715,0.0
2021,Vitória,BRES007,0.0,48425.023,0.0
2021,Vitória,BRES020,0.0,37.14,0.0
2021,Vitória,BRVIX,4430954.296,1874595.159,16990.0
2021,Vitória do Xingu,BRPA066,0.0,0.0,3949.309
2021,Óbidos,BRPA001,4397442.0,0.0,4397442.0
2021,Óbidos,BRPA019,804305.0,0.0,804305.0
2022,Almeirim,BRPA002,96106.22,0.0,96106.22
2022,Almeirim,BRPA004,75847.047,0.0,75847.047
2022,Almeirim,BRPA208,0.0,0.0,23192.986
2022,Angra dos Reis,BRADR,10892.789,5334.341,0.0
2022,Angra dos Reis,BRRJ009,28202112.28,30056149.819,12293.526
2022,Aracajú,BRSE001,803017.287,2189.669,0.02
2022,Aratu - Salvador,BRARB,5356983.729,934254.632,0.0
2022,Aratu - Salvador,BRBA002,55028.997,2520.097,0.0
2022,Aratu - Salvador,BRBA003,6985093.13,10700088.294,79988.59
2022,Aratu - Salvador,BRBA006,256884.604,0.0,0.0
2022,Aratu - Salvador,BRBA007,5801997.865,0.0,0.0
2022,Aratu - Salvador,BRBA009,882586.772,0.0,0.0
2022,Aratu - Salvador,BRBA012,766076.965,0.0,0.0
2022,Aratu - Salvador,BRSSA,3566019.255,879566.754,75217.941
2022,Areia Branca,BRARE,1490645.0,226556.2,0.0
2022,Barra do Riacho,BRES006,6138000.649,1149368.61,0.0
2022,Barra do Riacho,BRES010,0.0,118467.548,0.0
2022,Barra do Riacho,BRES013,4337.961,0.0,0.0
2022,Cabedelo (Instalação Isolada),BRCDO,853878.821,341518.764,6511.767
2022,Coari (Instalação Isolada),BRAM009,0.0,0.0,1602.803
2022,Corumbá,BRMS001,0.0,0.0,1380242.0
2022,Corumbá,BRMS002,0.0,0.0,2869206.0
2022,Ilhéus,BRIOS,403900.166,0.0,0.0
2022,Imbituba,BRIBB,6134362.705,214699.419,30747.586
2022,Itaguaí,BRIGI,48991734.772,1211974.966,145456.046
2022,Itaguaí,BRRJ001,27659232.0,0.0,0.0
2022,Itaguaí,BRRJ016,7454166.493,418632.0,0.0
2022,Itaguaí,BRRJ023,18392770.591,134173.194,0.0
2022,Itaituba,BRPA064,0.0,0.0,5567.877
2022,Itaituba,BRPA091,0.0,0.0,137952.953
2022,Itaituba,BRPA214,0.0,0.0,226705.66
2022,Itaituba,BRPA230,0.0,0.0,125025.239
2022,Itaituba,BRPA246,0.0,0.0,41574.55
2022,Itaituba,BRPA249,0.0,0.0,624345.028
2022,Itajaí,BRITJ,3204510.046,357182.376,0.0
2022,Itajaí,BRSC001,83833.847,0.0,0.0
2022,Itajaí,BRSC008,11859353.063,332808.524,51465.17
2022,Itajaí,BRSC012,154011.17,900.0,0.0
2022,Itajaí,BRSC013,60124.165,0.0,0.0
2022,Itajaí,BRSC017,0.0,30609.341,0.0
2022,Itaqui,BRIQI,29478768.192,2243109.456,97461.835
2022,Itaqui,BRMA001,4842185.357,10221412.4,9982164.255
2022,Itaqui,BRMA002,164091381.325,0.0,0.0
2022,LDC Pederneiras (Instalação Isolada),BRSP011,0.0,0.0,326358.135
2022,Macapá,BRAP019,0.0,0.0,107065.383
2022,Macapá,BRMCP,1847010.918,0.0,2423070.619
2022,Maceió,BRAL001,61045.655,0.0,0.0
2022,Maceió,BRMCZ,1968438.314,257643.173,2679.932
2022,Manaus,BRAM001,0.0,0.0,76956.353
2022,Manaus,BRAM003,0.0,243799.265,243799.265
2022,Manaus,BRAM006,1653459.524,2795781.544,4450437.711
2022,Manaus,BRAM007,0.0,0.0,270822.87
2022,Manaus,BRAM008,0.0,0.0,265517.0
2022,Manaus,BRAM011,180662.848,1791482.985,3022944.206
2022,Manaus,BRAM012,876155.553,0.0,971097.381
2022,Manaus,BRAM013,73725.0,0.0,73725.0
2022,Manaus,BRAM014,5283403.52,0.0,9998234.187
2022,Manaus,BRAM016,0.0,0.0,433138.077
2022,Manaus,BRAM017,0.0,0.0,678699.92
2022,Manaus,BRAM018,0.0,0.0,359.728
2022,Manaus,BRAM021,286856.133,0.0,466168.163
2022,Manaus,BRAM025,74885.635,1337190.049,2011450.985
2022,Manaus,BRAM028,0.0,0.0,97013.89
2022,Manaus,BRAM032,0.0,311.203,90910.103
2022,Manaus,BRAM034,0.0,0.0,6707.275
2022,Manaus,BRAM069,0.0,0.0,69.0
2022,Manaus,BRAM075,0.0,0.0,96847.361
2022,Manaus,BRAM081,0.0,0.0,35926.907
2022,Manaus,BRAM087,0.0,0.0,107059.225
2022,Manaus,BRAM088,0.0,0.0,66210.689
2022,Manaus,BRAM104,0.0,0.0,7333.377
2022,Manaus,BRAM155,0.0,0.0,72470.864
2022,Natal,BRNAT,643357.032,7864.03,2807.3
2022,Natal,BRRN001,0.0,580116.66,27694.854
2022,Não Classificado,BR,0.0,0.0,2364918.019
2022,Paranaguá - Antonina,BRANT,1269152.502,29569.88,0.0
2022,Paranaguá - Antonina,BRPNG,48011564.233,3002709.567,26393.778
2022,Paranaguá - Antonina,BRPR002,4464835.003,355132.832,0.0
2022,Pecém - Fortaleza,BRCE001,5896298.96,7035950.0,384194.894
2022,Pecém - Fortaleza,BRFOR,2096626.747,1724633.772,68377.639
2022,Porto Alegre,BRPOA,535474.062,47504.63,784891.504
2022,Porto Alegre,BRRS003,33355.402,1599.581,350314.706
2022,Porto Alegre,BRRS009,3586288.72,6995208.68,0.0
2022,Porto Alegre,BRRS013,0.0,0.0,1232233.999
2022,Porto Alegre,BRRS014,0.0,1556.205,1556.205
2022,Porto Alegre,BRRS015,0.0,0.0,46621.67
2022,Porto Alegre,BRRS016,0.0,0.0,57315.832
2022,Porto Alegre,BRRS022,0.0,0.0,62170.291
2022,Porto Alegre,BRRS030,0.0,0.0,386277.864
2022,Porto Murtinho,BRMS011,0.0,0.0,331852.198
2022,Porto Velho,BRPVH,0.0,0.0,81324.247
2022,Porto Velho,BRRO002,0.0,0.0,82159.691
2022,Porto Velho,BRRO003,0.0,0.0,81126.505
2022,Porto Velho,BRRO007,0.0,0.0,270956.681
2022,Porto Velho,BRRO009,0.0,0.0,443951.563
2022,Porto Velho,BRRO010,0.0,0.0,279907.477
2022,Porto Velho,BRRO011,0.0,0.0,20689.5
2022,Porto Velho,BRRO025,0.0,0.0,237273.894
2022,Porto Velho,BRRO030,0.0,604.804,205917.336
2022,Rio Grande,BRPET,0.0,0.0,380.0
2022,Rio Grande,BRRIG,18554768.498,678478.502,2847022.366
2022,Rio Grande,BRRS001,2153009.134,0.0,0.0
2022,Rio Grande,BRRS002,5755833.989,0.0,496375.104
2022,Rio Grande,BRRS005,1679323.251,0.0,0.0
2022,Rio Grande,BRRS007,1381349.476,0.0,117968.14
2022,Rio de Janeiro -  Niterói,BRRIO,8038807.018,2057317.072,52298.47
2022,Rio de Janeiro -  Niterói,BRRJ003,162501.567,0.0,0.0
2022,Rio de Janeiro -  Niterói,BRRJ008,2565.461,91935.41,0.0
2022,Rio de Janeiro -  Niterói,BRRJ010,2093024.936,10158924.662,643.324
2022,Rio de Janeiro -  Niterói,BRRJ014,0.0,26.289,0.0
2022,Rio de Janeiro -  Niterói,BRRJ015,122278.027,0.0,0.0
2022,Rio de Janeiro -  Niterói,BRRJ018,543884.639,0.0,0.0
2022,Rio de Janeiro -  Niterói,BRRJ019,26409.979,96956.856,0.0
2022,Rio de Janeiro -  Niterói,BRRJ027,0.0,132.0,0.0
2022,Rio de Janeiro -  Niterói,BRRJ057,72912.624,43894.84,0.0
2022,Santarém,BRPA017,0.0,0.0,178859.0
2022,Santarém,BRPA028,0.0,0.0,33580.025
2022,Santarém,BRPA237,0.0,546.568,110706.248
2022,Santarém,BRPA297,0.0,0.0,2764.669
2022,Santarém,BRSTM,7150155.03,0.0,12196167.535
2022,Santos,BRSP001,11936520.74,0.0,0.0
2022,Santos,BRSP002,220494.015,800323.085,0.0
2022,Santos,BRSP004,2606316.295,0.0,0.0
2022,Santos,BRSP005,87072.0,430141.0,0.0
2022,Santos,BRSP008,10643871.535,1335281.901,573617.321
2022,Santos,BRSP009,0.0,393.492,0.0
2022,Santos,BRSSZ,112710696.119,3794798.087,792890.261
2022,Sem complexo - Terminal Isolado,BRAM079,0.0,0.0,22000.04
2022,Sem complexo - Terminal Isolado,BRRR001,0.0,0.0,21185.748
2022,Suape - Recife,BRREC,1136935.174,5038.763,0.0
2022,Suape - Recife,BRSUA,8248360.964,10520956.411,170480.464
2022,São Francisco do Sul,BRSC007,932360.23,7675853.511,0.0
2022,São Francisco do Sul,BRSC011,7491887.662,735841.175,154835.574
2022,São Francisco do Sul,BRSFS,10531634.011,2061958.97,0.0
2022,São João da Barra,BRRJ020,21419893.0,0.0,0.0
2022,São João da Barra,BRRJ022,1524264.37,0.0,0.0
2022,São João da Barra,BRRJ025,896.0,13091.127,0.0
2022,São João da Barra,BRRJ039,0.0,2488.774,0.0
2022,São João da Barra,BRRJ053,0.0,7.5,7.5
2022,São João da Barra,BRRJ067,21475428.767,21886272.279,0.0
2022,São João da Barra,BRRJ074,128308.41,0.0,0.0
2022,São João da Barra,BRRJ078,0.0,944.0,0.0
2022,São Sebastião,BRSP006,6802396.757,47357496.102,137595.459
2022,São Sebastião,BRSSO,903474.821,0.0,0.0
2022,Vila do Conde - Belém,BRBEL,757298.649,956252.36,2534718.459
2022,Vila do Conde - Belém,BRPA005,4714789.299,0.0,4883814.939
2022,Vila do Conde - Belém,BRPA006,957746.15,0.0,957746.15
2022,Vila do Conde - Belém,BRPA013,0.0,0.0,398544.546
2022,Vila do Conde - Belém,BRPA014,9008.64,0.0,58905.38
2022,Vila do Conde - Belém,BRPA016,0.0,0.0,1617592.0
2022,Vila do Conde - Belém,BRPA018,4064767.256,0.0,7058205.204
2022,Vila do Conde - Belém,BRPA043,7636653.502,0.0,13241379.37
2022,Vila do Conde - Belém,BRPA061,0.0,0.0,621.309
2022,Vila do Conde - Belém,BRPA065,0.0,0.0,82869.157
2022,Vila do Conde - Belém,BRVDC,12132734.95,5098430.02,17462840.14
2022,Vitória,BRES001,64978649.619,572272.888,0.0
2022,Vitória,BRES002,8061011.574,0.0,0.0
2022,Vitória,BRES003,10006985.996,1011680.0,0.0
2022,Vitória,BRES004,4700474.974,328640.526,0.0
2022,Vitória,BRES005,0.0,644.181,0.0
2022,Vitória,BRES007,0.0,42908.747,0.0
2022,Vitória,BRES020,0.0,32.3,0.0
2022,Vitória,BRVIX,3684407.404,1952710.845,3307.4
2022,Vitória do Xingu,BRPA066,0.0,0.0,18048.083
2022,Óbidos,BRPA001,3830276.0,50857.0,3881133.0
2022,Óbidos,BRPA019,95825.0,0.0,95825.0
2023,Almeirim,BRPA002,64259.949,0.0,64259.949
2023,Almeirim,BRPA208,0.0,0.0,8842.739
2023,Angra dos Reis,BRADR,14697.281,0.0,0.0
2023,Angra dos Reis,BRRJ009,30597144.288,31466092.127,0.0
2023,Angra dos Reis,BRRJ012,785076.27,0.0,0.0
2023,Aracajú,BRSE001,984267.661,1552.097,0.0
2023,Aracajú,BRSE002,293189.155,0.0,0.0
2023,Aratu - Salvador,BRARB,5056903.538,1102264.722,83847.686
2023,Aratu - Salvador,BRBA002,46617.2,8687.832,0.0
2023,Aratu - Salvador,BRBA003,7386148.204,10747416.156,145233.89
2023,Aratu - Salvador,BRBA006,413982.748,0.0,0.0
2023,Aratu - Salvador,BRBA007,5840330.479,62684.126,0.0
2023,Aratu - Salvador,BRBA009,307606.103,0.0,0.0
2023,Aratu - Salvador,BRBA012,753100.969,0.0,0.0
2023,Aratu - Salvador,BRSSA,2950058.333,1240797.645,22907.098
2023,Areia Branca,BRARE,1095324.0,85913.8,0.0
2023,Barra do Riacho,BRES006,6510109.544,1132049.97,208.0
2023,Barra do Riacho,BRES010,0.0,44500.422,0.0
2023,Barra do Riacho,BRES013,6836.4,0.0,0.0
2023,Cabedelo (Instalação Isolada),BRCDO,879273.22,450968.921,0.0
2023,Corumbá,BRMS001,0.0,0.0,2290326.0
2023,Corumbá,BRMS002,0.0,0.0,3159319.0
2023,Corumbá,BRMS022,0.0,0.0,840481.49
2023,Ilhéus,BRIOS,527675.059,0.0,0.0
2023,Imbituba,BRIBB,6820091.203,138422.436,2877.331
2023,Itaguaí,BRIGI,54771318.002,721378.561,135997.679
2023,Itaguaí,BRRJ001,29523094.0,0.0,0.0
2023,Itaguaí,BRRJ016,8066428.641,410028.0,0.0
2023,Itaguaí,BRRJ023,27001702.779,81070.306,0.0
2023,Itaituba,BRPA064,0.0,0.0,1378.131
2023,Itaituba,BRPA091,0.0,0.0,141918.847
2023,Itaituba,BRPA214,0.0,0.0,183320.618
2023,Itaituba,BRPA230,0.0,0.0,250636.129
2023,Itaituba,BRPA246,0.0,0.0,14854.478
2023,Itaituba,BRPA249,0.0,0.0,423643.118
2023,Itajaí,BRITJ,363810.469,0.0,0.0
2023,Itajaí,BRSC001,82092.047,0.0,0.0
2023,Itajaí,BRSC008,12555289.271,844094.446,16869.474
2023,Itajaí,BRSC012,65031.04,0.0,0.0
2023,Itajaí,BRSC013,9204.443,0.0,0.0
2023,Itajaí,BRSC017,0.0,9999.799,0.0
2023,Itaqui,BRIQI,31921885.015,2768719.562,26696.424
2023,Itaqui,BRMA001,4111068.698,9248619.5,8984493.391
2023,Itaqui,BRMA002,162477465.546,0.0,0.0
2023,LDC Pederneiras (Instalação Isolada),BRSP011,0.0,0.0,976316.29
2023,Macapá,BRAP019,0.0,0.0,133825.954
2023,Macapá,BRMCP,2626938.294,0.0,3622739.173
2023,Maceió,BRAL001,45792.532,0.0,0.0
2023,Maceió,BRMCZ,2253147.215,261017.199,4771.45
2023,Manaus,BRAM001,0.0,0.0,66322.427
2023,Manaus,BRAM003,0.0,228406.305,228406.305
2023,Manaus,BRAM006,1812988.937,2649229.872,4474639.911
2023,Manaus,BRAM007,0.0,0.0,224075.847
2023,Manaus,BRAM008,0.0,0.0,248146.0
2023,Manaus,BRAM011,919919.545,301076.664,2055576.395
2023,Manaus,BRAM012,932624.504,0.0,998089.913
2023,Manaus,BRAM013,75267.877,18617.14,93885.017
2023,Manaus,BRAM014,6136096.911,0.0,11374881.487
2023,Manaus,BRAM016,0.0,0.0,499117.09
2023,Manaus,BRAM017,0.0,0.0,678943.492
2023,Manaus,BRAM021,717299.827,0.0,879658.807
2023,Manaus,BRAM025,8384.602,1139970.812,1232108.064
2023,Manaus,BRAM028,0.0,0.0,108978.92
2023,Manaus,BRAM032,0.0,0.0,47139.219
2023,Manaus,BRAM034,0.0,1.25,80.384
2023,Manaus,BRAM069,0.0,0.0,91210.0
2023,Manaus,BRAM075,0.0,0.0,126476.048
2023,Manaus,BRAM081,0.0,0.0,22248.668
2023,Manaus,BRAM087,0.0,0.0,248134.66
2023,Manaus,BRAM088,0.0,0.0,102786.52
2023,Manaus,BRAM091,1006990.694,0.0,2062940.572
2023,Manaus,BRAM104,0.0,0.0,21791.427
2023,Manaus,BRAM155,0.0,0.0,68500.611
2023,Natal,BRNAT,399440.69,36436.55,3105.4
2023,Natal,BRRN001,762283.518,338813.237,6019.474
2023,Não Classificado,BR,0.0,0.0,3452771.119
2023,Paranaguá - Antonina,BRANT,1258648.127,0.0,0.0
2023,Paranaguá - Antonina,BRPNG,54327597.438,2694002.23,68764.203
2023,Paranaguá - Antonina,BRPR002,4715274.864,149828.815,0.0
2023,Pecém - Fortaleza,BRCE001,5806436.075,7609737.59,516607.486
2023,Pecém - Fortaleza,BRFOR,1893086.867,2049663.132,91441.028
2023,Porto Alegre,BRPOA,587813.913,34700.18,799420.553
2023,Porto Alegre,BRRS003,24220.579,189.68,298744.477
2023,Porto Alegre,BRRS006,0.0,0.0,6899.0
2023,Porto Alegre,BRRS009,3324053.358,6714770.436,0.0
2023,Porto Alegre,BRRS010,0.0,0.0,28217.087
2023,Porto Alegre,BRRS013,0.0,0.0,1152340.482
2023,Porto Alegre,BRRS014,10265.576,3550.224,13815.8
2023,Porto Alegre,BRRS015,0.0,0.0,13022.376
2023,Porto Alegre,BRRS016,0.0,3946.385,90573.226
2023,Porto Alegre,BRRS022,0.0,0.0,5421.564
2023,Porto Alegre,BRRS030,0.0,0.0,495053.628
2023,Porto Murtinho,BRMS011,0.0,0.0,1628340.013
2023,Porto Velho,BRPVH,0.0,0.0,88088.232
2023,Porto Velho,BRRO002,0.0,0.0,65154.515
2023,Porto Velho,BRRO003,0.0,0.0,76273.253
2023,Porto Velho,BRRO007,0.0,0.0,238392.85
2023,Porto Velho,BRRO009,0.0,0.0,361204.759
2023,Porto Velho,BRRO010,0.0,0.0,210319.505
2023,Porto Velho,BRRO011,0.0,0.0,25129.038
2023,Porto Velho,BRRO025,0.0,0.0,248541.182
2023,Porto Velho,BRRO030,0.0,1896.284,141587.912
2023,Rio Grande,BRRIG,20164446.849,703051.033,2627025.353
2023,Rio Grande,BRRS001,2330320.541,0.0,0.0
2023,Rio Grande,BRRS002,7306652.228,0.0,788954.211
2023,Rio Grande,BRRS005,2179897.895,0.0,0.0
2023,Rio Grande,BRRS007,1916944.78,0.0,200945.416
2023,Rio de Janeiro -  Niterói,BRRIO,7962063.151,2125580.117,57161.757
2023,Rio de Janeiro -  Niterói,BRRJ003,242511.585,0.0,0.0
2023,Rio de Janeiro -  Niterói,BRRJ008,14498.578,22846.019,0.0
2023,Rio de Janeiro -  Niterói,BRRJ010,2623404.327,9570079.055,2346.865
2023,Rio de Janeiro -  Niterói,BRRJ015,96096.961,0.0,0.0
2023,Rio de Janeiro -  Niterói,BRRJ018,97493.889,0.0,0.0
2023,Rio de Janeiro -  Niterói,BRRJ019,17651.205,143687.789,2860.047
2023,Rio de Janeiro -  Niterói,BRRJ057,42858.641,27673.762,0.0
2023,Rio de Janeiro -  Niterói,BRRJ066,0.0,88.0,0.0
2023,Santarém,BRPA017,0.0,0.0,161672.0
2023,Santarém,BRPA028,0.0,0.0,32898.406
2023,Santarém,BRPA237,0.0,0.0,145064.964
2023,Santarém,BRPA297,0.0,0.0,29511.215
2023,Santarém,BRSTM,9065611.643,0.0,14933660.618
2023,Santos,BRSP001,13239016.472,0.0,0.0
2023,Santos,BRSP002,283336.95,647262.465,0.0
2023,Santos,BRSP004,3740316.905,0.0,0.0
2023,Santos,BRSP005,121654.0,129442.0,0.0
2023,Santos,BRSP008,10498406.57,1476219.4,547970.84
2023,Santos,BRSSZ,122231932.364,5043172.786,826935.992
2023,Sem complexo - Terminal Isolado,BRRR001,0.0,0.0,16179.634
2023,Suape - Recife,BRPE001,327.0,0.0,0.0
2023,Suape - Recife,BRREC,1347163.755,35491.774,0.0
2023,Suape - Recife,BRSUA,7227453.183,10328933.596,221272.884
2023,São Francisco do Sul,BRSC007,367204.47,10236808.798,0.0
2023,São Francisco do Sul,BRSC011,9347961.077,809880.583,90365.24
2023,São Francisco do Sul,BRSFS,14854481.667,1959425.72,0.0
2023,São João da Barra,BRRJ020,24043285.0,0.0,0.0
2023,São João da Barra,BRRJ022,2114880.743,93813.9,0.0
2023,São João da Barra,BRRJ025,73.7,12421.312,0.0
2023,São João da Barra,BRRJ039,0.0,93.992,0.0
2023,São João da Barra,BRRJ067,28629676.846,28748619.043,0.0
2023,São João da Barra,BRRJ074,18500.31,0.0,0.0
2023,São João da Barra,BRRJ078,0.0,1438.922,0.0
2023,São Sebastião,BRSP006,5521479.655,46859680.287,88227.582
2023,São Sebastião,BRSSO,982802.45,0.0,0.0
2023,Vila do Conde - Belém,BRBEL,780781.07,1345909.731,3206919.075
2023,Vila do Conde - Belém,BRPA005,5230523.611,0.0,5230523.611
2023,Vila do Conde - Belém,BRPA006,604599.12,0.0,604599.12
2023,Vila do Conde - Belém,BRPA013,0.0,0.0,431175.647
2023,Vila do Conde - Belém,BRPA014,6507.48,0.0,57015.77
2023,Vila do Conde - Belém,BRPA016,0.0,0.0,187171.0
2023,Vila do Conde - Belém,BRPA018,5197128.168,0.0,8460349.755
2023,Vila do Conde - Belém,BRPA043,7131115.012,0.0,12491046.772
2023,Vila do Conde - Belém,BRPA061,0.0,0.0,998.337
2023,Vila do Conde - Belém,BRPA065,0.0,0.0,63699.693
2023,Vila do Conde - Belém,BRVDC,11030142.8,4719618.87,16608250.47
2023,Vitória,BRES001,73148560.784,584117.318,0.0
2023,Vitória,BRES002,9175444.25,0.0,0.0
2023,Vitória,BRES003,9760131.193,692142.648,0.0
2023,Vitória,BRES004,5420058.028,392605.251,0.0
2023,Vitória,BRES005,0.0,650.24,0.0
2023,Vitória,BRES007,0.0,42038.446,0.0
2023,Vitória,BRVIX,3658575.763,1714194.849,0.0
2023,Vitória do Xingu,BRPA066,0.0,0.0,23903.3
2023,Óbidos,BRPA001,4661775.0,0.0,4661775.0
2023,Óbidos,BRPA019,534788.0,0.0,534788.0
2024,Almeirim,BRPA002,59990.115,0.0,59990.115
2024,Almeirim,BRPA208,0.0,0.0,736.943
2024,Angra dos Reis,BRADR,58530.543,1539.974,0.0
2024,Angra dos Reis,BRRJ009,30849519.609,31690191.309,0.0
2024,Angra dos Reis,BRRJ012,2671110.64,0.0,0.0
2024,Aracajú,BRSE001,651270.302,35681.837,0.0
2024,Aracajú,BRSE002,455055.43,0.0,0.0
2024,Aratu - Salvador,BRARB,5121691.682,875379.187,21134.586
2024,Aratu - Salvador,BRBA002,33740.426,9921.143,0.0
2024,Aratu - Salvador,BRBA003,8563060.105,8714483.528,0.0
2024,Aratu - Salvador,BRBA006,260719.147,0.0,0.0
2024,Aratu - Salvador,BRBA007,5354182.391,0.0,0.0
2024,Aratu - Salvador,BRBA009,709747.075,113023.58,0.0
2024,Aratu - Salvador,BRBA012,528496.581,0.0,0.0
2024,Aratu - Salvador,BRSSA,4126187.414,1977942.386,413177.344
2024,Areia Branca,BRARE,880880.0,321557.6,0.0
2024,Barra do Riacho,BRES006,6238174.878,1204761.232,0.0
2024,Barra do Riacho,BRES008,55858.635,0.0,0.0
2024,Barra do Riacho,BRES010,0.0,53718.627,0.0
2024,Barra do Riacho,BRES013,6095.608,163.142,0.0
2024,Cabedelo (Instalação Isolada),BRCDO,848891.755,535899.861,30668.76
2024,Coari (Instalação Isolada),BRAM009,0.0,0.0,3359.249
2024,Corumbá,BRMS001,0.0,0.0,351457.693
2024,Corumbá,BRMS002,0.0,0.0,2381082.692
2024,Corumbá,BRMS022,0.0,8458.537,442281.648
2024,Ilhéus,BRIOS,232284.736,0.0,0.0
2024,Imbituba,BRIBB,7520399.757,167874.895,37184.372
2024,Itaguaí,BRIGI,59266009.029,1119064.799,189689.031
2024,Itaguaí,BRRJ001,32133788.0,0.0,0.0
2024,Itaguaí,BRRJ016,6993804.571,382803.0,82500.0
2024,Itaguaí,BRRJ023,23926930.248,654485.555,0.0
2024,Itaituba,BRPA064,0.0,0.0,985.703
2024,Itaituba,BRPA091,0.0,0.0,59949.539
2024,Itaituba,BRPA214,0.0,0.0,105709.582
2024,Itaituba,BRPA230,0.0,0.0,395492.847
2024,Itaituba,BRPA248,0.0,0.0,2955.8
2024,Itaituba,BRPA249,0.0,0.0,306857.41
2024,Itajaí,BRITJ,1036517.182,18910.998,1611.971
2024,Itajaí,BRSC001,110684.714,0.0,0.0
2024,Itajaí,BRSC008,9112475.344,1782850.979,89532.041
2024,Itajaí,BRSC012,75930.95,36961.69,0.0
2024,Itajaí,BRSC013,22209.649,0.0,0.0
2024,Itajaí,BRSC017,0.0,6007.145,0.0
2024,Itaqui,BRIQI,29555887.883,2899312.782,34640.377
2024,Itaqui,BRMA001,4325274.512,9948960.357,9662835.128
2024,Itaqui,BRMA002,172229154.0,0.0,0.0
2024,LDC Pederneiras (Instalação Isolada),BRSP011,0.0,0.0,970374.236
2024,Macapá,BRAP003,0.0,0.0,1857.0
2024,Macapá,BRAP019,0.0,5129.074,154955.383
2024,Macapá,BRMCP,2285260.565,0.0,3113024.859
2024,Maceió,BRAL001,26710.108,0.0,0.0
2024,Maceió,BRMCZ,2221619.684,337644.359,13635.961
2024,Manaus,BRAM001,0.0,0.0,71583.27
2024,Manaus,BRAM003,0.0,170333.854,170333.854
2024,Manaus,BRAM006,2060208.392,2634166.904,4706709.889
2024,Manaus,BRAM007,0.0,0.0,189950.22
2024,Manaus,BRAM008,0.0,0.0,268456.0
2024,Manaus,BRAM011,1157891.586,72738.84,1442330.903
2024,Manaus,BRAM012,1200902.773,297093.232,1562440.134
2024,Manaus,BRAM013,56773.758,0.0,64273.758
2024,Manaus,BRAM014,4861790.639,0.0,9380957.753
2024,Manaus,BRAM016,0.0,0.0,516680.683
2024,Manaus,BRAM017,0.0,0.0,697645.781
2024,Manaus,BRAM021,498032.381,0.0,880307.146
2024,Manaus,BRAM025,103132.752,1343598.329,1463169.47
2024,Manaus,BRAM028,0.0,0.0,97955.61
2024,Manaus,BRAM032,0.0,0.0,10994.583
2024,Manaus,BRAM034,0.0,0.0,74.849
2024,Manaus,BRAM069,0.0,0.0,87700.0
2024,Manaus,BRAM075,0.0,0.0,59298.419
2024,Manaus,BRAM081,0.0,0.0,29051.759
2024,Manaus,BRAM087,0.0,0.0,227293.539
2024,Manaus,BRAM088,0.0,0.0,123467.636
2024,Manaus,BRAM091,1880786.256,0.0,3817027.229
2024,Manaus,BRAM104,0.0,0.0,15719.793
2024,Manaus,BRAM155,0.0,0.0,84829.924
2024,Natal,BRNAT,352066.631,50591.86,0.0
2024,Natal,BRRN001,1412915.339,55017.981,0.0
2024,Não Classificado,BR,0.0,0.0,3439901.64
2024,Paranaguá - Antonina,BRANT,1915396.738,0.0,0.0
2024,Paranaguá - Antonina,BRPNG,53971056.197,3381857.679,107870.812
2024,Paranaguá - Antonina,BRPR002,4320707.935,56608.984,0.0
2024,Pecém - Fortaleza,BRCE001,7686518.313,7798183.621,599870.157
2024,Pecém - Fortaleza,BRFOR,2163695.939,2264250.491,26633.121
2024,Porto Alegre,BRPOA,366425.979,32907.78,726475.909
2024,Porto Alegre,BRRS003,11647.005,432.4,243216.463
2024,Porto Alegre,BRRS006,0.0,0.0,52019.0
2024,Porto Alegre,BRRS009,3299246.315,7447676.768,129729.77
2024,Porto Alegre,BRRS013,0.0,0.0,1113165.75
2024,Porto Alegre,BRRS014,2182.126,769.43,2951.556
2024,Porto Alegre,BRRS015,0.0,0.0,39850.117
2024,Porto Alegre,BRRS016,0.0,567.305,46525.47
2024,Porto Alegre,BRRS022,0.0,0.0,138475.097
2024,Porto Alegre,BRRS030,0.0,0.0,369590.53
2024,Porto Murtinho,BRMS011,0.0,0.0,131973.546
2024,Porto Velho,BRPVH,0.0,0.0,110498.706
2024,Porto Velho,BRRO002,0.0,0.0,47590.32
2024,Porto Velho,BRRO003,0.0,0.0,65932.614
2024,Porto Velho,BRRO005,0.0,0.0,112.0
2024,Porto Velho,BRRO007,0.0,1302.587,153353.545
2024,Porto Velho,BRRO009,0.0,0.0,356760.952
2024,Porto Velho,BRRO010,0.0,0.0,210745.348
2024,Porto Velho,BRRO011,0.0,0.0,21038.211
2024,Porto Velho,BRRO025,0.0,0.0,240045.194
2024,Porto Velho,BRRO030,0.0,0.0,122961.716
2024,Rio Grande,BRRIG,23463209.076,627767.236,2713029.596
2024,Rio Grande,BRRS001,2271292.632,0.0,0.0
2024,Rio Grande,BRRS002,7507991.939,0.0,514629.581
2024,Rio Grande,BRRS005,571374.761,0.0,0.0
2024,Rio Grande,BRRS007,1835250.935,0.0,48519.264
2024,Rio de Janeiro -  Niterói,BRRIO,10331370.196,3260295.584,75379.591
2024,Rio de Janeiro -  Niterói,BRRJ003,255467.379,0.0,0.0
2024,Rio de Janeiro -  Niterói,BRRJ008,36235.681,24871.509,0.0
2024,Rio de Janeiro -  Niterói,BRRJ010,2060040.75,9403831.039,713.748
2024,Rio de Janeiro -  Niterói,BRRJ015,112317.03,0.0,0.0
2024,Rio de Janeiro -  Niterói,BRRJ018,87673.732,55543.623,0.0
2024,Rio de Janeiro -  Niterói,BRRJ019,0.0,164602.962,0.0
2024,Rio de Janeiro -  Niterói,BRRJ057,22168.719,64456.027,0.0
2024,Rio de Janeiro -  Niterói,BRRJ066,0.0,318.184,0.0
2024,Santarém,BRPA017,0.0,0.0,203503.0
2024,Santarém,BRPA028,0.0,0.0,6570.437
2024,Santarém,BRPA237,0.0,322.443,247915.176
2024,Santarém,BRPA297,0.0,0.0,42278.983
2024,Santarém,BRSTM,9012178.318,22278.582,14753544.258
2024,Santos,BRSP001,13475035.944,0.0,0.0
2024,Santos,BRSP002,387655.473,489192.297,0.0
2024,Santos,BRSP004,3254682.75,0.0,0.0
2024,Santos,BRSP005,191499.0,207807.307,0.0
2024,Santos,BRSP008,12867904.78,1198863.14,402517.06
2024,Santos,BRSP009,0.0,2383.703,0.0
2024,Santos,BRSSZ,123561510.974,5194772.45,1279497.635
2024,Sem complexo - Terminal Isolado,BRAM039,0.0,0.0,13279.676
2024,Suape - Recife,BRREC,1638837.578,27150.102,0.0
2024,Suape - Recife,BRSUA,7394722.163,10541843.314,338522.02
2024,São Francisco do Sul,BRSC007,516717.34,9084647.201,0.0
2024,São Francisco do Sul,BRSC011,11387689.999,1089325.262,86547.327
2024,São Francisco do Sul,BRSFS,14618168.812,2339411.989,0.0
2024,São João da Barra,BRRJ020,25014985.0,0.0,0.0
2024,São João da Barra,BRRJ022,1724739.354,72748.48,0.0
2024,São João da Barra,BRRJ025,0.0,11997.807,0.0
2024,São João da Barra,BRRJ039,0.0,583.52,0.0
2024,São João da Barra,BRRJ051,38619.116,9613.175,0.0
2024,São João da Barra,BRRJ067,25317826.777,24919616.902,0.0
2024,São João da Barra,BRRJ074,306254.975,0.0,0.0
2024,São João da Barra,BRRJ078,0.0,864.022,0.0
2024,São Sebastião,BRSP006,3261711.761,46648896.289,172596.178
2024,São Sebastião,BRSSO,1463181.788,0.0,0.0
2024,Vila do Conde - Belém,BRBEL,962948.133,1489531.195,3420834.962
2024,Vila do Conde - Belém,BRPA005,5152168.246,0.0,5890082.926
2024,Vila do Conde - Belém,BRPA006,738597.07,0.0,738597.07
2024,Vila do Conde - Belém,BRPA013,0.0,0.0,468062.005
2024,Vila do Conde - Belém,BRPA014,0.0,0.0,60809.745
2024,Vila do Conde - Belém,BRPA016,0.0,0.0,226604.0
2024,Vila do Conde - Belém,BRPA018,4951743.131,0.0,7827146.169
2024,Vila do Conde - Belém,BRPA043,6570744.002,0.0,11518133.245
2024,Vila do Conde - Belém,BRPA061,0.0,0.0,177.802
2024,Vila do Conde - Belém,BRPA065,0.0,0.0,79394.074
2024,Vila do Conde - Belém,BRPA324,41647.99,2483.393,91930.596
2024,Vila do Conde - Belém,BRVDC,12346931.772,5361151.888,19047516.35
2024,Vitória,BRES001,74796030.341,600890.625,0.0
2024,Vitória,BRES002,9507300.78,0.0,0.0
2024,Vitória,BRES003,10154346.692,227644.204,0.0
2024,Vitória,BRES004,5074894.277,83069.187,0.0
2024,Vitória,BRES007,0.0,62735.426,0.0
2024,Vitória,BRVIX,4349959.238,1929742.613,2410.598
2024,Vitória do Xingu,BRPA066,0.0,0.0,26705.736
2024,Óbidos,BRPA001,4827608.0,0.0,4827608.0
2024,Óbidos,BRPA019,304955.0,0.0,304955.0
2024,Óbidos,BRPA209,0.0,0.0,83953.861
2025,Almeirim,BRPA002,51652.738,0.0,51652.738
2025,Almeirim,BRPA208,0.0,0.0,4182.05
2025,Angra dos Reis,BRADR,271919.059,2544.816,0.0
2025,Angra dos Reis,BRRJ009,35317648.224,34878397.45,0.0
2025,Angra dos Reis,BRRJ012,1661061.8,0.0,0.0
2025,Aracajú,BRSE001,555369.393,8001.911,0.0
2025,Aracajú,BRSE002,607098.325,0.0,0.0
2025,Aratu - Salvador,BRARB,5058745.379,304199.118,0.0
2025,Aratu - Salvador,BRBA002,21717.705,13316.274,0.0
2025,Aratu - Salvador,BRBA003,7746000.533,9552698.663,93.487
2025,Aratu - Salvador,BRBA006,807688.118,0.0,0.0
2025,Aratu - Salvador,BRBA007,6844574.244,0.0,0.0
2025,Aratu - Salvador,BRBA009,139843.915,0.0,0.0
2025,Aratu - Salvador,BRBA012,730166.149,910.02,0.0
2025,Aratu - Salvador,BRSSA,3811312.73,1908586.016,364170.283
2025,Areia Branca,BRARE,974774.0,1446577.1,0.0
2025,Barra do Riacho,BRES006,6593669.886,1191166.02,0.0
2025,Barra do Riacho,BRES008,296822.147,0.0,0.0
2025,Barra do Riacho,BRES010,11024.253,15814.07,0.0
2025,Cabedelo (Instalação Isolada),BRCDO,650559.632,531491.761,0.0
2025,Coari (Instalação Isolada),BRAM009,0.0,0.0,3723.852
2025,Corumbá,BRMS001,0.0,0.0,1314413.491
2025,Corumbá,BRMS002,0.0,0.0,5597393.256
2025,Corumbá,BRMS022,0.0,0.0,2164276.064
2025,Ilhéus,BRIOS,215722.262,0.0,0.0
2025,Imbituba,BRIBB,6179036.758,182558.25,87547.616
2025,Itaguaí,BRIGI,61497719.075,1067941.617,235550.413
2025,Itaguaí,BRRJ001,31460694.996,0.0,0.0
2025,Itaguaí,BRRJ016,6613174.668,379183.0,0.0
2025,Itaguaí,BRRJ023,30594397.753,0.0,0.0
2025,Itaituba,BRPA091,0.0,0.0,185649.621
2025,Itaituba,BRPA214,0.0,0.0,115966.368
2025,Itaituba,BRPA230,0.0,0.0,712947.904
2025,Itaituba,BRPA249,0.0,0.0,388687.115
2025,Itajaí,BRITJ,3336284.039,370112.306,34421.049
2025,Itajaí,BRSC001,77947.521,0.0,0.0
2025,Itajaí,BRSC008,8383585.468,932245.0,105775.884
2025,Itajaí,BRSC012,81385.146,30508.61,0.0
2025,Itajaí,BRSC013,65522.489,0.0,0.0
2025,Itajaí,BRSC017,0.0,4999.782,0.0
2025,Itaqui,BRIQI,32274628.732,2506193.807,112958.575
2025,Itaqui,BRMA001,4405806.357,10138796.365,9773196.279
2025,Itaqui,BRMA002,169151162.0,0.0,0.0
2025,LDC Pederneiras (Instalação Isolada),BRSP011,0.0,0.0,1143889.32
2025,Macapá,BRAP019,0.0,1159.176,253730.732
2025,Macapá,BRMCP,2402674.971,0.0,3584470.879
2025,Maceió,BRAL001,115845.77,4004.636,0.0
2025,Maceió,BRMCZ,1957851.237,371140.228,5388.069
2025,Manaus,BRAM001,0.0,0.0,71412.436
2025,Manaus,BRAM003,0.0,275077.224,275077.224
2025,Manaus,BRAM006,2917662.077,2886175.159,5825495.804
2025,Manaus,BRAM007,0.0,0.0,131274.669
2025,Manaus,BRAM008,0.0,0.0,204411.164
2025,Manaus,BRAM011,1341976.663,0.0,1632834.899
2025,Manaus,BRAM012,1529407.7,498044.37,2104348.42
2025,Manaus,BRAM013,81323.389,0.0,81323.389
2025,Manaus,BRAM014,6603876.512,0.0,12185490.839
2025,Manaus,BRAM016,0.0,0.0,568421.91
2025,Manaus,BRAM017,0.0,0.0,579376.612
2025,Manaus,BRAM021,771013.831,0.0,1383311.662
2025,Manaus,BRAM025,246676.851,1388048.126,1700574.804
2025,Manaus,BRAM028,0.0,0.0,80995.6
2025,Manaus,BRAM034,0.0,0.0,106.334
2025,Manaus,BRAM069,0.0,0.0,43000.0
2025,Manaus,BRAM075,0.0,0.0,26393.924
2025,Manaus,BRAM081,0.0,0.0,18642.833
2025,Manaus,BRAM087,0.0,0.0,363075.44
2025,Manaus,BRAM088,0.0,0.0,237139.21
2025,Manaus,BRAM091,2887299.741,0.0,5737164.913
2025,Manaus,BRAM104,0.0,0.0,1293.327
2025,Manaus,BRAM155,0.0,0.0,171162.08
2025,Natal,BRNAT,486556.058,0.0,0.0
2025,Natal,BRRN001,1328717.485,49963.583,0.0
2025,Não Classificado,BR,0.0,0.0,1011525.05
2025,Paranaguá - Antonina,BRANT,1338273.825,0.0,0.0
2025,Paranaguá - Antonina,BRPNG,59838842.563,3226274.939,75430.819
2025,Paranaguá - Antonina,BRPR002,4320211.623,78372.995,0.0
2025,Pecém - Fortaleza,BRCE001,8280755.56,7846368.836,733036.225
2025,Pecém - Fortaleza,BRFOR,2173216.482,2186467.463,30087.347
2025,Porto Alegre,BRPOA,16635.38,14143.54,320258.086
2025,Porto Alegre,BRRS003,9193.754,597.277,352784.731
2025,Porto Alegre,BRRS006,0.0,0.0,41455.0
2025,Porto Alegre,BRRS009,3239982.273,7005267.99,68803.0
2025,Porto Alegre,BRRS010,0.0,0.0,12953.991
2025,Porto Alegre,BRRS013,0.0,0.0,1071757.449
2025,Porto Alegre,BRRS014,16421.83,4041.715,20463.545
2025,Porto Alegre,BRRS015,0.0,0.0,119678.335
2025,Porto Alegre,BRRS016,0.0,0.0,39930.228
2025,Porto Alegre,BRRS022,0.0,0.0,186329.657
2025,Porto Alegre,BRRS030,0.0,0.0,440429.051
2025,Porto Murtinho,BRMS011,0.0,0.0,373996.713
2025,Porto Velho,BRPVH,0.0,0.0,57244.953
2025,Porto Velho,BRRO002,0.0,0.0,49462.356
2025,Porto Velho,BRRO003,0.0,0.0,70695.562
2025,Porto Velho,BRRO007,0.0,0.0,194992.977
2025,Porto Velho,BRRO009,0.0,0.0,345232.578
2025,Porto Velho,BRRO010,0.0,0.0,238207.005
2025,Porto Velho,BRRO011,0.0,0.0,24164.063
2025,Porto Velho,BRRO014,0.0,0.0,18032.61
2025,Porto Velho,BRRO025,0.0,0.0,255005.073
2025,Porto Velho,BRRO030,0.0,0.0,132269.342
2025,Rio Grande,BRRIG,25140498.209,901551.928,2872540.113
2025,Rio Grande,BRRS001,2471775.884,0.0,0.0
2025,Rio Grande,BRRS002,6089409.783,0.0,568524.875
2025,Rio Grande,BRRS007,2320539.582,3499.886,171030.305
2025,Rio de Janeiro -  Niterói,BRRIO,11943699.477,2578723.58,97285.912
2025,Rio de Janeiro -  Niterói,BRRJ003,207340.459,0.0,0.0
2025,Rio de Janeiro -  Niterói,BRRJ008,0.0,10400.647,0.0
2025,Rio de Janeiro -  Niterói,BRRJ010,2425217.082,9458948.799,27984.5
2025,Rio de Janeiro -  Niterói,BRRJ015,136137.597,0.0,0.0
2025,Rio de Janeiro -  Niterói,BRRJ018,150934.198,17848.047,0.0
2025,Rio de Janeiro -  Niterói,BRRJ019,0.0,123290.602,0.0
2025,Rio de Janeiro -  Niterói,BRRJ057,0.0,84992.78,0.0
2025,Rio de Janeiro -  Niterói,BRRJ066,0.0,235.476,0.0
2025,Santarém,BRPA017,0.0,0.0,181433.283
2025,Santarém,BRPA028,0.0,0.0,15741.82
2025,Santarém,BRPA237,0.0,0.0,161853.614
2025,Santarém,BRPA297,569590.435,0.0,604274.429
2025,Santarém,BRSTM,10064158.546,362182.108,16043534.601
2025,Santos,BRSP001,14260228.931,0.0,0.0
2025,Santos,BRSP002,301203.499,281551.892,0.0
2025,Santos,BRSP004,3838092.875,0.0,0.0
2025,Santos,BRSP005,205966.49,245284.0,0.0
2025,Santos,BRSP008,13672730.05,1453087.98,453219.23
2025,Santos,BRSP009,0.0,2155.264,0.0
2025,Santos,BRSSZ,126985493.27,5239330.157,1347166.308
2025,Sem complexo - Terminal Isolado,BRAM039,0.0,0.0,6318.28
2025,Suape - Recife,BRREC,1491175.409,45525.178,0.0
2025,Suape - Recife,BRSUA,7812172.897,9897151.635,288289.347
2025,São Francisco do Sul,BRSC007,369592.3,9863401.628,34474.838
2025,São Francisco do Sul,BRSC011,12932944.249,1678808.69,118074.806
2025,São Francisco do Sul,BRSFS,15086762.811,2454118.091,0.0
2025,São João da Barra,BRRJ020,24248712.0,0.0,0.0
2025,São João da Barra,BRRJ022,2088940.701,0.0,0.0
2025,São João da Barra,BRRJ025,0.0,7055.0,0.0
2025,São João da Barra,BRRJ039,0.0,5108.927,0.0
2025,São João da Barra,BRRJ051,210490.471,6223.558,0.0
2025,São João da Barra,BRRJ067,30153632.281,30285734.661,0.0
2025,São João da Barra,BRRJ074,811714.017,0.0,0.0
2025,São João da Barra,BRRJ078,0.0,552.525,0.0
2025,São Sebastião,BRSP006,4552798.344,46592452.824,137147.656
2025,São Sebastião,BRSSO,1420663.67,31499.41,29831.12
2025,Vila do Conde - Belém,BRBEL,589180.109,1303092.635,2507701.289
2025,Vila do Conde - Belém,BRPA005,1457940.623,0.0,2388580.769
2025,Vila do Conde - Belém,BRPA006,464727.31,0.0,464727.31
2025,Vila do Conde - Belém,BRPA013,0.0,0.0,416478.627
2025,Vila do Conde - Belém,BRPA014,0.0,0.0,6063.711
2025,Vila do Conde - Belém,BRPA016,0.0,0.0,164904.98
2025,Vila do Conde - Belém,BRPA018,6017703.582,0.0,9787071.66
2025,Vila do Conde - Belém,BRPA043,7663517.117,0.0,13158516.953
2025,Vila do Conde - Belém,BRPA061,0.0,0.0,52472.431
2025,Vila do Conde - Belém,BRPA065,0.0,0.0,39794.542
2025,Vila do Conde - Belém,BRPA324,289576.465,0.0,398351.712
2025,Vila do Conde - Belém,BRVDC,13549359.82,5239271.29,20318315.712
2025,Vitória,BRES001,84611074.372,590313.998,0.0
2025,Vitória,BRES002,16383871.399,0.0,0.0
2025,Vitória,BRES003,9622801.615,540168.118,0.0
2025,Vitória,BRES004,4940456.167,290526.544,0.0
2025,Vitória,BRES007,0.0,65930.716,0.0
2025,Vitória,BRVIX,4037049.365,2014028.591,12882.818
2025,Vitória do Xingu,BRPA066,0.0,0.0,50844.266
2025,Óbidos,BRPA001,5426312.0,0.0,5426312.0
2025,Óbidos,BRPA019,503403.0,0.0,503403.0
2025,Óbidos,BRPA209,0.0,0.0,91812.101
2026,Almeirim,BRPA208,0.0,0.0,3157.098
2026,Angra dos Reis,BRADR,30942.432,0.0,0.0
2026,Angra dos Reis,BRRJ009,5268120.954,5617055.187,0.0
2026,Aracajú,BRSE001,116781.67,1253.225,0.0
2026,Aracajú,BRSE002,99195.902,0.0,0.0
2026,Aratu - Salvador,BRARB,838958.804,128343.013,0.0
2026,Aratu - Salvador,BRBA002,3128.29,1303.392,0.0
2026,Aratu - Salvador,BRBA003,1566340.611,1600898.129,0.0
2026,Aratu - Salvador,BRBA006,121494.799,0.0,0.0
2026,Aratu - Salvador,BRBA007,665943.579,23000.673,0.0
2026,Aratu - Salvador,BRBA009,0.0,29682.425,0.0
2026,Aratu - Salvador,BRBA012,75630.931,0.0,0.0
2026,Aratu - Salvador,BRSSA,550890.527,261615.687,26031.122
2026,Areia Branca,BRARE,190800.0,341267.5,0.0
2026,Barra do Riacho,BRES006,918858.817,176267.97,0.0
2026,Barra do Riacho,BRES008,53532.904,0.0,0.0
2026,Barra do Riacho,BRES010,3804.292,0.0,0.0
2026,Cabedelo (Instalação Isolada),BRCDO,141235.292,94144.923,16633.214
2026,Corumbá,BRMS001,0.0,0.0,140433.289
2026,Corumbá,BRMS002,0.0,0.0,941036.067
2026,Corumbá,BRMS022,0.0,0.0,322347.349
2026,Ilhéus,BRIOS,49182.91,0.0,0.0
2026,Imbituba,BRIBB,1195092.968,15418.445,6818.04
2026,Itaguaí,BRIGI,7570368.053,243111.354,39067.309
2026,Itaguaí,BRRJ001,4353195.0,0.0,0.0
2026,Itaguaí,BRRJ016,914158.552,0.0,0.0
2026,Itaguaí,BRRJ023,3609294.395,0.0,0.0
2026,Itaituba,BRPA038,0.0,0.0,1862.414
2026,Itaituba,BRPA091,0.0,0.0,24788.365
2026,Itaituba,BRPA214,0.0,0.0,24486.479
2026,Itaituba,BRPA230,0.0,0.0,150076.024
2026,Itaituba,BRPA249,0.0,0.0,64068.699
2026,Itajaí,BRITJ,632017.136,66030.601,8494.066
2026,Itajaí,BRSC008,1483377.404,174104.576,12808.473
2026,Itajaí,BRSC012,18529.208,0.0,0.0
2026,Itajaí,BRSC013,11673.539,0.0,0.0
2026,Itaqui,BRIQI,3425907.325,331127.723,37398.315
2026,Itaqui,BRMA001,762438.113,1782693.484,1753586.299
2026,Itaqui,BRMA002,21058697.0,0.0,0.0
2026,LDC Pederneiras (Instalação Isolada),BRSP011,0.0,0.0,4337.852
2026,Macapá,BRAP019,0.0,0.0,59564.21
2026,Macapá,BRMCP,369432.648,0.0,402589.593
2026,Maceió,BRAL001,31742.72,0.0,0.0
2026,Maceió,BRMCZ,300392.78,63148.983,10064.755
2026,Manaus,BRAM001,0.0,0.0,10332.155
2026,Manaus,BRAM003,0.0,51940.232,51940.232
2026,Manaus,BRAM006,551476.555,419519.875,975290.872
2026,Manaus,BRAM007,0.0,0.0,19510.9
2026,Manaus,BRAM008,0.0,0.0,28330.784
2026,Manaus,BRAM011,198948.731,0.0,302674.986
2026,Manaus,BRAM012,198581.93,61802.09,265307.05
2026,Manaus,BRAM014,1197865.292,0.0,2186449.439
2026,Manaus,BRAM016,0.0,0.0,102024.113
2026,Manaus,BRAM017,0.0,0.0,64781.636
2026,Manaus,BRAM021,48755.775,0.0,148595.855
2026,Manaus,BRAM025,47389.708,180787.539,234802.31
2026,Manaus,BRAM028,0.0,0.0,11658.14
2026,Manaus,BRAM034,0.0,0.0,4.894
2026,Manaus,BRAM069,0.0,0.0,14000.0
2026,Manaus,BRAM075,0.0,0.0,1174.516
2026,Manaus,BRAM087,0.0,0.0,56657.503
2026,Manaus,BRAM088,0.0,0.0,36670.865
2026,Manaus,BRAM091,89397.21,0.0,356855.747
2026,Manaus,BRAM104,0.0,0.0,16771.893
2026,Manaus,BRAM155,0.0,0.0,28845.353
2026,Natal,BRNAT,105415.44,13007.318,0.0
2026,Natal,BRRN001,217144.126,20340.244,0.0
2026,Paranaguá - Antonina,BRANT,66921.39,0.0,0.0
2026,Paranaguá - Antonina,BRPNG,8335860.536,472479.946,11431.877
2026,Paranaguá - Antonina,BRPR002,857113.899,0.0,0.0
2026,Pecém - Fortaleza,BRCE001,1330342.302,1197886.879,110791.61
2026,Pecém - Fortaleza,BRFOR,326322.46,409416.433,0.0
2026,Porto Alegre,BRPOA,30759.06,0.0,34108.45
2026,Porto Alegre,BRRS003,37.12,38.25,55349.473
2026,Porto Alegre,BRRS006,0.0,0.0,18960.534
2026,Porto Alegre,BRRS009,491561.6,1227313.092,34960.04
2026,Porto Alegre,BRRS013,0.0,0.0,151985.37
2026,Porto Alegre,BRRS014,2807.391,0.0,2807.391
2026,Porto Alegre,BRRS015,0.0,0.0,33544.236
2026,Porto Alegre,BRRS016,0.0,0.0,6796.703
2026,Porto Alegre,BRRS022,0.0,0.0,17797.092
2026,Porto Alegre,BRRS030,0.0,2561.32,39674.68
2026,Porto Velho,BRPVH,0.0,0.0,12119.539
2026,Porto Velho,BRRO002,0.0,0.0,6053.499
2026,Porto Velho,BRRO003,0.0,0.0,11310.395
2026,Porto Velho,BRRO007,0.0,0.0,33986.178
2026,Porto Velho,BRRO009,0.0,0.0,30005.523
2026,Porto Velho,BRRO010,0.0,0.0,40274.525
2026,Porto Velho,BRRO011,0.0,0.0,3931.277
2026,Porto Velho,BRRO025,0.0,0.0,42774.113
2026,Porto Velho,BRRO030,0.0,0.0,15152.665
2026,Rio Grande,BRRIG,3354590.627,108815.229,355827.815
2026,Rio Grande,BRRS001,228107.587,0.0,0.0
2026,Rio Grande,BRRS002,844649.398,0.0,97819.252
2026,Rio Grande,BRRS007,210128.315,0.0,16581.228
2026,Rio de Janeiro -  Niterói,BRRIO,1733624.671,193735.653,20193.475
2026,Rio de Janeiro -  Niterói,BRRJ003,25946.075,0.0,0.0
2026,Rio de Janeiro -  Niterói,BRRJ010,337865.37,1680592.179,0.0
2026,Rio de Janeiro -  Niterói,BRRJ015,22009.725,0.0,0.0
2026,Rio de Janeiro -  Niterói,BRRJ018,33233.378,0.0,0.0
2026,Rio de Janeiro -  Niterói,BRRJ019,0.0,14700.0,0.0
2026,Rio de Janeiro -  Niterói,BRRJ057,0.0,28131.486,0.0
2026,Rio de Janeiro -  Niterói,BRRJ066,0.0,36.6,0.0
2026,Santarém,BRPA017,0.0,0.0,31448.602
2026,Santarém,BRPA028,0.0,0.0,700.0
2026,Santarém,BRPA237,0.0,0.0,26583.223
2026,Santarém,BRPA297,94537.827,0.0,101355.801
2026,Santarém,BRSTM,1396944.924,62077.609,2527258.387
2026,Santos,BRSP001,1483765.518,0.0,0.0
2026,Santos,BRSP002,15007.858,55357.961,0.0
2026,Santos,BRSP004,474256.367,0.0,0.0
2026,Santos,BRSP005,28366.0,40137.0,0.0
2026,Santos,BRSP008,2175413.75,288509.07,80987.02
2026,Santos,BRSP009,0.0,340.5,0.0
2026,Santos,BRSSZ,17327162.73,757480.484,230653.745
2026,Sem complexo - Terminal Isolado,BRAM039,0.0,0.0,992.422
2026,Suape - Recife,BRREC,190756.588,1075.9,0.0
2026,Suape - Recife,BRSUA,1375428.797,1820663.223,54380.742
2026,São Francisco do Sul,BRSC007,0.0,1718759.886,34338.126
2026,São Francisco do Sul,BRSC011,1818141.119,329688.629,19244.104
2026,São Francisco do Sul,BRSFS,1262930.232,444247.375,0.0
2026,São João da Barra,BRRJ020,4023581.0,0.0,0.0
2026,São João da Barra,BRRJ022,339663.215,0.0,0.0
2026,São João da Barra,BRRJ025,0.0,575.0,0.0
2026,São João da Barra,BRRJ051,38130.096,2078.905,0.0
2026,São João da Barra,BRRJ067,6678743.856,6767205.797,0.0
2026,São João da Barra,BRRJ078,0.0,441.584,0.0
2026,São Sebastião,BRSP006,1011616.976,7419926.358,0.0
2026,São Sebastião,BRSSO,226162.92,0.0,0.0
2026,Vila do Conde - Belém,BRBEL,27890.782,204279.938,300004.956
2026,Vila do Conde - Belém,BRPA005,705067.592,0.0,1148442.818
2026,Vila do Conde - Belém,BRPA013,0.0,0.0,59837.389
2026,Vila do Conde - Belém,BRPA016,0.0,0.0,21680.036
2026,Vila do Conde - Belém,BRPA018,593416.095,0.0,944136.641
2026,Vila do Conde - Belém,BRPA043,840834.416,0.0,1416940.536
2026,Vila do Conde - Belém,BRPA061,0.0,0.0,19378.979
2026,Vila do Conde - Belém,BRPA065,4753.4,0.0,4753.4
2026,Vila do Conde - Belém,BRPA324,54514.442,0.0,63877.362
2026,Vila do Conde - Belém,BRVDC,1833986.9,974248.37,2917904.02
2026,Vitória,BRES001,12576212.628,131928.89,0.0
2026,Vitória,BRES002,2167065.0,0.0,0.0
2026,Vitória,BRES003,1622829.267,0.0,0.0
2026,Vitória,BRES004,947950.282,60181.788,0.0
2026,Vitória,BRES007,0.0,13396.481,0.0
2026,Vitória,BRVIX,720136.819,290102.312,2052.056
2026,Vitória do Xingu,BRPA066,0.0,0.0,4001.346
2026,Óbidos,BRPA001,672901.0,0.0,672901.0
2026,Óbidos,BRPA019,161580.0,0.0,161580.0
2026,Óbidos,BRPA209,0.0,0.0,12626.063
