ano,complexo,codigo,navegacao,toneladas
2010,Almeirim,BRPA002,Cabotagem,60025.539
2010,Almeirim,BRPA002,Longo Curso,350057.36
2010,Almeirim,BRPA004,Cabotagem,10500.0
2010,Almeirim,BRPA004,Longo Curso,436155.222
2010,Angra dos Reis,BRADR,Cabotagem,65407.873
2010,Angra dos Reis,BRADR,Longo Curso,29041.461
2010,Angra dos Reis,BRRJ009,Cabotagem,19379031.586
2010,Angra dos Reis,BRRJ009,Interior,16244.629
2010,Angra dos Reis,BRRJ009,Longo Curso,20217380.312
2010,Angra dos Reis,BRRJ012,Cabotagem,8551.83
2010,Angra dos Reis,BRRJ012,Longo Curso,50527.963
2010,Aracajú,BRSE001,Cabotagem,18930.0
2010,Aracajú,BRSE001,Longo Curso,901529.99
2010,Aracajú,BRSE002,Cabotagem,3290108.573
2010,Aracajú,BRSE002,Longo Curso,20816.298
2010,Aratu - Salvador,BRARB,Cabotagem,1749375.744
2010,Aratu - Salvador,BRARB,Longo Curso,3845279.449
2010,Aratu - Salvador,BRBA002,Cabotagem,599920.511
2010,Aratu - Salvador,BRBA002,Longo Curso,142001.328
2010,Aratu - Salvador,BRBA003,Cabotagem,17734126.9
2010,Aratu - Salvador,BRBA003,Longo Curso,2364342.983
2010,Aratu - Salvador,BRBA006,Longo Curso,196892.348
2010,Aratu - Salvador,BRBA007,Cabotagem,49539.791
2010,Aratu - Salvador,BRBA007,Longo Curso,2343373.283
2010,Aratu - Salvador,BRBA008,Longo Curso,173468.558
2010,Aratu - Salvador,BRSSA,Cabotagem,647831.412
2010,Aratu - Salvador,BRSSA,Longo Curso,2785795.978
2010,Areia Branca,BRARE,Apoio Portuário,1528458.4
2010,Areia Branca,BRARE,Cabotagem,977190.0
2010,Areia Branca,BRARE,Longo Curso,628260.0
2010,Barra do Riacho,BRES006,Cabotagem,2822457.597
2010,Barra do Riacho,BRES006,Longo Curso,5274506.18
2010,Barra do Riacho,BRES008,Cabotagem,721260.526
2010,Cabedelo (Instalação Isolada),BRCDO,Cabotagem,609905.599
2010,Cabedelo (Instalação Isolada),BRCDO,Interior,5834.662
2010,Cabedelo (Instalação Isolada),BRCDO,Longo Curso,729947.315
2010,Coari (Instalação Isolada),BRAM009,Cabotagem,1082823.617
2010,Coari (Instalação Isolada),BRAM009,Interior,1015185.177
2010,Coari (Instalação Isolada),BRAM009,Longo Curso,447.532
2010,Corumbá,BRMS001,Interior,1047025.533
2010,Corumbá,BRMS001,Longo Curso,1458.0
2010,Corumbá,BRMS002,Interior,1582599.0
2010,Corumbá,BRMS003,Cabotagem,4254.0
2010,Corumbá,BRMS003,Interior,9030.0
2010,Corumbá,BRMS003,Longo Curso,1258649.2
2010,Corumbá,BRMS005,Interior,29484.075
2010,Estrela,BRRS011,Interior,262776.114
2010,Forno,BRFNO,Cabotagem,69253.5
2010,Forno,BRFNO,Longo Curso,157349.475
2010,Ilhéus,BRBA004,Cabotagem,1721119.468
2010,Ilhéus,BRBA005,Cabotagem,804630.0
2010,Ilhéus,BRIOS,Longo Curso,195030.688
2010,Imbituba,BRIBB,Cabotagem,269138.157
2010,Imbituba,BRIBB,Longo Curso,1606621.626
2010,Itaguaí,BRIGI,Cabotagem,348925.375
2010,Itaguaí,BRIGI,Longo Curso,52416579.27
2010,Itaguaí,BRRJ001,Longo Curso,37328503.0
2010,Itaguaí,BRRJ016,Cabotagem,39020.4
2010,Itaguaí,BRRJ016,Interior,76999.9
2010,Itaguaí,BRRJ016,Longo Curso,1223376.482
2010,Itajaí,BRITJ,Cabotagem,22961.14
2010,Itajaí,BRITJ,Longo Curso,3609247.399
2010,Itajaí,BRSC001,Longo Curso,125105.416
2010,Itajaí,BRSC008,Cabotagem,229933.22
2010,Itajaí,BRSC008,Longo Curso,3786353.007
2010,Itajaí,BRSC012,Interior,13.68
2010,Itajaí,BRSC012,Longo Curso,62783.265
2010,Itajaí,BRSC015,Cabotagem,67094.863
2010,Itaqui,BRIQI,Cabotagem,3752774.911
2010,Itaqui,BRIQI,Longo Curso,8772202.937
2010,Itaqui,BRMA001,Cabotagem,6735483.528
2010,Itaqui,BRMA001,Longo Curso,2393126.095
2010,Itaqui,BRMA002,Cabotagem,44000.0
2010,Itaqui,BRMA002,Longo Curso,95850860.0
2010,Macapá,BRAP003,Interior,137682.0
2010,Macapá,BRAP004,Longo Curso,4101120.5
2010,Macapá,BRMCP,Cabotagem,76533.125
2010,Macapá,BRMCP,Interior,237315.689
2010,Macapá,BRMCP,Longo Curso,776032.895
2010,Maceió,BRAL001,Cabotagem,911096.37
2010,Maceió,BRAL001,Longo Curso,99149.619
2010,Maceió,BRMCZ,Cabotagem,768088.688
2010,Maceió,BRMCZ,Longo Curso,2197642.834
2010,Manaus,BRAM001,Interior,568488.563
2010,Manaus,BRAM003,Longo Curso,176773.18
2010,Manaus,BRAM004,Cabotagem,1.5
2010,Manaus,BRAM004,Interior,2718.09
2010,Manaus,BRAM006,Cabotagem,981238.503
2010,Manaus,BRAM006,Longo Curso,610598.16
2010,Manaus,BRAM007,Interior,1027488.805
2010,Manaus,BRAM008,Interior,980085.0
2010,Manaus,BRAM010,Interior,261287.328
2010,Manaus,BRAM010,Longo Curso,1922.902
2010,Manaus,BRAM011,Cabotagem,3639941.238
2010,Manaus,BRAM011,Interior,2257361.531
2010,Manaus,BRAM011,Longo Curso,654032.977
2010,Manaus,BRAM012,Cabotagem,738144.22
2010,Manaus,BRAM012,Longo Curso,2451484.52
2010,Manaus,BRAM013,Longo Curso,67369.593
2010,Manaus,BRAM014,Cabotagem,10000.0
2010,Manaus,BRAM014,Interior,2107161.0
2010,Manaus,BRAM014,Longo Curso,2079216.635
2010,Manaus,BRAM015,Interior,268363.58
2010,Manaus,BRAM016,Interior,139872.771
2010,Natal,BRNAT,Cabotagem,51374.674
2010,Natal,BRNAT,Longo Curso,244516.487
2010,Natal,BRRN001,Cabotagem,2424718.995
2010,Natal,BRRN002,Cabotagem,261020.314
2010,Paranaguá - Antonina,BRANT,Longo Curso,235225.01
2010,Paranaguá - Antonina,BRPNG,Cabotagem,1567177.998
2010,Paranaguá - Antonina,BRPNG,Longo Curso,29540119.468
2010,Paranaguá - Antonina,BRPR002,Cabotagem,145455.731
2010,Paranaguá - Antonina,BRPR002,Interior,9042.297
2010,Paranaguá - Antonina,BRPR002,Longo Curso,1534880.599
2010,Pecém - Fortaleza,BRCE001,Cabotagem,937526.017
2010,Pecém - Fortaleza,BRCE001,Longo Curso,2627950.196
2010,Pecém - Fortaleza,BRFOR,Cabotagem,2517709.966
2010,Pecém - Fortaleza,BRFOR,Longo Curso,1820138.774
2010,Porto Alegre,BRPOA,Cabotagem,70628.407
2010,Porto Alegre,BRPOA,Interior,423746.476
2010,Porto Alegre,BRPOA,Longo Curso,453181.059
2010,Porto Alegre,BRRS003,Cabotagem,38972.275
2010,Porto Alegre,BRRS003,Interior,490343.202
2010,Porto Alegre,BRRS003,Longo Curso,146551.736
2010,Porto Alegre,BRRS006,Interior,625201.0
2010,Porto Alegre,BRRS008,Interior,295936.55
2010,Porto Alegre,BRRS009,Cabotagem,3882268.826
2010,Porto Alegre,BRRS009,Longo Curso,7439958.57
2010,Porto Alegre,BRRS010,Interior,187503.343
2010,Porto Alegre,BRRS013,Interior,329143.88
2010,Porto Alegre,BRRS013,Longo Curso,2636.0
2010,Porto Alegre,BRRS014,Cabotagem,17666.67
2010,Porto Alegre,BRRS014,Interior,37582.72
2010,Porto Alegre,BRRS014,Longo Curso,1285.0
2010,Porto Alegre,BRRS015,Cabotagem,617.51
2010,Porto Alegre,BRRS015,Interior,599715.932
2010,Porto Alegre,BRRS016,Cabotagem,28271.016
2010,Porto Alegre,BRRS016,Interior,39126.082
2010,Porto Velho,BRPVH,Interior,2414410.553
2010,Porto Velho,BRRO001,Interior,121947.0
2010,Porto Velho,BRRO002,Interior,387520.22
2010,Porto Velho,BRRO003,Cabotagem,40832.256
2010,Porto Velho,BRRO005,Interior,178626.331
2010,Porto Velho,BRRO006,Interior,902925.75
2010,Porto Velho,BRRO007,Cabotagem,1982.894
2010,Porto Velho,BRRO007,Interior,302977.489
2010,Rio Grande,BRPET,Interior,32269.7
2010,Rio Grande,BRRIG,Cabotagem,4160412.157
2010,Rio Grande,BRRIG,Interior,2767782.693
2010,Rio Grande,BRRIG,Longo Curso,13239923.438
2010,Rio Grande,BRRS001,Longo Curso,2064724.341
2010,Rio Grande,BRRS002,Cabotagem,84388.759
2010,Rio Grande,BRRS002,Interior,1757159.717
2010,Rio Grande,BRRS002,Longo Curso,4227698.838
2010,Rio Grande,BRRS005,Cabotagem,413524.85
2010,Rio Grande,BRRS005,Longo Curso,1033896.307
2010,Rio Grande,BRRS007,Interior,23485.703
2010,Rio Grande,BRRS007,Longo Curso,1061300.584
2010,Rio Grande,BRRS012,Interior,324921.58
2010,Rio de Janeiro -  Niterói,BRNTR,Cabotagem,68772.97
2010,Rio de Janeiro -  Niterói,BRNTR,Longo Curso,3949.97
2010,Rio de Janeiro -  Niterói,BRRIO,Cabotagem,307550.549
2010,Rio de Janeiro -  Niterói,BRRIO,Interior,40.26
2010,Rio de Janeiro -  Niterói,BRRIO,Longo Curso,6637199.048
2010,Rio de Janeiro -  Niterói,BRRJ003,Longo Curso,240352.099
2010,Rio de Janeiro -  Niterói,BRRJ007,Longo Curso,9723.062
2010,Rio de Janeiro -  Niterói,BRRJ008,Cabotagem,157019.855
2010,Rio de Janeiro -  Niterói,BRRJ008,Longo Curso,45177.793
2010,Rio de Janeiro -  Niterói,BRRJ010,Cabotagem,9295467.088
2010,Rio de Janeiro -  Niterói,BRRJ010,Interior,481227.713
2010,Rio de Janeiro -  Niterói,BRRJ010,Longo Curso,1972311.893
2010,Rio de Janeiro -  Niterói,BRRJ013,Cabotagem,5100.268
2010,Rio de Janeiro -  Niterói,BRRJ015,Longo Curso,4253.845
2010,Rio de Janeiro -  Niterói,BRRJ017,Cabotagem,22959.01
2010,Rio de Janeiro -  Niterói,BRRJ017,Interior,13774.974
2010,Rio de Janeiro -  Niterói,BRRJ017,Longo Curso,13140.324
2010,Rio de Janeiro -  Niterói,BRRJ018,Cabotagem,132129.698
2010,Rio de Janeiro -  Niterói,BRRJ018,Longo Curso,1211625.723
2010,Rio de Janeiro -  Niterói,BRRJ019,Cabotagem,21839.677
2010,Santarém,BRPA017,Interior,153322.0
2010,Santarém,BRPA028,Interior,12340.453
2010,Santarém,BRPA028,Longo Curso,563.634
2010,Santarém,BRSTM,Interior,239642.462
2010,Santarém,BRSTM,Longo Curso,839941.029
2010,Santos,BRSP001,Longo Curso,2096651.37
2010,Santos,BRSP002,Cabotagem,679091.749
2010,Santos,BRSP002,Longo Curso,3974655.768
2010,Santos,BRSP004,Longo Curso,923802.42
2010,Santos,BRSP005,Cabotagem,572220.0
2010,Santos,BRSP005,Longo Curso,80982.0
2010,Santos,BRSSZ,Cabotagem,7720993.509
2010,Santos,BRSSZ,Longo Curso,85721521.467
2010,Suape - Recife,BRREC,Cabotagem,93276.0
2010,Suape - Recife,BRREC,Longo Curso,1739638.0
2010,Suape - Recife,BRSUA,Cabotagem,5247183.074
2010,Suape - Recife,BRSUA,Interior,100814.222
2010,Suape - Recife,BRSUA,Longo Curso,3538001.086
2010,São Francisco do Sul,BRSC007,Cabotagem,6432405.617
2010,São Francisco do Sul,BRSC007,Longo Curso,2626551.249
2010,São Francisco do Sul,BRSFS,Cabotagem,1371093.228
2010,São Francisco do Sul,BRSFS,Longo Curso,8161442.749
2010,São Sebastião,BRSP006,Cabotagem,39002465.158
2010,São Sebastião,BRSP006,Longo Curso,7720322.622
2010,São Sebastião,BRSSO,Cabotagem,22192.705
2010,São Sebastião,BRSSO,Interior,10695.541
2010,São Sebastião,BRSSO,Longo Curso,622741.044
2010,Vila do Conde - Belém,BRBEL,Cabotagem,1780971.743
2010,Vila do Conde - Belém,BRBEL,Interior,437848.731
2010,Vila do Conde - Belém,BRBEL,Longo Curso,954372.498
2010,Vila do Conde - Belém,BRPA005,Cabotagem,40190.33
2010,Vila do Conde - Belém,BRPA005,Longo Curso,350606.45
2010,Vila do Conde - Belém,BRPA006,Longo Curso,1526592.82
2010,Vila do Conde - Belém,BRPA013,Interior,1126288.306
2010,Vila do Conde - Belém,BRPA014,Interior,109244.837
2010,Vila do Conde - Belém,BRPA014,Longo Curso,12615.984
2010,Vila do Conde - Belém,BRPA016,Interior,1193706.0
2010,Vila do Conde - Belém,BRVDC,Cabotagem,7338559.354
2010,Vila do Conde - Belém,BRVDC,Interior,53003.565
2010,Vila do Conde - Belém,BRVDC,Longo Curso,9156438.649
2010,Vitória,BRES001,Cabotagem,1051203.937
2010,Vitória,BRES001,Longo Curso,106546665.036
2010,Vitória,BRES002,Cabotagem,851745.0
2010,Vitória,BRES002,Longo Curso,22154247.0
2010,Vitória,BRES003,Cabotagem,17166.602
2010,Vitória,BRES003,Longo Curso,10424220.27
2010,Vitória,BRES004,Cabotagem,652383.517
2010,Vitória,BRES004,Longo Curso,6050206.788
2010,Vitória,BRES005,Cabotagem,308501.956
2010,Vitória,BRES005,Interior,63.0
2010,Vitória,BRES007,Cabotagem,367152.626
2010,Vitória,BRES009,Cabotagem,10095.36
2010,Vitória,BRVIX,Cabotagem,2424048.307
2010,Vitória,BRVIX,Longo Curso,4144035.975
2010,Óbidos,BRPA001,Cabotagem,10271395.0
2010,Óbidos,BRPA001,Longo Curso,6214088.0
2010,Óbidos,BRPA019,Cabotagem,2553462.777
2011,Almeirim,BRPA002,Cabotagem,51751.079
2011,Almeirim,BRPA002,Longo Curso,337441.09
2011,Almeirim,BRPA004,Cabotagem,9950.0
2011,Almeirim,BRPA004,Longo Curso,416483.234
2011,Angra dos Reis,BRADR,Cabotagem,5693.495
2011,Angra dos Reis,BRADR,Longo Curso,26145.449
2011,Angra dos Reis,BRRJ009,Cabotagem,17676259.674
2011,Angra dos Reis,BRRJ009,Longo Curso,21107287.065
2011,Angra dos Reis,BRRJ012,Cabotagem,3736.94
2011,Angra dos Reis,BRRJ012,Longo Curso,23483.457
2011,Aracajú,BRSE001,Longo Curso,896034.744
2011,Aracajú,BRSE002,Cabotagem,3207015.339
2011,Aratu - Salvador,BRARB,Apoio Marítimo,1199.549
2011,Aratu - Salvador,BRARB,Cabotagem,1670219.917
2011,Aratu - Salvador,BRARB,Longo Curso,3516922.266
2011,Aratu - Salvador,BRBA002,Cabotagem,627950.366
2011,Aratu - Salvador,BRBA002,Longo Curso,108824.919
2011,Aratu - Salvador,BRBA003,Apoio Marítimo,1601.524
2011,Aratu - Salvador,BRBA003,Cabotagem,16863944.977
2011,Aratu - Salvador,BRBA003,Longo Curso,3835573.403
2011,Aratu - Salvador,BRBA006,Cabotagem,72312.0
2011,Aratu - Salvador,BRBA006,Longo Curso,224559.527
2011,Aratu - Salvador,BRBA007,Cabotagem,48471.358
2011,Aratu - Salvador,BRBA007,Longo Curso,2703053.551
2011,Aratu - Salvador,BRBA008,Longo Curso,185216.61
2011,Aratu - Salvador,BRSSA,Cabotagem,720631.437
2011,Aratu - Salvador,BRSSA,Longo Curso,2763587.589
2011,Areia Branca,BRARE,Apoio Portuário,1237731.3
2011,Areia Branca,BRARE,Cabotagem,906560.0
2011,Areia Branca,BRARE,Longo Curso,379359.0
2011,Barra do Riacho,BRES006,Cabotagem,3084448.772
2011,Barra do Riacho,BRES006,Longo Curso,5777844.904
2011,Barra do Riacho,BRES008,Cabotagem,917671.445
2011,Cabedelo (Instalação Isolada),BRCDO,Cabotagem,677283.159
2011,Cabedelo (Instalação Isolada),BRCDO,Longo Curso,1077658.957
2011,Coari (Instalação Isolada),BRAM009,Cabotagem,1179409.332
2011,Coari (Instalação Isolada),BRAM009,Interior,955419.636
2011,Corumbá,BRMS001,Interior,1569424.835
2011,Corumbá,BRMS001,Longo Curso,3085.0
2011,Corumbá,BRMS002,Cabotagem,1717.0
2011,Corumbá,BRMS002,Interior,2447108.0
2011,Corumbá,BRMS003,Cabotagem,1463.0
2011,Corumbá,BRMS003,Interior,1446681.0
2011,Corumbá,BRMS003,Longo Curso,12566.0
2011,Corumbá,BRMS005,Longo Curso,2998.51
2011,Estrela,BRETL,Interior,58592.626
2011,Estrela,BRRS004,Interior,6758.851
2011,Estrela,BRRS011,Interior,291422.7
2011,Forno,BRFNO,Cabotagem,27354.26
2011,Forno,BRFNO,Longo Curso,339867.696
2011,Ilhéus,BRBA004,Cabotagem,2234381.6
2011,Ilhéus,BRBA005,Cabotagem,1040453.0
2011,Ilhéus,BRIOS,Cabotagem,4060.68
2011,Ilhéus,BRIOS,Longo Curso,263039.192
2011,Imbituba,BRIBB,Cabotagem,175000.405
2011,Imbituba,BRIBB,Longo Curso,2136730.197
2011,Itaguaí,BRIGI,Cabotagem,521251.952
2011,Itaguaí,BRIGI,Longo Curso,57609793.262
2011,Itaguaí,BRRJ001,Longo Curso,37526187.0
2011,Itaguaí,BRRJ016,Cabotagem,137624.779
2011,Itaguaí,BRRJ016,Longo Curso,6001747.783
2011,Itajaí,BRITJ,Cabotagem,125536.206
2011,Itajaí,BRITJ,Interior,51071.805
2011,Itajaí,BRITJ,Longo Curso,4177185.98
2011,Itajaí,BRSC001,Longo Curso,104012.438
2011,Itajaí,BRSC008,Cabotagem,594617.485
2011,Itajaí,BRSC008,Longo Curso,5131645.887
2011,Itajaí,BRSC012,Cabotagem,517.3
2011,Itajaí,BRSC012,Longo Curso,78417.17
2011,Itajaí,BRSC017,Cabotagem,37899.577
2011,Itaqui,BRIQI,Apoio Marítimo,4231.972
2011,Itaqui,BRIQI,Cabotagem,3284385.691
2011,Itaqui,BRIQI,Longo Curso,10625200.59
2011,Itaqui,BRMA001,Cabotagem,9121601.694
2011,Itaqui,BRMA001,Longo Curso,3596357.537
2011,Itaqui,BRMA002,Longo Curso,102260814.0
2011,Macapá,BRAP003,Interior,141195.0
2011,Macapá,BRAP004,Longo Curso,5295086.32
2011,Macapá,BRMCP,Cabotagem,171752.751
2011,Macapá,BRMCP,Interior,505937.425
2011,Macapá,BRMCP,Longo Curso,656022.57
2011,Maceió,BRAL001,Cabotagem,781451.711
2011,Maceió,BRAL001,Longo Curso,91402.834
2011,Maceió,BRMCZ,Cabotagem,720084.08
2011,Maceió,BRMCZ,Longo Curso,2585460.784
2011,Manaus,BRAM001,Interior,537028.66
2011,Manaus,BRAM003,Longo Curso,247331.12
2011,Manaus,BRAM004,Interior,3209.75
2011,Manaus,BRAM006,Cabotagem,1506083.471
2011,Manaus,BRAM006,Longo Curso,110080.978
2011,Manaus,BRAM007,Interior,855962.006
2011,Manaus,BRAM008,Interior,1010963.0
2011,Manaus,BRAM010,Cabotagem,1201.2
2011,Manaus,BRAM010,Interior,8188.51
2011,Manaus,BRAM011,Apoio Portuário,3685.73
2011,Manaus,BRAM011,Cabotagem,2889973.076
2011,Manaus,BRAM011,Interior,2072255.74
2011,Manaus,BRAM011,Longo Curso,973741.356
2011,Manaus,BRAM012,Cabotagem,774119.068
2011,Manaus,BRAM012,Longo Curso,2817147.879
2011,Manaus,BRAM013,Cabotagem,6501.641
2011,Manaus,BRAM013,Longo Curso,60533.277
2011,Manaus,BRAM014,Cabotagem,3881.0
2011,Manaus,BRAM014,Interior,2544485.137
2011,Manaus,BRAM014,Longo Curso,2145954.223
2011,Manaus,BRAM015,Interior,250801.38
2011,Manaus,BRAM016,Interior,182583.001
2011,Manaus,BRAM018,Interior,1.0
2011,Natal,BRNAT,Cabotagem,11948.804
2011,Natal,BRNAT,Longo Curso,347142.988
2011,Natal,BRRN001,Cabotagem,2838762.365
2011,Natal,BRRN002,Cabotagem,240726.743
2011,Paranaguá - Antonina,BRANT,Cabotagem,15194.83
2011,Paranaguá - Antonina,BRANT,Longo Curso,1192989.183
2011,Paranaguá - Antonina,BRPNG,Cabotagem,1877032.309
2011,Paranaguá - Antonina,BRPNG,Interior,4834.176
2011,Paranaguá - Antonina,BRPNG,Longo Curso,35536656.963
2011,Paranaguá - Antonina,BRPR002,Cabotagem,138497.221
2011,Paranaguá - Antonina,BRPR002,Interior,68657.914
2011,Paranaguá - Antonina,BRPR002,Longo Curso,1380455.225
2011,Pecém - Fortaleza,BRCE001,Cabotagem,1007360.895
2011,Pecém - Fortaleza,BRCE001,Longo Curso,2742447.319
2011,Pecém - Fortaleza,BRFOR,Cabotagem,2608151.483
2011,Pecém - Fortaleza,BRFOR,Interior,644.56
2011,Pecém - Fortaleza,BRFOR,Longo Curso,1701175.261
2011,Porto Alegre,BRPOA,Cabotagem,57759.253
2011,Porto Alegre,BRPOA,Interior,241036.994
2011,Porto Alegre,BRPOA,Longo Curso,486427.585
2011,Porto Alegre,BRRS003,Cabotagem,56624.463
2011,Porto Alegre,BRRS003,Interior,519240.242
2011,Porto Alegre,BRRS003,Longo Curso,141517.551
2011,Porto Alegre,BRRS006,Interior,694399.0
2011,Porto Alegre,BRRS008,Interior,207424.36
2011,Porto Alegre,BRRS009,Cabotagem,4692982.407
2011,Porto Alegre,BRRS009,Longo Curso,6547591.763
2011,Porto Alegre,BRRS010,Interior,179526.054
2011,Porto Alegre,BRRS013,Cabotagem,3719.261
2011,Porto Alegre,BRRS013,Interior,282869.086
2011,Porto Alegre,BRRS014,Cabotagem,15329.384
2011,Porto Alegre,BRRS014,Interior,53580.427
2011,Porto Alegre,BRRS015,Interior,728411.76
2011,Porto Alegre,BRRS016,Cabotagem,16848.659
2011,Porto Alegre,BRRS016,Interior,45736.059
2011,Porto Velho,BRPVH,Apoio Portuário,1887.03
2011,Porto Velho,BRPVH,Interior,2092487.993
2011,Porto Velho,BRRO001,Interior,104878.0
2011,Porto Velho,BRRO002,Interior,277128.867
2011,Porto Velho,BRRO003,Cabotagem,41670.361
2011,Porto Velho,BRRO003,Interior,709.559
2011,Porto Velho,BRRO005,Interior,111710.794
2011,Porto Velho,BRRO006,Interior,920036.91
2011,Porto Velho,BRRO007,Interior,277703.983
2011,Rio Grande,BRPET,Interior,24898.95
2011,Rio Grande,BRRIG,Cabotagem,3649407.537
2011,Rio Grande,BRRIG,Interior,2111022.781
2011,Rio Grande,BRRIG,Longo Curso,12172782.198
2011,Rio Grande,BRRS001,Interior,568183.501
2011,Rio Grande,BRRS001,Longo Curso,2176921.608
2011,Rio Grande,BRRS002,Interior,905179.385
2011,Rio Grande,BRRS002,Longo Curso,4697042.981
2011,Rio Grande,BRRS005,Cabotagem,30000.0
2011,Rio Grande,BRRS005,Longo Curso,1604711.991
2011,Rio Grande,BRRS007,Interior,165666.89
2011,Rio Grande,BRRS007,Longo Curso,1627341.129
2011,Rio Grande,BRRS012,Interior,307810.401
2011,Rio de Janeiro -  Niterói,BRNTR,Apoio Marítimo,494.7
2011,Rio de Janeiro -  Niterói,BRNTR,Apoio Portuário,22517.848
2011,Rio de Janeiro -  Niterói,BRNTR,Cabotagem,43111.25
2011,Rio de Janeiro -  Niterói,BRNTR,Longo Curso,20297.598
2011,Rio de Janeiro -  Niterói,BRRIO,Cabotagem,480651.896
2011,Rio de Janeiro -  Niterói,BRRIO,Longo Curso,7225971.29
2011,Rio de Janeiro -  Niterói,BRRJ003,Longo Curso,243240.061
2011,Rio de Janeiro -  Niterói,BRRJ007,Longo Curso,902.87
2011,Rio de Janeiro -  Niterói,BRRJ008,Cabotagem,139160.593
2011,Rio de Janeiro -  Niterói,BRRJ008,Longo Curso,20360.544
2011,Rio de Janeiro -  Niterói,BRRJ010,Cabotagem,9715075.48
2011,Rio de Janeiro -  Niterói,BRRJ010,Interior,866474.718
2011,Rio de Janeiro -  Niterói,BRRJ010,Longo Curso,1231640.316
2011,Rio de Janeiro -  Niterói,BRRJ013,Cabotagem,5899.271
2011,Rio de Janeiro -  Niterói,BRRJ015,Longo Curso,63694.39
2011,Rio de Janeiro -  Niterói,BRRJ017,Apoio Marítimo,126.0
2011,Rio de Janeiro -  Niterói,BRRJ017,Cabotagem,49668.32
2011,Rio de Janeiro -  Niterói,BRRJ017,Interior,2081.23
2011,Rio de Janeiro -  Niterói,BRRJ017,Longo Curso,450.0
2011,Rio de Janeiro -  Niterói,BRRJ018,Longo Curso,260878.084
2011,Rio de Janeiro -  Niterói,BRRJ019,Cabotagem,60114.719
2011,Santarém,BRPA017,Interior,130008.0
2011,Santarém,BRPA028,Interior,19811.112
2011,Santarém,BRSTM,Apoio Portuário,661.696
2011,Santarém,BRSTM,Interior,1129481.212
2011,Santarém,BRSTM,Longo Curso,1215281.841
2011,Santos,BRSP001,Longo Curso,2619798.717
2011,Santos,BRSP002,Cabotagem,979398.898
2011,Santos,BRSP002,Longo Curso,4564453.893
2011,Santos,BRSP004,Longo Curso,924303.75
2011,Santos,BRSP005,Cabotagem,594944.993
2011,Santos,BRSP005,Longo Curso,152403.82
2011,Santos,BRSSZ,Cabotagem,6778297.641
2011,Santos,BRSSZ,Longo Curso,81060621.978
2011,Suape - Recife,BRREC,Cabotagem,166939.0
2011,Suape - Recife,BRREC,Longo Curso,1831737.0
2011,Suape - Recife,BRSUA,Apoio Portuário,477.882
2011,Suape - Recife,BRSUA,Cabotagem,5750683.191
2011,Suape - Recife,BRSUA,Longo Curso,5252726.376
2011,São Francisco do Sul,BRSC007,Cabotagem,7252539.593
2011,São Francisco do Sul,BRSC007,Longo Curso,2747479.296
2011,São Francisco do Sul,BRSC011,Longo Curso,440540.889
2011,São Francisco do Sul,BRSFS,Cabotagem,2113152.45
2011,São Francisco do Sul,BRSFS,Interior,30659.702
2011,São Francisco do Sul,BRSFS,Longo Curso,7945698.893
2011,São Sebastião,BRSP006,Cabotagem,40548120.339
2011,São Sebastião,BRSP006,Longo Curso,9146575.735
2011,São Sebastião,BRSSO,Apoio Marítimo,33133.508
2011,São Sebastião,BRSSO,Interior,544.682
2011,São Sebastião,BRSSO,Longo Curso,636382.652
2011,Vila do Conde - Belém,BRBEL,Apoio Marítimo,27505.7
2011,Vila do Conde - Belém,BRBEL,Apoio Portuário,6721.892
2011,Vila do Conde - Belém,BRBEL,Cabotagem,1801430.555
2011,Vila do Conde - Belém,BRBEL,Interior,412216.162
2011,Vila do Conde - Belém,BRBEL,Longo Curso,977573.346
2011,Vila do Conde - Belém,BRPA005,Cabotagem,25318.54
2011,Vila do Conde - Belém,BRPA005,Longo Curso,669401.14
2011,Vila do Conde - Belém,BRPA006,Cabotagem,9161.81
2011,Vila do Conde - Belém,BRPA006,Longo Curso,1255434.61
2011,Vila do Conde - Belém,BRPA013,Interior,1004616.004
2011,Vila do Conde - Belém,BRPA014,Interior,126362.71
2011,Vila do Conde - Belém,BRPA014,Longo Curso,50299.021
2011,Vila do Conde - Belém,BRPA016,Interior,1228998.0
2011,Vila do Conde - Belém,BRVDC,Cabotagem,7326081.081
2011,Vila do Conde - Belém,BRVDC,Interior,72106.5
2011,Vila do Conde - Belém,BRVDC,Longo Curso,9215834.445
2011,Vitória,BRES001,Cabotagem,1196763.85
2011,Vitória,BRES001,Longo Curso,108946650.906
2011,Vitória,BRES002,Apoio Marítimo,1857.0
2011,Vitória,BRES002,Apoio Portuário,13823.0
2011,Vitória,BRES002,Cabotagem,726151.0
2011,Vitória,BRES002,Longo Curso,22961748.0
2011,Vitória,BRES003,Longo Curso,9590148.865
2011,Vitória,BRES004,Cabotagem,1199577.656
2011,Vitória,BRES004,Longo Curso,6580367.877
2011,Vitória,BRES005,Cabotagem,228673.735
2011,Vitória,BRES005,Interior,846.999
2011,Vitória,BRES005,Longo Curso,104.834
2011,Vitória,BRES007,Cabotagem,428407.259
2011,Vitória,BRES009,Cabotagem,5635.334
2011,Vitória,BRVIX,Cabotagem,3734307.577
2011,Vitória,BRVIX,Longo Curso,4378440.057
2011,Óbidos,BRPA001,Apoio Marítimo,44275.0
2011,Óbidos,BRPA001,Cabotagem,11394069.0
2011,Óbidos,BRPA001,Longo Curso,6455118.0
2011,Óbidos,BRPA019,Cabotagem,3929486.0
2012,Almeirim,BRPA002,Cabotagem,68413.693
2012,Almeirim,BRPA002,Longo Curso,212119.364
2012,Almeirim,BRPA004,Longo Curso,295339.766
2012,Angra dos Reis,BRADR,Apoio Marítimo,20793.68
2012,Angra dos Reis,BRADR,Apoio Portuário,3780.865
2012,Angra dos Reis,BRADR,Cabotagem,58410.216
2012,Angra dos Reis,BRADR,Longo Curso,4098.092
2012,Angra dos Reis,BRRJ009,Cabotagem,17017676.781
2012,Angra dos Reis,BRRJ009,Longo Curso,20023485.6
2012,Angra dos Reis,BRRJ012,Cabotagem,4814.02
2012,Angra dos Reis,BRRJ012,Longo Curso,13395.795
2012,Aracajú,BRSE001,Apoio Marítimo,803633.439
2012,Aracajú,BRSE001,Apoio Portuário,77494.35
2012,Aracajú,BRSE001,Longo Curso,956396.215
2012,Aracajú,BRSE002,Cabotagem,2744668.08
2012,Aratu - Salvador,BRARB,Apoio Marítimo,12446.0
2012,Aratu - Salvador,BRARB,Cabotagem,1673863.723
2012,Aratu - Salvador,BRARB,Longo Curso,4127701.612
2012,Aratu - Salvador,BRBA002,Cabotagem,572165.08
2012,Aratu - Salvador,BRBA002,Longo Curso,107261.593
2012,Aratu - Salvador,BRBA003,Apoio Portuário,100433.423
2012,Aratu - Salvador,BRBA003,Cabotagem,18349894.426
2012,Aratu - Salvador,BRBA003,Longo Curso,3207683.549
2012,Aratu - Salvador,BRBA006,Cabotagem,145036.0
2012,Aratu - Salvador,BRBA006,Longo Curso,212943.333
2012,Aratu - Salvador,BRBA007,Apoio Marítimo,32011.082
2012,Aratu - Salvador,BRBA007,Longo Curso,3173024.963
2012,Aratu - Salvador,BRBA008,Longo Curso,156330.701
2012,Aratu - Salvador,BRSSA,Cabotagem,910640.814
2012,Aratu - Salvador,BRSSA,Longo Curso,2513446.757
2012,Areia Branca,BRARE,Apoio Marítimo,2231.2
2012,Areia Branca,BRARE,Apoio Portuário,1023832.6
2012,Areia Branca,BRARE,Cabotagem,854721.0
2012,Areia Branca,BRARE,Longo Curso,115160.0
2012,Barra do Riacho,BRES006,Cabotagem,3119437.764
2012,Barra do Riacho,BRES006,Longo Curso,5908462.227
2012,Barra do Riacho,BRES008,Cabotagem,913033.415
2012,Cabedelo (Instalação Isolada),BRCDO,Cabotagem,750480.816
2012,Cabedelo (Instalação Isolada),BRCDO,Longo Curso,1156957.005
2012,Coari (Instalação Isolada),BRAM009,Apoio Marítimo,3531.195
2012,Coari (Instalação Isolada),BRAM009,Cabotagem,1176223.844
2012,Coari (Instalação Isolada),BRAM009,Interior,912386.817
2012,Corumbá,BRMS001,Interior,1798872.118
2012,Corumbá,BRMS001,Longo Curso,2676.0
2012,Corumbá,BRMS002,Interior,1913011.794
2012,Corumbá,BRMS003,Apoio Portuário,1814.0
2012,Corumbá,BRMS003,Interior,646359.0
2012,Corumbá,BRMS005,Interior,3974.1
2012,Estrela,BRETL,Interior,7243.673
2012,Estrela,BRRS011,Interior,328003.66
2012,Forno,BRFNO,Apoio Portuário,279.4
2012,Forno,BRFNO,Cabotagem,13864.394
2012,Forno,BRFNO,Longo Curso,147555.338
2012,Ilhéus,BRBA004,Cabotagem,2179533.18
2012,Ilhéus,BRBA005,Cabotagem,1119160.0
2012,Ilhéus,BRIOS,Longo Curso,459941.425
2012,Imbituba,BRIBB,Cabotagem,102674.893
2012,Imbituba,BRIBB,Longo Curso,1952937.245
2012,Itaguaí,BRIGI,Cabotagem,1991852.684
2012,Itaguaí,BRIGI,Longo Curso,55089751.334
2012,Itaguaí,BRRJ001,Cabotagem,533919.0
2012,Itaguaí,BRRJ001,Longo Curso,39284983.0
2012,Itaguaí,BRRJ016,Cabotagem,100480.539
2012,Itaguaí,BRRJ016,Longo Curso,6751487.924
2012,Itajaí,BRITJ,Cabotagem,237118.995
2012,Itajaí,BRITJ,Longo Curso,3676069.084
2012,Itajaí,BRSC001,Longo Curso,176878.502
2012,Itajaí,BRSC008,Cabotagem,553590.571
2012,Itajaí,BRSC008,Longo Curso,5367009.642
2012,Itajaí,BRSC012,Apoio Marítimo,18.0
2012,Itajaí,BRSC012,Cabotagem,6909.85
2012,Itajaí,BRSC012,Longo Curso,176184.924
2012,Itaqui,BRIQI,Apoio Marítimo,6887.937
2012,Itaqui,BRIQI,Cabotagem,2925635.688
2012,Itaqui,BRIQI,Longo Curso,12767574.768
2012,Itaqui,BRMA001,Cabotagem,8890518.036
2012,Itaqui,BRMA001,Longo Curso,3883713.593
2012,Itaqui,BRMA002,Cabotagem,86792.0
2012,Itaqui,BRMA002,Longo Curso,104946829.0
2012,Macapá,BRAP003,Interior,146532.0
2012,Macapá,BRAP004,Longo Curso,6463087.286
2012,Macapá,BRMCP,Cabotagem,208122.325
2012,Macapá,BRMCP,Interior,678207.656
2012,Macapá,BRMCP,Longo Curso,616538.682
2012,Maceió,BRAL001,Cabotagem,964529.864
2012,Maceió,BRAL001,Longo Curso,55537.151
2012,Maceió,BRMCZ,Cabotagem,828157.461
2012,Maceió,BRMCZ,Longo Curso,2172714.838
2012,Manaus,BRAM001,Interior,475140.426
2012,Manaus,BRAM003,Longo Curso,327809.549
2012,Manaus,BRAM004,Interior,4855.61
2012,Manaus,BRAM006,Cabotagem,2048983.155
2012,Manaus,BRAM006,Longo Curso,947875.764
2012,Manaus,BRAM007,Interior,883084.857
2012,Manaus,BRAM008,Interior,810802.0
2012,Manaus,BRAM010,Interior,25234.867
2012,Manaus,BRAM011,Cabotagem,3564033.484
2012,Manaus,BRAM011,Interior,2116278.509
2012,Manaus,BRAM011,Longo Curso,913611.403
2012,Manaus,BRAM012,Cabotagem,365346.032
2012,Manaus,BRAM012,Longo Curso,1659679.875
2012,Manaus,BRAM013,Longo Curso,69300.619
2012,Manaus,BRAM014,Interior,2636257.928
2012,Manaus,BRAM014,Longo Curso,2441922.376
2012,Manaus,BRAM015,Interior,180887.31
2012,Manaus,BRAM016,Interior,173765.726
2012,Manaus,BRAM018,Interior,16.0
2012,Natal,BRNAT,Cabotagem,57747.974
2012,Natal,BRNAT,Longo Curso,374543.972
2012,Natal,BRRN001,Cabotagem,2848889.853
2012,Natal,BRRN002,Cabotagem,280007.36
2012,Paranaguá - Antonina,BRANT,Cabotagem,23699.26
2012,Paranaguá - Antonina,BRANT,Longo Curso,1237301.733
2012,Paranaguá - Antonina,BRPNG,Cabotagem,2283197.459
2012,Paranaguá - Antonina,BRPNG,Interior,41604.549
2012,Paranaguá - Antonina,BRPNG,Longo Curso,38117009.964
2012,Paranaguá - Antonina,BRPR002,Cabotagem,108374.032
2012,Paranaguá - Antonina,BRPR002,Interior,28621.884
2012,Paranaguá - Antonina,BRPR002,Longo Curso,1425451.497
2012,Pecém - Fortaleza,BRCE001,Cabotagem,924324.091
2012,Pecém - Fortaleza,BRCE001,Longo Curso,3453707.741
2012,Pecém - Fortaleza,BRFOR,Cabotagem,2690936.679
2012,Pecém - Fortaleza,BRFOR,Interior,244.96
2012,Pecém - Fortaleza,BRFOR,Longo Curso,1922026.931
2012,Porto Alegre,BRPOA,Cabotagem,92758.286
2012,Porto Alegre,BRPOA,Interior,356435.721
2012,Porto Alegre,BRPOA,Longo Curso,455454.749
2012,Porto Alegre,BRRS003,Cabotagem,33583.477
2012,Porto Alegre,BRRS003,Interior,457536.587
2012,Porto Alegre,BRRS003,Longo Curso,106659.966
2012,Porto Alegre,BRRS006,Interior,572019.0
2012,Porto Alegre,BRRS008,Interior,264683.68
2012,Porto Alegre,BRRS009,Cabotagem,5337970.656
2012,Porto Alegre,BRRS009,Interior,33430.993
2012,Porto Alegre,BRRS009,Longo Curso,5689584.583
2012,Porto Alegre,BRRS010,Interior,299072.13
2012,Porto Alegre,BRRS013,Interior,304520.107
2012,Porto Alegre,BRRS014,Cabotagem,23334.5
2012,Porto Alegre,BRRS014,Interior,23281.1
2012,Porto Alegre,BRRS015,Interior,350502.699
2012,Porto Alegre,BRRS016,Cabotagem,49364.296
2012,Porto Alegre,BRRS016,Interior,30643.638
2012,Porto Velho,BRPVH,Apoio Portuário,1123.0
2012,Porto Velho,BRPVH,Interior,3272124.445
2012,Porto Velho,BRRO001,Interior,80197.0
2012,Porto Velho,BRRO002,Interior,286720.544
2012,Porto Velho,BRRO003,Cabotagem,44693.304
2012,Porto Velho,BRRO005,Interior,122329.121
2012,Porto Velho,BRRO006,Interior,1179308.992
2012,Porto Velho,BRRO007,Interior,188777.271
2012,Rio Grande,BRPET,Interior,13330.53
2012,Rio Grande,BRRIG,Cabotagem,3736430.188
2012,Rio Grande,BRRIG,Interior,2032347.287
2012,Rio Grande,BRRIG,Longo Curso,11304031.444
2012,Rio Grande,BRRS001,Interior,558511.534
2012,Rio Grande,BRRS001,Longo Curso,1644859.176
2012,Rio Grande,BRRS002,Interior,622872.919
2012,Rio Grande,BRRS002,Longo Curso,4467253.949
2012,Rio Grande,BRRS005,Interior,188812.532
2012,Rio Grande,BRRS005,Longo Curso,1443601.328
2012,Rio Grande,BRRS007,Apoio Portuário,20.0
2012,Rio Grande,BRRS007,Cabotagem,8000.0
2012,Rio Grande,BRRS007,Interior,171123.467
2012,Rio Grande,BRRS007,Longo Curso,978708.1
2012,Rio Grande,BRRS012,Interior,408112.15
2012,Rio de Janeiro -  Niterói,BRNTR,Apoio Marítimo,9341.94
2012,Rio de Janeiro -  Niterói,BRNTR,Apoio Portuário,46638.968
2012,Rio de Janeiro -  Niterói,BRNTR,Cabotagem,719.95
2012,Rio de Janeiro -  Niterói,BRNTR,Interior,27.8
2012,Rio de Janeiro -  Niterói,BRNTR,Longo Curso,5345.182
2012,Rio de Janeiro -  Niterói,BRRIO,Cabotagem,564721.455
2012,Rio de Janeiro -  Niterói,BRRIO,Longo Curso,7193629.389
2012,Rio de Janeiro -  Niterói,BRRJ003,Cabotagem,4402.535
2012,Rio de Janeiro -  Niterói,BRRJ003,Longo Curso,272772.911
2012,Rio de Janeiro -  Niterói,BRRJ007,Longo Curso,10799.28
2012,Rio de Janeiro -  Niterói,BRRJ008,Cabotagem,143116.765
2012,Rio de Janeiro -  Niterói,BRRJ008,Longo Curso,29817.953
2012,Rio de Janeiro -  Niterói,BRRJ010,Apoio Marítimo,78898.511
2012,Rio de Janeiro -  Niterói,BRRJ010,Apoio Portuário,2602.453
2012,Rio de Janeiro -  Niterói,BRRJ010,Cabotagem,11309232.509
2012,Rio de Janeiro -  Niterói,BRRJ010,Interior,885741.794
2012,Rio de Janeiro -  Niterói,BRRJ010,Longo Curso,1441927.948
2012,Rio de Janeiro -  Niterói,BRRJ013,Cabotagem,9319.377
2012,Rio de Janeiro -  Niterói,BRRJ015,Longo Curso,58313.41
2012,Rio de Janeiro -  Niterói,BRRJ017,Cabotagem,35534.235
2012,Rio de Janeiro -  Niterói,BRRJ017,Longo Curso,546.0
2012,Rio de Janeiro -  Niterói,BRRJ018,Cabotagem,46894.754
2012,Rio de Janeiro -  Niterói,BRRJ018,Longo Curso,2217628.767
2012,Rio de Janeiro -  Niterói,BRRJ019,Cabotagem,105468.398
2012,Santarém,BRPA017,Interior,142373.0
2012,Santarém,BRPA028,Interior,27762.628
2012,Santarém,BRSTM,Interior,1706043.362
2012,Santarém,BRSTM,Longo Curso,1719897.162
2012,Santos,BRSP001,Longo Curso,2622274.922
2012,Santos,BRSP002,Cabotagem,1436475.835
2012,Santos,BRSP002,Longo Curso,4291048.956
2012,Santos,BRSP004,Longo Curso,1252691.667
2012,Santos,BRSP005,Cabotagem,604673.0
2012,Santos,BRSP005,Longo Curso,106999.0
2012,Santos,BRSSZ,Cabotagem,7483053.165
2012,Santos,BRSSZ,Longo Curso,83254275.61
2012,Suape - Recife,BRPE001,Longo Curso,1990.418
2012,Suape - Recife,BRREC,Cabotagem,54395.0
2012,Suape - Recife,BRREC,Longo Curso,1661637.0
2012,Suape - Recife,BRSUA,Cabotagem,5817599.245
2012,Suape - Recife,BRSUA,Longo Curso,5178056.978
2012,São Francisco do Sul,BRSC007,Cabotagem,7589208.273
2012,São Francisco do Sul,BRSC007,Longo Curso,2684863.849
2012,São Francisco do Sul,BRSC011,Cabotagem,263200.513
2012,São Francisco do Sul,BRSC011,Longo Curso,2868597.091
2012,São Francisco do Sul,BRSFS,Cabotagem,2947231.877
2012,São Francisco do Sul,BRSFS,Longo Curso,7987273.191
2012,São Sebastião,BRSP006,Apoio Marítimo,69547.046
2012,São Sebastião,BRSP006,Cabotagem,40480924.856
2012,São Sebastião,BRSP006,Longo Curso,9990743.814
2012,São Sebastião,BRSSO,Apoio Marítimo,42402.766
2012,São Sebastião,BRSSO,Cabotagem,6156.045
2012,São Sebastião,BRSSO,Longo Curso,836391.815
2012,Tomé Açu,BRPA033,Interior,71902.819
2012,Vila do Conde - Belém,BRBEL,Apoio Marítimo,942.449
2012,Vila do Conde - Belém,BRBEL,Apoio Portuário,22161.24
2012,Vila do Conde - Belém,BRBEL,Cabotagem,1805954.499
2012,Vila do Conde - Belém,BRBEL,Interior,533818.269
2012,Vila do Conde - Belém,BRBEL,Longo Curso,829264.215
2012,Vila do Conde - Belém,BRPA005,Longo Curso,330297.18
2012,Vila do Conde - Belém,BRPA006,Cabotagem,31525.04
2012,Vila do Conde - Belém,BRPA006,Longo Curso,1428931.206
2012,Vila do Conde - Belém,BRPA013,Interior,949147.025
2012,Vila do Conde - Belém,BRPA014,Interior,134305.145
2012,Vila do Conde - Belém,BRPA014,Longo Curso,66991.097
2012,Vila do Conde - Belém,BRPA016,Interior,1055306.0
2012,Vila do Conde - Belém,BRVDC,Cabotagem,6208834.436
2012,Vila do Conde - Belém,BRVDC,Interior,268836.753
2012,Vila do Conde - Belém,BRVDC,Longo Curso,8699131.626
2012,Vitória,BRES001,Cabotagem,997647.49
2012,Vitória,BRES001,Longo Curso,109336874.319
2012,Vitória,BRES002,Apoio Marítimo,133261.0
2012,Vitória,BRES002,Cabotagem,891556.0
2012,Vitória,BRES002,Longo Curso,22487772.0
2012,Vitória,BRES003,Cabotagem,280741.704
2012,Vitória,BRES003,Longo Curso,9807374.748
2012,Vitória,BRES004,Cabotagem,1111073.22
2012,Vitória,BRES004,Longo Curso,4357231.801
2012,Vitória,BRES005,Apoio Marítimo,327313.582
2012,Vitória,BRES005,Apoio Portuário,2275.817
2012,Vitória,BRES007,Cabotagem,553397.107
2012,Vitória,BRVIX,Cabotagem,4684966.462
2012,Vitória,BRVIX,Longo Curso,2146603.351
2012,Óbidos,BRPA001,Apoio Marítimo,45166.0
2012,Óbidos,BRPA001,Apoio Portuário,46076.0
2012,Óbidos,BRPA001,Cabotagem,9625515.0
2012,Óbidos,BRPA001,Longo Curso,6674759.0
2012,Óbidos,BRPA019,Cabotagem,4352467.0
2013,Almeirim,BRPA002,Cabotagem,41056.883
2013,Almeirim,BRPA002,Longo Curso,201338.001
2013,Almeirim,BRPA004,Longo Curso,16317.62
2013,Angra dos Reis,BRADR,Apoio Marítimo,119465.567
2013,Angra dos Reis,BRADR,Cabotagem,315.61
2013,Angra dos Reis,BRADR,Longo Curso,2267.099
2013,Angra dos Reis,BRRJ009,Apoio Marítimo,2415644.93
2013,Angra dos Reis,BRRJ009,Cabotagem,10606385.304
2013,Angra dos Reis,BRRJ009,Longo Curso,12775024.687
2013,Angra dos Reis,BRRJ012,Cabotagem,3461.363
2013,Angra dos Reis,BRRJ012,Longo Curso,11331.973
2013,Aracajú,BRSE001,Apoio Marítimo,34299.946
2013,Aracajú,BRSE001,Apoio Portuário,191.45
2013,Aracajú,BRSE001,Longo Curso,999160.95
2013,Aracajú,BRSE002,Cabotagem,2523119.3
2013,Aratu - Salvador,BRARB,Cabotagem,2144988.152
2013,Aratu - Salvador,BRARB,Longo Curso,3680675.144
2013,Aratu - Salvador,BRBA002,Cabotagem,528842.943
2013,Aratu - Salvador,BRBA002,Longo Curso,104671.985
2013,Aratu - Salvador,BRBA003,Cabotagem,19105899.817
2013,Aratu - Salvador,BRBA003,Longo Curso,3592449.093
2013,Aratu - Salvador,BRBA006,Cabotagem,172043.0
2013,Aratu - Salvador,BRBA006,Longo Curso,333856.491
2013,Aratu - Salvador,BRBA007,Cabotagem,36164.028
2013,Aratu - Salvador,BRBA007,Longo Curso,3101691.572
2013,Aratu - Salvador,BRBA008,Longo Curso,186924.122
2013,Aratu - Salvador,BRSSA,Cabotagem,1486077.284
2013,Aratu - Salvador,BRSSA,Interior,5775.62
2013,Aratu - Salvador,BRSSA,Longo Curso,2494351.846
2013,Areia Branca,BRARE,Apoio Marítimo,919.7
2013,Areia Branca,BRARE,Apoio Portuário,1178255.1
2013,Areia Branca,BRARE,Cabotagem,672296.0
2013,Areia Branca,BRARE,Interior,670.6
2013,Areia Branca,BRARE,Longo Curso,403358.0
2013,Barra do Riacho,BRES006,Cabotagem,904315.036
2013,Barra do Riacho,BRES006,Longo Curso,7680340.782
2013,Barra do Riacho,BRES008,Cabotagem,915711.568
2013,Barra do Riacho,BRES010,Cabotagem,100084.628
2013,Cabedelo (Instalação Isolada),BRCDO,Cabotagem,714912.091
2013,Cabedelo (Instalação Isolada),BRCDO,Longo Curso,1186764.168
2013,Coari (Instalação Isolada),BRAM009,Cabotagem,1041441.253
2013,Coari (Instalação Isolada),BRAM009,Interior,867504.429
2013,Corumbá,BRMS001,Interior,2526822.077
2013,Corumbá,BRMS001,Longo Curso,3374.0
2013,Corumbá,BRMS002,Apoio Portuário,3097.0
2013,Corumbá,BRMS002,Interior,3211723.0
2013,Corumbá,BRMS003,Interior,310161.7
2013,Corumbá,BRMS005,Interior,8234.837
2013,Estrela,BRETL,Interior,53248.335
2013,Estrela,BRRS011,Interior,183447.89
2013,Forno,BRFNO,Apoio Marítimo,10037.77
2013,Forno,BRFNO,Apoio Portuário,2647.84
2013,Forno,BRFNO,Cabotagem,1210.56
2013,Forno,BRFNO,Interior,304.4
2013,Forno,BRFNO,Longo Curso,202734.355
2013,Ilhéus,BRBA004,Cabotagem,1605784.49
2013,Ilhéus,BRBA005,Cabotagem,1062622.0
2013,Ilhéus,BRIOS,Longo Curso,393491.423
2013,Imbituba,BRIBB,Cabotagem,127168.262
2013,Imbituba,BRIBB,Longo Curso,2364857.253
2013,Itaguaí,BRIGI,Apoio Portuário,1341507.124
2013,Itaguaí,BRIGI,Cabotagem,189950.17
2013,Itaguaí,BRIGI,Interior,2802881.577
2013,Itaguaí,BRIGI,Longo Curso,53993572.692
2013,Itaguaí,BRRJ001,Cabotagem,227314.0
2013,Itaguaí,BRRJ001,Longo Curso,39530900.0
2013,Itaguaí,BRRJ016,Longo Curso,6733326.291
2013,Itajaí,BRITJ,Cabotagem,328261.428
2013,Itajaí,BRITJ,Longo Curso,3784736.911
2013,Itajaí,BRSC001,Longo Curso,227200.929
2013,Itajaí,BRSC008,Cabotagem,2413813.737
2013,Itajaí,BRSC008,Longo Curso,5155590.533
2013,Itajaí,BRSC012,Apoio Marítimo,169070.416
2013,Itajaí,BRSC012,Cabotagem,10041.096
2013,Itajaí,BRSC012,Longo Curso,244884.379
2013,Itaqui,BRIQI,Cabotagem,3412132.972
2013,Itaqui,BRIQI,Longo Curso,11879776.919
2013,Itaqui,BRMA001,Cabotagem,8923711.955
2013,Itaqui,BRMA001,Longo Curso,3876920.465
2013,Itaqui,BRMA002,Cabotagem,205036.007
2013,Itaqui,BRMA002,Longo Curso,107123271.0
2013,Macapá,BRAP003,Interior,148250.0
2013,Macapá,BRAP004,Longo Curso,1237114.24
2013,Macapá,BRMCP,Cabotagem,404017.356
2013,Macapá,BRMCP,Interior,671489.013
2013,Macapá,BRMCP,Longo Curso,1429780.137
2013,Maceió,BRAL001,Cabotagem,957566.386
2013,Maceió,BRAL001,Longo Curso,66394.561
2013,Maceió,BRMCZ,Cabotagem,761181.388
2013,Maceió,BRMCZ,Longo Curso,1820375.919
2013,Manaus,BRAM001,Interior,486002.417
2013,Manaus,BRAM003,Longo Curso,294113.932
2013,Manaus,BRAM004,Interior,3020.6
2013,Manaus,BRAM006,Cabotagem,2648835.149
2013,Manaus,BRAM006,Longo Curso,677989.824
2013,Manaus,BRAM007,Interior,814346.939
2013,Manaus,BRAM008,Interior,788107.0
2013,Manaus,BRAM010,Apoio Portuário,43.691
2013,Manaus,BRAM010,Interior,24275.541
2013,Manaus,BRAM011,Cabotagem,3369543.745
2013,Manaus,BRAM011,Interior,1807056.9
2013,Manaus,BRAM011,Longo Curso,120417.05
2013,Manaus,BRAM012,Cabotagem,345099.26
2013,Manaus,BRAM012,Longo Curso,1916199.855
2013,Manaus,BRAM013,Longo Curso,88068.539
2013,Manaus,BRAM014,Apoio Portuário,2057.383
2013,Manaus,BRAM014,Interior,2873277.205
2013,Manaus,BRAM014,Longo Curso,2487704.872
2013,Manaus,BRAM015,Interior,157686.59
2013,Manaus,BRAM016,Interior,170157.445
2013,Manaus,BRAM018,Interior,7.005
2013,Manaus,BRAM025,Cabotagem,329817.087
2013,Manaus,BRAM025,Interior,310788.739
2013,Natal,BRNAT,Cabotagem,7404.869
2013,Natal,BRNAT,Longo Curso,413250.54
2013,Natal,BRRN001,Cabotagem,3096261.004
2013,Natal,BRRN002,Cabotagem,5670.045
2013,Paranaguá - Antonina,BRANT,Longo Curso,1560210.43
2013,Paranaguá - Antonina,BRPNG,Cabotagem,2373820.229
2013,Paranaguá - Antonina,BRPNG,Longo Curso,39398019.79
2013,Paranaguá - Antonina,BRPR002,Longo Curso,1658753.9
2013,Pecém - Fortaleza,BRCE001,Cabotagem,1595343.252
2013,Pecém - Fortaleza,BRCE001,Longo Curso,4731546.352
2013,Pecém - Fortaleza,BRFOR,Cabotagem,3091987.044
2013,Pecém - Fortaleza,BRFOR,Interior,3483.651
2013,Pecém - Fortaleza,BRFOR,Longo Curso,2065237.685
2013,Porto Alegre,BRPOA,Cabotagem,92033.696
2013,Porto Alegre,BRPOA,Interior,295327.558
2013,Porto Alegre,BRPOA,Longo Curso,617158.72
2013,Porto Alegre,BRRS003,Cabotagem,52549.821
2013,Porto Alegre,BRRS003,Interior,732036.017
2013,Porto Alegre,BRRS003,Longo Curso,71197.329
2013,Porto Alegre,BRRS006,Apoio Portuário,6351.0
2013,Porto Alegre,BRRS006,Interior,517327.0
2013,Porto Alegre,BRRS008,Interior,258763.24
2013,Porto Alegre,BRRS009,Apoio Portuário,99584.084
2013,Porto Alegre,BRRS009,Cabotagem,8290876.352
2013,Porto Alegre,BRRS009,Longo Curso,6242818.258
2013,Porto Alegre,BRRS010,Interior,481297.676
2013,Porto Alegre,BRRS013,Interior,297385.785
2013,Porto Alegre,BRRS014,Cabotagem,7784.741
2013,Porto Alegre,BRRS014,Interior,10871.752
2013,Porto Alegre,BRRS015,Interior,819963.224
2013,Porto Alegre,BRRS016,Cabotagem,11231.361
2013,Porto Alegre,BRRS016,Interior,10569.13
2013,Porto Velho,BRPVH,Apoio Portuário,7652.37
2013,Porto Velho,BRPVH,Interior,3389447.375
2013,Porto Velho,BRRO001,Interior,66326.0
2013,Porto Velho,BRRO002,Interior,292198.862
2013,Porto Velho,BRRO003,Interior,49345.365
2013,Porto Velho,BRRO005,Interior,69023.328
2013,Porto Velho,BRRO006,Apoio Portuário,2434.78
2013,Porto Velho,BRRO006,Interior,1492104.36
2013,Porto Velho,BRRO007,Interior,323134.058
2013,Rio Grande,BRPET,Interior,18550.02
2013,Rio Grande,BRRIG,Cabotagem,5028501.359
2013,Rio Grande,BRRIG,Interior,2662385.507
2013,Rio Grande,BRRIG,Longo Curso,12843752.956
2013,Rio Grande,BRRS001,Interior,561950.634
2013,Rio Grande,BRRS001,Longo Curso,1834690.786
2013,Rio Grande,BRRS002,Interior,729396.261
2013,Rio Grande,BRRS002,Longo Curso,5597727.607
2013,Rio Grande,BRRS005,Cabotagem,4000.0
2013,Rio Grande,BRRS005,Interior,108161.023
2013,Rio Grande,BRRS005,Longo Curso,1799812.546
2013,Rio Grande,BRRS007,Cabotagem,7000.0
2013,Rio Grande,BRRS007,Interior,251156.854
2013,Rio Grande,BRRS007,Longo Curso,1539743.887
2013,Rio Grande,BRRS012,Interior,374293.0
2013,Rio de Janeiro -  Niterói,BRNTR,Apoio Marítimo,68.4
2013,Rio de Janeiro -  Niterói,BRNTR,Apoio Portuário,233290.115
2013,Rio de Janeiro -  Niterói,BRNTR,Cabotagem,30.753
2013,Rio de Janeiro -  Niterói,BRNTR,Interior,50.8
2013,Rio de Janeiro -  Niterói,BRNTR,Longo Curso,2229.86
2013,Rio de Janeiro -  Niterói,BRRIO,Cabotagem,988441.704
2013,Rio de Janeiro -  Niterói,BRRIO,Interior,86112.391
2013,Rio de Janeiro -  Niterói,BRRIO,Longo Curso,7157727.899
2013,Rio de Janeiro -  Niterói,BRRJ003,Cabotagem,4532.564
2013,Rio de Janeiro -  Niterói,BRRJ003,Longo Curso,272314.096
2013,Rio de Janeiro -  Niterói,BRRJ005,Apoio Marítimo,1110.821
2013,Rio de Janeiro -  Niterói,BRRJ005,Apoio Portuário,52727.765
2013,Rio de Janeiro -  Niterói,BRRJ005,Cabotagem,8.2
2013,Rio de Janeiro -  Niterói,BRRJ005,Interior,92.54
2013,Rio de Janeiro -  Niterói,BRRJ008,Apoio Marítimo,3988.786
2013,Rio de Janeiro -  Niterói,BRRJ008,Cabotagem,116265.181
2013,Rio de Janeiro -  Niterói,BRRJ008,Interior,2859.332
2013,Rio de Janeiro -  Niterói,BRRJ008,Longo Curso,26876.902
2013,Rio de Janeiro -  Niterói,BRRJ010,Apoio Marítimo,113577.175
2013,Rio de Janeiro -  Niterói,BRRJ010,Cabotagem,12423714.105
2013,Rio de Janeiro -  Niterói,BRRJ010,Interior,934658.163
2013,Rio de Janeiro -  Niterói,BRRJ010,Longo Curso,1681951.64
2013,Rio de Janeiro -  Niterói,BRRJ015,Longo Curso,54865.891
2013,Rio de Janeiro -  Niterói,BRRJ017,Cabotagem,19601.726
2013,Rio de Janeiro -  Niterói,BRRJ018,Cabotagem,117188.037
2013,Rio de Janeiro -  Niterói,BRRJ018,Longo Curso,2947905.114
2013,Rio de Janeiro -  Niterói,BRRJ019,Cabotagem,125016.931
2013,Santarém,BRPA017,Interior,137397.0
2013,Santarém,BRPA028,Interior,55731.764
2013,Santarém,BRSTM,Apoio Portuário,2433.61
2013,Santarém,BRSTM,Cabotagem,4476.19
2013,Santarém,BRSTM,Interior,1857965.21
2013,Santarém,BRSTM,Longo Curso,2570262.73
2013,Santos,BRSP001,Longo Curso,2303500.066
2013,Santos,BRSP002,Cabotagem,1394591.588
2013,Santos,BRSP002,Longo Curso,3119531.436
2013,Santos,BRSP004,Longo Curso,2173193.869
2013,Santos,BRSP005,Cabotagem,517983.24
2013,Santos,BRSP005,Longo Curso,141091.0
2013,Santos,BRSP008,Cabotagem,338127.929
2013,Santos,BRSP008,Longo Curso,1474738.782
2013,Santos,BRSP009,Cabotagem,83.118
2013,Santos,BRSP009,Interior,1.727
2013,Santos,BRSSZ,Apoio Portuário,504.457
2013,Santos,BRSSZ,Cabotagem,7819406.783
2013,Santos,BRSSZ,Longo Curso,91254876.992
2013,Suape - Recife,BRPE001,Cabotagem,21046.555
2013,Suape - Recife,BRPE001,Longo Curso,347.604
2013,Suape - Recife,BRREC,Cabotagem,203193.2
2013,Suape - Recife,BRREC,Longo Curso,1505089.85
2013,Suape - Recife,BRSUA,Cabotagem,7282552.0
2013,Suape - Recife,BRSUA,Longo Curso,5489108.745
2013,São Francisco do Sul,BRSC007,Cabotagem,8390780.327
2013,São Francisco do Sul,BRSC007,Longo Curso,1969647.074
2013,São Francisco do Sul,BRSC011,Cabotagem,162368.031
2013,São Francisco do Sul,BRSC011,Longo Curso,5483397.387
2013,São Francisco do Sul,BRSFS,Cabotagem,4453548.438
2013,São Francisco do Sul,BRSFS,Longo Curso,8576277.032
2013,São Sebastião,BRSP006,Cabotagem,40266465.999
2013,São Sebastião,BRSP006,Longo Curso,12541153.87
2013,São Sebastião,BRSSO,Apoio Marítimo,54760.217
2013,São Sebastião,BRSSO,Apoio Portuário,12484.951
2013,São Sebastião,BRSSO,Longo Curso,587583.221
2013,Tomé Açu,BRPA033,Interior,122341.01
2013,Tomé Açu,BRPA034,Interior,26852.084
2013,Vila do Conde - Belém,BRBEL,Apoio Portuário,2898.951
2013,Vila do Conde - Belém,BRBEL,Cabotagem,1793587.574
2013,Vila do Conde - Belém,BRBEL,Interior,491239.839
2013,Vila do Conde - Belém,BRBEL,Longo Curso,859088.98
2013,Vila do Conde - Belém,BRPA006,Cabotagem,30501.45
2013,Vila do Conde - Belém,BRPA006,Longo Curso,1811305.21
2013,Vila do Conde - Belém,BRPA013,Interior,960402.908
2013,Vila do Conde - Belém,BRPA014,Interior,147120.734
2013,Vila do Conde - Belém,BRPA014,Longo Curso,80740.389
2013,Vila do Conde - Belém,BRPA016,Interior,1032821.0
2013,Vila do Conde - Belém,BRVDC,Apoio Marítimo,3299.237
2013,Vila do Conde - Belém,BRVDC,Apoio Portuário,800.5
2013,Vila do Conde - Belém,BRVDC,Cabotagem,5979422.062
2013,Vila do Conde - Belém,BRVDC,Interior,76881.955
2013,Vila do Conde - Belém,BRVDC,Longo Curso,8336107.264
2013,Vitória,BRES001,Cabotagem,1437048.547
2013,Vitória,BRES001,Longo Curso,109043000.727
2013,Vitória,BRES002,Apoio Marítimo,118298.0
2013,Vitória,BRES002,Apoio Portuário,2840.0
2013,Vitória,BRES002,Cabotagem,217870.0
2013,Vitória,BRES002,Longo Curso,22344147.5
2013,Vitória,BRES003,Cabotagem,234226.262
2013,Vitória,BRES003,Longo Curso,9341881.686
2013,Vitória,BRES004,Cabotagem,157142.716
2013,Vitória,BRES004,Interior,16342.97
2013,Vitória,BRES004,Longo Curso,4560714.226
2013,Vitória,BRES005,Apoio Marítimo,644134.601
2013,Vitória,BRES005,Apoio Portuário,5823.484
2013,Vitória,BRES005,Cabotagem,1265.012
2013,Vitória,BRES005,Interior,1271.162
2013,Vitória,BRES007,Cabotagem,674729.662
2013,Vitória,BRVIX,Apoio Marítimo,28492.111
2013,Vitória,BRVIX,Apoio Portuário,412.731
2013,Vitória,BRVIX,Cabotagem,1675579.568
2013,Vitória,BRVIX,Longo Curso,3361366.991
2013,Óbidos,BRPA001,Cabotagem,9327377.0
2013,Óbidos,BRPA001,Longo Curso,8154786.0
2013,Óbidos,BRPA019,Cabotagem,4317626.0
2013,Óbidos,BRPA019,Longo Curso,181791.0
2014,Almeirim,BRPA002,Cabotagem,60872.85
2014,Almeirim,BRPA002,Longo Curso,202932.46
2014,Almeirim,BRPA004,Longo Curso,8033.632
2014,Angra dos Reis,BRADR,Apoio Marítimo,153224.615
2014,Angra dos Reis,BRADR,Apoio Portuário,771.0
2014,Angra dos Reis,BRADR,Cabotagem,635.616
2014,Angra dos Reis,BRADR,Longo Curso,4332.621
2014,Angra dos Reis,BRRJ009,Apoio Marítimo,1515418.876
2014,Angra dos Reis,BRRJ009,Cabotagem,15959926.799
2014,Angra dos Reis,BRRJ009,Longo Curso,17583106.443
2014,Angra dos Reis,BRRJ012,Cabotagem,10437.256
2014,Angra dos Reis,BRRJ012,Longo Curso,27895.757
2014,Aracajú,BRSE001,Apoio Marítimo,27521.247
2014,Aracajú,BRSE001,Cabotagem,25813.64
2014,Aracajú,BRSE001,Interior,31821.53
2014,Aracajú,BRSE001,Longo Curso,904880.074
2014,Aracajú,BRSE002,Cabotagem,2142325.033
2014,Aratu - Salvador,BRARB,Cabotagem,2228601.92
2014,Aratu - Salvador,BRARB,Longo Curso,4263112.925
2014,Aratu - Salvador,BRBA002,Cabotagem,583842.902
2014,Aratu - Salvador,BRBA002,Longo Curso,101096.041
2014,Aratu - Salvador,BRBA003,Cabotagem,17017495.102
2014,Aratu - Salvador,BRBA003,Interior,77159.501
2014,Aratu - Salvador,BRBA003,Longo Curso,2667135.712
2014,Aratu - Salvador,BRBA006,Cabotagem,129207.0
2014,Aratu - Salvador,BRBA006,Longo Curso,176685.114
2014,Aratu - Salvador,BRBA007,Cabotagem,107381.325
2014,Aratu - Salvador,BRBA007,Interior,44488.332
2014,Aratu - Salvador,BRBA007,Longo Curso,3359571.714
2014,Aratu - Salvador,BRBA008,Longo Curso,164207.529
2014,Aratu - Salvador,BRBA009,Apoio Marítimo,60239.013
2014,Aratu - Salvador,BRBA009,Longo Curso,1474520.733
2014,Aratu - Salvador,BRSSA,Cabotagem,1118826.265
2014,Aratu - Salvador,BRSSA,Interior,32297.357
2014,Aratu - Salvador,BRSSA,Longo Curso,3188399.569
2014,Areia Branca,BRARE,Apoio Marítimo,5532.5
2014,Areia Branca,BRARE,Apoio Portuário,1497841.523
2014,Areia Branca,BRARE,Cabotagem,783400.39
2014,Areia Branca,BRARE,Longo Curso,682282.0
2014,Barra do Riacho,BRES006,Cabotagem,4182.908
2014,Barra do Riacho,BRES006,Longo Curso,8951205.933
2014,Barra do Riacho,BRES008,Cabotagem,868110.238
2014,Barra do Riacho,BRES010,Apoio Marítimo,11637.396
2014,Barra do Riacho,BRES010,Cabotagem,306385.153
2014,Cabedelo (Instalação Isolada),BRCDO,Cabotagem,770196.265
2014,Cabedelo (Instalação Isolada),BRCDO,Longo Curso,985550.861
2014,Coari (Instalação Isolada),BRAM009,Cabotagem,1127146.676
2014,Coari (Instalação Isolada),BRAM009,Interior,661214.26
2014,Corumbá,BRMS001,Interior,3619031.58
2014,Corumbá,BRMS001,Longo Curso,6486.0
2014,Corumbá,BRMS002,Interior,3453754.0
2014,Corumbá,BRMS003,Interior,71838.0
2014,Corumbá,BRMS003,Longo Curso,5753.0
2014,Estrela,BRETL,Interior,2380.06
2014,Estrela,BRRS004,Interior,16661.086
2014,Estrela,BRRS011,Interior,99096.12
2014,Forno,BRFNO,Apoio Marítimo,17350.74
2014,Forno,BRFNO,Cabotagem,773.83
2014,Forno,BRFNO,Interior,1945.82
2014,Forno,BRFNO,Longo Curso,147845.055
2014,Ilhéus,BRBA004,Cabotagem,1700181.02
2014,Ilhéus,BRBA005,Cabotagem,1023032.0
2014,Ilhéus,BRIOS,Longo Curso,506357.027
2014,Imbituba,BRIBB,Cabotagem,434101.945
2014,Imbituba,BRIBB,Longo Curso,2930336.84
2014,Itaguaí,BRIGI,Apoio Portuário,1188163.128
2014,Itaguaí,BRIGI,Cabotagem,37582.0
2014,Itaguaí,BRIGI,Interior,1893793.172
2014,Itaguaí,BRIGI,Longo Curso,60730181.549
2014,Itaguaí,BRRJ001,Longo Curso,40535106.0
2014,Itaguaí,BRRJ016,Longo Curso,7256560.773
2014,Itaituba,BRPA038,Apoio Portuário,546273.572
2014,Itaituba,BRPA038,Interior,221701.748
2014,Itajaí,BRITJ,Cabotagem,356039.198
2014,Itajaí,BRITJ,Longo Curso,3457296.273
2014,Itajaí,BRSC001,Cabotagem,16094.81
2014,Itajaí,BRSC001,Interior,8391.255
2014,Itajaí,BRSC001,Longo Curso,187586.193
2014,Itajaí,BRSC008,Cabotagem,1612670.29
2014,Itajaí,BRSC008,Longo Curso,6237119.809
2014,Itajaí,BRSC012,Apoio Marítimo,1046.678
2014,Itajaí,BRSC012,Apoio Portuário,368.494
2014,Itajaí,BRSC012,Cabotagem,73860.285
2014,Itajaí,BRSC012,Longo Curso,211717.587
2014,Itaqui,BRIQI,Cabotagem,3532168.751
2014,Itaqui,BRIQI,Longo Curso,14496133.043
2014,Itaqui,BRMA001,Apoio Marítimo,54013.0
2014,Itaqui,BRMA001,Cabotagem,9326469.618
2014,Itaqui,BRMA001,Longo Curso,4297886.107
2014,Itaqui,BRMA002,Cabotagem,119681.0
2014,Itaqui,BRMA002,Longo Curso,112406825.0
2014,Macapá,BRAP003,Interior,140356.0
2014,Macapá,BRMCP,Apoio Marítimo,1715.852
2014,Macapá,BRMCP,Cabotagem,651172.339
2014,Macapá,BRMCP,Interior,284330.614
2014,Macapá,BRMCP,Longo Curso,2734269.489
2014,Maceió,BRAL001,Cabotagem,904528.357
2014,Maceió,BRAL001,Longo Curso,47584.324
2014,Maceió,BRMCZ,Cabotagem,826124.729
2014,Maceió,BRMCZ,Longo Curso,1932431.743
2014,Manaus,BRAM001,Interior,457851.731
2014,Manaus,BRAM003,Longo Curso,238679.91
2014,Manaus,BRAM004,Interior,3090.75
2014,Manaus,BRAM006,Cabotagem,3361798.769
2014,Manaus,BRAM006,Longo Curso,827083.982
2014,Manaus,BRAM007,Interior,413340.653
2014,Manaus,BRAM008,Interior,727568.0
2014,Manaus,BRAM010,Interior,41105.976
2014,Manaus,BRAM011,Cabotagem,3344548.325
2014,Manaus,BRAM011,Interior,1816576.516
2014,Manaus,BRAM011,Longo Curso,195670.938
2014,Manaus,BRAM012,Longo Curso,1584504.08
2014,Manaus,BRAM013,Cabotagem,8286.204
2014,Manaus,BRAM013,Longo Curso,76930.623
2014,Manaus,BRAM014,Apoio Portuário,3515.785
2014,Manaus,BRAM014,Interior,2708030.837
2014,Manaus,BRAM014,Longo Curso,2748189.1
2014,Manaus,BRAM015,Interior,282640.55
2014,Manaus,BRAM016,Interior,115357.703
2014,Manaus,BRAM017,Interior,322118.096
2014,Manaus,BRAM018,Interior,46796.901
2014,Manaus,BRAM025,Cabotagem,876488.675
2014,Manaus,BRAM025,Interior,1113292.741
2014,Natal,BRNAT,Apoio Marítimo,9707.948
2014,Natal,BRNAT,Apoio Portuário,698.226
2014,Natal,BRNAT,Cabotagem,87172.213
2014,Natal,BRNAT,Longo Curso,358953.012
2014,Natal,BRRN001,Apoio Marítimo,14369.975
2014,Natal,BRRN001,Cabotagem,3975156.858
2014,Paranaguá - Antonina,BRANT,Cabotagem,14714.53
2014,Paranaguá - Antonina,BRANT,Longo Curso,1458140.5
2014,Paranaguá - Antonina,BRPNG,Cabotagem,2196263.7
2014,Paranaguá - Antonina,BRPNG,Interior,11135.208
2014,Paranaguá - Antonina,BRPNG,Longo Curso,39396025.772
2014,Paranaguá - Antonina,BRPR002,Cabotagem,105961.885
2014,Paranaguá - Antonina,BRPR002,Longo Curso,1779983.339
2014,Paranaguá - Antonina,BRPR005,Longo Curso,6389.463
2014,Pecém - Fortaleza,BRCE001,Cabotagem,2002100.712
2014,Pecém - Fortaleza,BRCE001,Longo Curso,6272442.797
2014,Pecém - Fortaleza,BRFOR,Cabotagem,3636037.503
2014,Pecém - Fortaleza,BRFOR,Longo Curso,1715368.83
2014,Porto Alegre,BRPOA,Cabotagem,93606.926
2014,Porto Alegre,BRPOA,Interior,293135.56
2014,Porto Alegre,BRPOA,Longo Curso,643435.355
2014,Porto Alegre,BRRS003,Cabotagem,46526.604
2014,Porto Alegre,BRRS003,Interior,891431.582
2014,Porto Alegre,BRRS003,Longo Curso,43025.25
2014,Porto Alegre,BRRS006,Apoio Portuário,1010.0
2014,Porto Alegre,BRRS006,Interior,545610.0
2014,Porto Alegre,BRRS008,Interior,249198.19
2014,Porto Alegre,BRRS009,Cabotagem,8112424.691
2014,Porto Alegre,BRRS009,Longo Curso,5523736.286
2014,Porto Alegre,BRRS010,Interior,646914.871
2014,Porto Alegre,BRRS013,Interior,259212.04
2014,Porto Alegre,BRRS014,Cabotagem,43848.873
2014,Porto Alegre,BRRS014,Interior,783.641
2014,Porto Alegre,BRRS015,Interior,925492.338
2014,Porto Alegre,BRRS016,Cabotagem,53751.567
2014,Porto Velho,BRPVH,Apoio Portuário,12296.72
2014,Porto Velho,BRPVH,Interior,3750788.133
2014,Porto Velho,BRPVH,Longo Curso,1924.85
2014,Porto Velho,BRRO001,Interior,34750.0
2014,Porto Velho,BRRO002,Interior,331536.957
2014,Porto Velho,BRRO003,Interior,43670.391
2014,Porto Velho,BRRO005,Interior,55797.379
2014,Porto Velho,BRRO006,Interior,851427.09
2014,Porto Velho,BRRO007,Interior,196386.212
2014,Rio Grande,BRPET,Interior,44930.75
2014,Rio Grande,BRRIG,Cabotagem,6307199.603
2014,Rio Grande,BRRIG,Interior,2974041.561
2014,Rio Grande,BRRIG,Longo Curso,13167258.222
2014,Rio Grande,BRRS001,Interior,515225.987
2014,Rio Grande,BRRS001,Longo Curso,1797728.714
2014,Rio Grande,BRRS002,Cabotagem,80300.0
2014,Rio Grande,BRRS002,Interior,425630.097
2014,Rio Grande,BRRS002,Longo Curso,4575388.231
2014,Rio Grande,BRRS005,Cabotagem,207809.375
2014,Rio Grande,BRRS005,Interior,74303.67
2014,Rio Grande,BRRS005,Longo Curso,1931060.916
2014,Rio Grande,BRRS007,Cabotagem,28747.428
2014,Rio Grande,BRRS007,Interior,383497.983
2014,Rio Grande,BRRS007,Longo Curso,1979321.291
2014,Rio Grande,BRRS012,Interior,351291.0
2014,Rio de Janeiro -  Niterói,BRNTR,Apoio Marítimo,4204.08
2014,Rio de Janeiro -  Niterói,BRNTR,Apoio Portuário,275956.143
2014,Rio de Janeiro -  Niterói,BRNTR,Interior,91.08
2014,Rio de Janeiro -  Niterói,BRRIO,Apoio Portuário,2120.654
2014,Rio de Janeiro -  Niterói,BRRIO,Cabotagem,759667.2
2014,Rio de Janeiro -  Niterói,BRRIO,Interior,427118.314
2014,Rio de Janeiro -  Niterói,BRRIO,Longo Curso,6336829.898
2014,Rio de Janeiro -  Niterói,BRRJ003,Apoio Marítimo,7285.235
2014,Rio de Janeiro -  Niterói,BRRJ003,Cabotagem,7108.682
2014,Rio de Janeiro -  Niterói,BRRJ003,Longo Curso,210872.663
2014,Rio de Janeiro -  Niterói,BRRJ005,Apoio Marítimo,28.7
2014,Rio de Janeiro -  Niterói,BRRJ005,Apoio Portuário,23438.434
2014,Rio de Janeiro -  Niterói,BRRJ005,Cabotagem,249.09
2014,Rio de Janeiro -  Niterói,BRRJ007,Cabotagem,605.129
2014,Rio de Janeiro -  Niterói,BRRJ008,Apoio Marítimo,5538.217
2014,Rio de Janeiro -  Niterói,BRRJ008,Cabotagem,143694.654
2014,Rio de Janeiro -  Niterói,BRRJ008,Longo Curso,59408.118
2014,Rio de Janeiro -  Niterói,BRRJ010,Apoio Marítimo,272101.886
2014,Rio de Janeiro -  Niterói,BRRJ010,Apoio Portuário,72021.268
2014,Rio de Janeiro -  Niterói,BRRJ010,Cabotagem,12333843.286
2014,Rio de Janeiro -  Niterói,BRRJ010,Interior,1001241.728
2014,Rio de Janeiro -  Niterói,BRRJ010,Longo Curso,1212788.116
2014,Rio de Janeiro -  Niterói,BRRJ013,Apoio Marítimo,1034.524
2014,Rio de Janeiro -  Niterói,BRRJ013,Apoio Portuário,850.0
2014,Rio de Janeiro -  Niterói,BRRJ013,Interior,5454.0
2014,Rio de Janeiro -  Niterói,BRRJ014,Apoio Marítimo,429.913
2014,Rio de Janeiro -  Niterói,BRRJ014,Apoio Portuário,299.086
2014,Rio de Janeiro -  Niterói,BRRJ014,Interior,1.0
2014,Rio de Janeiro -  Niterói,BRRJ015,Longo Curso,55742.342
2014,Rio de Janeiro -  Niterói,BRRJ017,Cabotagem,54469.534
2014,Rio de Janeiro -  Niterói,BRRJ018,Longo Curso,2977298.855
2014,Rio de Janeiro -  Niterói,BRRJ019,Cabotagem,110702.413
2014,Rio de Janeiro -  Niterói,BRRJ021,Cabotagem,14562.406
2014,Rio de Janeiro -  Niterói,BRRJ024,Apoio Portuário,8931.548
2014,Rio de Janeiro -  Niterói,BRRJ024,Cabotagem,543.9
2014,Santarém,BRPA017,Interior,174486.0
2014,Santarém,BRPA028,Interior,60642.449
2014,Santarém,BRSTM,Cabotagem,52992.8
2014,Santarém,BRSTM,Interior,1135483.462
2014,Santarém,BRSTM,Longo Curso,1681933.73
2014,Santos,BRSP001,Longo Curso,2207537.836
2014,Santos,BRSP002,Cabotagem,740234.133
2014,Santos,BRSP002,Longo Curso,2706884.9
2014,Santos,BRSP004,Longo Curso,1977084.175
2014,Santos,BRSP005,Cabotagem,524014.0
2014,Santos,BRSP005,Longo Curso,151885.0
2014,Santos,BRSP008,Cabotagem,1959583.506
2014,Santos,BRSP008,Longo Curso,2740192.807
2014,Santos,BRSP009,Apoio Marítimo,180624.433
2014,Santos,BRSP009,Apoio Portuário,207.99
2014,Santos,BRSP009,Cabotagem,25150.186
2014,Santos,BRSP009,Interior,41966.504
2014,Santos,BRSSZ,Apoio Portuário,1833.819
2014,Santos,BRSSZ,Cabotagem,8907031.384
2014,Santos,BRSSZ,Longo Curso,85133948.987
2014,Suape - Recife,BRPE001,Cabotagem,29074.621
2014,Suape - Recife,BRPE001,Longo Curso,104767.442
2014,Suape - Recife,BRREC,Cabotagem,32830.49
2014,Suape - Recife,BRREC,Longo Curso,1479352.51
2014,Suape - Recife,BRSUA,Cabotagem,8990700.674
2014,Suape - Recife,BRSUA,Longo Curso,6245599.881
2014,São Francisco do Sul,BRSC007,Cabotagem,8825410.149
2014,São Francisco do Sul,BRSC007,Longo Curso,1700342.245
2014,São Francisco do Sul,BRSC011,Cabotagem,987096.043
2014,São Francisco do Sul,BRSC011,Longo Curso,4534689.806
2014,São Francisco do Sul,BRSFS,Cabotagem,4098687.128
2014,São Francisco do Sul,BRSFS,Longo Curso,9169647.569
2014,São João da Barra,BRRJ020,Longo Curso,239591.0
2014,São João da Barra,BRRJ026,Cabotagem,3800.0
2014,São Sebastião,BRSP006,Cabotagem,41131768.798
2014,São Sebastião,BRSP006,Longo Curso,11978921.302
2014,São Sebastião,BRSSO,Apoio Marítimo,35665.747
2014,São Sebastião,BRSSO,Apoio Portuário,5624.982
2014,São Sebastião,BRSSO,Longo Curso,689303.712
2014,Tomé Açu,BRPA033,Interior,144981.792
2014,Tomé Açu,BRPA034,Interior,6453.364
2014,Vila do Conde - Belém,BRBEL,Apoio Marítimo,90.0
2014,Vila do Conde - Belém,BRBEL,Apoio Portuário,1398.62
2014,Vila do Conde - Belém,BRBEL,Cabotagem,1976633.791
2014,Vila do Conde - Belém,BRBEL,Interior,481927.696
2014,Vila do Conde - Belém,BRBEL,Longo Curso,660037.68
2014,Vila do Conde - Belém,BRPA005,Longo Curso,88728.68
2014,Vila do Conde - Belém,BRPA006,Cabotagem,34953.73
2014,Vila do Conde - Belém,BRPA006,Longo Curso,1658865.7
2014,Vila do Conde - Belém,BRPA013,Interior,893473.64
2014,Vila do Conde - Belém,BRPA014,Interior,151438.086
2014,Vila do Conde - Belém,BRPA014,Longo Curso,88709.766
2014,Vila do Conde - Belém,BRPA016,Interior,1005541.0
2014,Vila do Conde - Belém,BRPA018,Apoio Portuário,3714.79
2014,Vila do Conde - Belém,BRPA018,Interior,582463.818
2014,Vila do Conde - Belém,BRPA018,Longo Curso,969217.545
2014,Vila do Conde - Belém,BRVDC,Apoio Marítimo,1208.4
2014,Vila do Conde - Belém,BRVDC,Apoio Portuário,37206.69
2014,Vila do Conde - Belém,BRVDC,Cabotagem,5834589.96
2014,Vila do Conde - Belém,BRVDC,Interior,126985.14
2014,Vila do Conde - Belém,BRVDC,Longo Curso,9196876.82
2014,Vitória,BRES001,Cabotagem,1475970.897
2014,Vitória,BRES001,Longo Curso,108332893.089
2014,Vitória,BRES002,Apoio Marítimo,61843.0
2014,Vitória,BRES002,Apoio Portuário,65.0
2014,Vitória,BRES002,Longo Curso,25855656.0
2014,Vitória,BRES003,Cabotagem,81827.89
2014,Vitória,BRES003,Longo Curso,11250924.85
2014,Vitória,BRES004,Cabotagem,1093054.628
2014,Vitória,BRES004,Longo Curso,3963461.021
2014,Vitória,BRES005,Apoio Marítimo,616376.715
2014,Vitória,BRES005,Apoio Portuário,6209.349
2014,Vitória,BRES005,Cabotagem,12.836
2014,Vitória,BRES007,Cabotagem,648799.217
2014,Vitória,BRVIX,Apoio Marítimo,65272.852
2014,Vitória,BRVIX,Apoio Portuário,1260.16
2014,Vitória,BRVIX,Cabotagem,975379.974
2014,Vitória,BRVIX,Interior,13930.89
2014,Vitória,BRVIX,Longo Curso,5937394.291
2014,Óbidos,BRPA001,Cabotagem,9307641.0
2014,Óbidos,BRPA001,Interior,55628.0
2014,Óbidos,BRPA001,Longo Curso,8042235.0
2014,Óbidos,BRPA019,Cabotagem,4754590.0
2015,Almeirim,BRPA002,Cabotagem,47789.468
2015,Almeirim,BRPA002,Interior,7006.04
2015,Almeirim,BRPA002,Longo Curso,199214.26
2015,Almeirim,BRPA004,Longo Curso,148997.771
2015,Angra dos Reis,BRADR,Apoio Marítimo,160526.484
2015,Angra dos Reis,BRADR,Cabotagem,1017.0
2015,Angra dos Reis,BRADR,Longo Curso,2865.717
2015,Angra dos Reis,BRRJ009,Apoio Marítimo,1298113.811
2015,Angra dos Reis,BRRJ009,Apoio Portuário,30823.996
2015,Angra dos Reis,BRRJ009,Cabotagem,16263267.404
2015,Angra dos Reis,BRRJ009,Longo Curso,19544625.115
2015,Angra dos Reis,BRRJ012,Cabotagem,8975.012
2015,Angra dos Reis,BRRJ012,Longo Curso,4267.739
2015,Aracajú,BRSE001,Apoio Marítimo,64036.061
2015,Aracajú,BRSE001,Cabotagem,86.484
2015,Aracajú,BRSE001,Longo Curso,851189.259
2015,Aracajú,BRSE002,Cabotagem,1516786.186
2015,Aratu - Salvador,BRARB,Cabotagem,1278772.1
2015,Aratu - Salvador,BRARB,Interior,59073.174
2015,Aratu - Salvador,BRARB,Longo Curso,4802287.22
2015,Aratu - Salvador,BRBA002,Cabotagem,548882.74
2015,Aratu - Salvador,BRBA002,Longo Curso,115650.607
2015,Aratu - Salvador,BRBA003,Apoio Marítimo,37106.299
2015,Aratu - Salvador,BRBA003,Cabotagem,17436445.471
2015,Aratu - Salvador,BRBA003,Longo Curso,2281819.502
2015,Aratu - Salvador,BRBA006,Apoio Marítimo,878.38
2015,Aratu - Salvador,BRBA006,Cabotagem,143050.0
2015,Aratu - Salvador,BRBA006,Longo Curso,245940.896
2015,Aratu - Salvador,BRBA007,Cabotagem,88714.316
2015,Aratu - Salvador,BRBA007,Interior,15350.496
2015,Aratu - Salvador,BRBA007,Longo Curso,4117303.283
2015,Aratu - Salvador,BRBA008,Longo Curso,150633.774
2015,Aratu - Salvador,BRBA009,Longo Curso,2189642.997
2015,Aratu - Salvador,BRSSA,Cabotagem,1451182.943
2015,Aratu - Salvador,BRSSA,Interior,35422.408
2015,Aratu - Salvador,BRSSA,Longo Curso,2719935.958
2015,Areia Branca,BRARE,Apoio Marítimo,7698.5
2015,Areia Branca,BRARE,Apoio Portuário,2165715.8
2015,Areia Branca,BRARE,Cabotagem,825330.0
2015,Areia Branca,BRARE,Interior,4290.6
2015,Areia Branca,BRARE,Longo Curso,1121496.0
2015,Barra do Riacho,BRES006,Longo Curso,9202009.765
2015,Barra do Riacho,BRES008,Cabotagem,771464.766
2015,Barra do Riacho,BRES010,Cabotagem,254319.789
2015,Cabedelo (Instalação Isolada),BRCDO,Cabotagem,572987.19
2015,Cabedelo (Instalação Isolada),BRCDO,Longo Curso,670179.935
2015,Coari (Instalação Isolada),BRAM009,Cabotagem,869837.558
2015,Coari (Instalação Isolada),BRAM009,Interior,834589.736
2015,Corumbá,BRMS001,Interior,1822904.052
2015,Corumbá,BRMS002,Apoio Portuário,1343.0
2015,Corumbá,BRMS002,Interior,2646769.666
2015,Corumbá,BRMS003,Interior,15.661
2015,Corumbá,BRMS005,Interior,6055.0
2015,Forno,BRFNO,Apoio Marítimo,4767.11
2015,Forno,BRFNO,Cabotagem,2424.58
2015,Forno,BRFNO,Longo Curso,124276.28
2015,Ilhéus,BRBA004,Cabotagem,1700176.35
2015,Ilhéus,BRBA004,Interior,4494.37
2015,Ilhéus,BRBA005,Cabotagem,1035750.0
2015,Ilhéus,BRIOS,Cabotagem,22810.02
2015,Ilhéus,BRIOS,Longo Curso,388847.376
2015,Imbituba,BRIBB,Cabotagem,481982.466
2015,Imbituba,BRIBB,Longo Curso,2909101.587
2015,Itaguaí,BRIGI,Apoio Portuário,1461690.455
2015,Itaguaí,BRIGI,Interior,1280874.626
2015,Itaguaí,BRIGI,Longo Curso,54560535.511
2015,Itaguaí,BRRJ001,Longo Curso,46650964.0
2015,Itaguaí,BRRJ016,Cabotagem,21889.388
2015,Itaguaí,BRRJ016,Longo Curso,7839140.064
2015,Itaguaí,BRRJ023,Longo Curso,163491.066
2015,Itaituba,BRPA038,Interior,1548292.123
2015,Itajaí,BRITJ,Cabotagem,315223.045
2015,Itajaí,BRITJ,Longo Curso,2775498.79
2015,Itajaí,BRSC001,Apoio Portuário,5865.02
2015,Itajaí,BRSC001,Longo Curso,122037.406
2015,Itajaí,BRSC008,Cabotagem,1538103.921
2015,Itajaí,BRSC008,Longo Curso,6047600.405
2015,Itajaí,BRSC012,Apoio Marítimo,737.507
2015,Itajaí,BRSC012,Cabotagem,3972.562
2015,Itajaí,BRSC012,Longo Curso,67945.74
2015,Itajaí,BRSC013,Cabotagem,1074.225
2015,Itajaí,BRSC017,Longo Curso,6993.18
2015,Itaqui,BRIQI,Cabotagem,4499311.998
2015,Itaqui,BRIQI,Longo Curso,17317344.504
2015,Itaqui,BRMA001,Cabotagem,9798745.831
2015,Itaqui,BRMA001,Longo Curso,4773172.288
2015,Itaqui,BRMA002,Cabotagem,172092.0
2015,Itaqui,BRMA002,Longo Curso,124430224.01
2015,Macapá,BRAP003,Interior,128943.0
2015,Macapá,BRMCP,Cabotagem,210817.453
2015,Macapá,BRMCP,Interior,350377.771
2015,Macapá,BRMCP,Longo Curso,971485.7
2015,Maceió,BRAL001,Cabotagem,831991.062
2015,Maceió,BRMCZ,Cabotagem,706078.015
2015,Maceió,BRMCZ,Longo Curso,1719345.752
2015,Manaus,BRAM001,Interior,379481.09
2015,Manaus,BRAM003,Longo Curso,219352.152
2015,Manaus,BRAM004,Interior,1300.8
2015,Manaus,BRAM006,Cabotagem,3307759.667
2015,Manaus,BRAM006,Longo Curso,997121.875
2015,Manaus,BRAM007,Interior,85053.199
2015,Manaus,BRAM008,Interior,537122.0
2015,Manaus,BRAM010,Interior,60709.043
2015,Manaus,BRAM011,Cabotagem,3291140.466
2015,Manaus,BRAM011,Interior,1674692.605
2015,Manaus,BRAM011,Longo Curso,155642.658
2015,Manaus,BRAM012,Cabotagem,14420.969
2015,Manaus,BRAM012,Interior,16452.834
2015,Manaus,BRAM012,Longo Curso,637285.607
2015,Manaus,BRAM013,Cabotagem,5992.022
2015,Manaus,BRAM013,Longo Curso,72023.262
2015,Manaus,BRAM014,Apoio Portuário,3608.13
2015,Manaus,BRAM014,Interior,3405727.116
2015,Manaus,BRAM014,Longo Curso,3684456.825
2015,Manaus,BRAM015,Interior,267752.54
2015,Manaus,BRAM016,Interior,63066.603
2015,Manaus,BRAM017,Interior,503019.522
2015,Manaus,BRAM018,Interior,46927.45
2015,Manaus,BRAM025,Cabotagem,1073627.333
2015,Manaus,BRAM025,Interior,1118393.848
2015,Manaus,BRAM028,Interior,135122.21
2015,Manaus,BRMAO,Cabotagem,30503.908
2015,Manaus,BRMAO,Longo Curso,29816.341
2015,Natal,BRNAT,Cabotagem,594.726
2015,Natal,BRNAT,Longo Curso,556917.856
2015,Natal,BRRN001,Cabotagem,3707184.028
2015,Paranaguá - Antonina,BRANT,Interior,16031.0
2015,Paranaguá - Antonina,BRANT,Longo Curso,766176.018
2015,Paranaguá - Antonina,BRPNG,Cabotagem,1889377.49
2015,Paranaguá - Antonina,BRPNG,Longo Curso,39191034.729
2015,Paranaguá - Antonina,BRPR002,Longo Curso,2194225.754
2015,Paranaguá - Antonina,BRPR005,Cabotagem,1275.141
2015,Paranaguá - Antonina,BRPR005,Longo Curso,7712.654
2015,Pecém - Fortaleza,BRCE001,Cabotagem,1691878.668
2015,Pecém - Fortaleza,BRCE001,Longo Curso,5319598.931
2015,Pecém - Fortaleza,BRFOR,Apoio Marítimo,26176.228
2015,Pecém - Fortaleza,BRFOR,Cabotagem,3065905.732
2015,Pecém - Fortaleza,BRFOR,Longo Curso,1583327.592
2015,Porto Alegre,BRPOA,Cabotagem,86433.772
2015,Porto Alegre,BRPOA,Interior,152810.759
2015,Porto Alegre,BRPOA,Longo Curso,705215.815
2015,Porto Alegre,BRRS003,Cabotagem,25754.285
2015,Porto Alegre,BRRS003,Interior,1097547.861
2015,Porto Alegre,BRRS003,Longo Curso,45784.686
2015,Porto Alegre,BRRS006,Interior,571756.5
2015,Porto Alegre,BRRS008,Interior,172651.22
2015,Porto Alegre,BRRS009,Apoio Marítimo,37785.865
2015,Porto Alegre,BRRS009,Apoio Portuário,27725.582
2015,Porto Alegre,BRRS009,Cabotagem,8013966.607
2015,Porto Alegre,BRRS009,Longo Curso,4721827.815
2015,Porto Alegre,BRRS010,Interior,313734.819
2015,Porto Alegre,BRRS013,Interior,738496.53
2015,Porto Alegre,BRRS014,Cabotagem,20335.593
2015,Porto Alegre,BRRS015,Interior,1214240.8
2015,Porto Alegre,BRRS016,Cabotagem,24282.073
2015,Porto Velho,BRPVH,Apoio Portuário,2000.0
2015,Porto Velho,BRPVH,Interior,2432502.855
2015,Porto Velho,BRPVH,Longo Curso,1937.78
2015,Porto Velho,BRRO001,Interior,44289.04
2015,Porto Velho,BRRO002,Interior,230437.639
2015,Porto Velho,BRRO003,Interior,51738.168
2015,Porto Velho,BRRO005,Interior,57437.619
2015,Porto Velho,BRRO006,Apoio Portuário,4700.0
2015,Porto Velho,BRRO006,Interior,1150559.54
2015,Porto Velho,BRRO007,Interior,344446.038
2015,Porto Velho,BRRO013,Interior,230021.804
2015,Porto Velho,BRRO014,Interior,771349.873
2015,Rio Grande,BRPET,Interior,49232.656
2015,Rio Grande,BRRIG,Cabotagem,4673929.665
2015,Rio Grande,BRRIG,Interior,2684441.573
2015,Rio Grande,BRRIG,Longo Curso,15572623.811
2015,Rio Grande,BRRS001,Interior,584241.552
2015,Rio Grande,BRRS001,Longo Curso,2214324.51
2015,Rio Grande,BRRS002,Interior,847050.6
2015,Rio Grande,BRRS002,Longo Curso,5594192.923
2015,Rio Grande,BRRS005,Cabotagem,35435.96
2015,Rio Grande,BRRS005,Interior,26802.318
2015,Rio Grande,BRRS005,Longo Curso,2464763.276
2015,Rio Grande,BRRS007,Interior,349996.892
2015,Rio Grande,BRRS007,Longo Curso,1878241.121
2015,Rio Grande,BRRS012,Interior,215798.17
2015,Rio de Janeiro -  Niterói,BRNTR,Apoio Marítimo,1595.1
2015,Rio de Janeiro -  Niterói,BRNTR,Apoio Portuário,64855.97
2015,Rio de Janeiro -  Niterói,BRRIO,Cabotagem,524669.723
2015,Rio de Janeiro -  Niterói,BRRIO,Interior,6220.795
2015,Rio de Janeiro -  Niterói,BRRIO,Longo Curso,5044216.936
2015,Rio de Janeiro -  Niterói,BRRJ003,Cabotagem,2027.333
2015,Rio de Janeiro -  Niterói,BRRJ003,Longo Curso,227586.445
2015,Rio de Janeiro -  Niterói,BRRJ008,Cabotagem,168864.605
2015,Rio de Janeiro -  Niterói,BRRJ008,Longo Curso,136851.904
2015,Rio de Janeiro -  Niterói,BRRJ010,Apoio Marítimo,206764.045
2015,Rio de Janeiro -  Niterói,BRRJ010,Apoio Portuário,23332.61
2015,Rio de Janeiro -  Niterói,BRRJ010,Cabotagem,11435727.312
2015,Rio de Janeiro -  Niterói,BRRJ010,Interior,1105354.762
2015,Rio de Janeiro -  Niterói,BRRJ010,Longo Curso,1174308.681
2015,Rio de Janeiro -  Niterói,BRRJ014,Apoio Marítimo,10311.835
2015,Rio de Janeiro -  Niterói,BRRJ014,Apoio Portuário,112.016
2015,Rio de Janeiro -  Niterói,BRRJ014,Cabotagem,129.265
2015,Rio de Janeiro -  Niterói,BRRJ014,Interior,2037.285
2015,Rio de Janeiro -  Niterói,BRRJ015,Longo Curso,55950.571
2015,Rio de Janeiro -  Niterói,BRRJ017,Cabotagem,37617.0
2015,Rio de Janeiro -  Niterói,BRRJ017,Interior,495.0
2015,Rio de Janeiro -  Niterói,BRRJ018,Longo Curso,1365160.617
2015,Rio de Janeiro -  Niterói,BRRJ019,Cabotagem,120166.38
2015,Rio de Janeiro -  Niterói,BRRJ021,Cabotagem,21009.523
2015,Rio de Janeiro -  Niterói,BRRJ024,Apoio Marítimo,4.2
2015,Rio de Janeiro -  Niterói,BRRJ024,Apoio Portuário,7623.0
2015,Rio de Janeiro -  Niterói,BRRJ024,Cabotagem,1900.0
2015,Santarém,BRPA017,Interior,263262.0
2015,Santarém,BRPA028,Interior,66170.472
2015,Santarém,BRSTM,Interior,2195919.166
2015,Santarém,BRSTM,Longo Curso,2780008.141
2015,Santos,BRSP001,Longo Curso,2744568.059
2015,Santos,BRSP002,Cabotagem,406900.402
2015,Santos,BRSP002,Longo Curso,2230866.925
2015,Santos,BRSP004,Longo Curso,2200851.98
2015,Santos,BRSP005,Cabotagem,465634.0
2015,Santos,BRSP005,Longo Curso,121490.0
2015,Santos,BRSP008,Cabotagem,2318353.94
2015,Santos,BRSP008,Longo Curso,3759992.487
2015,Santos,BRSP009,Apoio Marítimo,40987.653
2015,Santos,BRSP009,Interior,16891.445
2015,Santos,BRSP009,Longo Curso,318.328
2015,Santos,BRSSZ,Cabotagem,9777347.081
2015,Santos,BRSSZ,Longo Curso,91800724.078
2015,Sem complexo - Terminal Isolado,BRRS025,Interior,309.495
2015,Suape - Recife,BRPE001,Cabotagem,2.682
2015,Suape - Recife,BRPE001,Longo Curso,2337.444
2015,Suape - Recife,BRREC,Cabotagem,23735.0
2015,Suape - Recife,BRREC,Longo Curso,1386543.62
2015,Suape - Recife,BRSUA,Cabotagem,13643899.745
2015,Suape - Recife,BRSUA,Longo Curso,6146228.013
2015,São Francisco do Sul,BRSC007,Cabotagem,8708201.77
2015,São Francisco do Sul,BRSC007,Longo Curso,1511004.257
2015,São Francisco do Sul,BRSC011,Cabotagem,911493.898
2015,São Francisco do Sul,BRSC011,Longo Curso,5377886.128
2015,São Francisco do Sul,BRSFS,Cabotagem,2230446.681
2015,São Francisco do Sul,BRSFS,Longo Curso,10883979.587
2015,São João da Barra,BRRJ020,Longo Curso,8820145.0
2015,São João da Barra,BRRJ022,Longo Curso,82455.565
2015,São João da Barra,BRRJ025,Cabotagem,17.999
2015,São João da Barra,BRRJ026,Apoio Marítimo,6416.637
2015,São João da Barra,BRRJ026,Cabotagem,2099.785
2015,São João da Barra,BRRJ039,Cabotagem,6631.046
2015,São Sebastião,BRSP006,Apoio Marítimo,140855.215
2015,São Sebastião,BRSP006,Cabotagem,41405365.038
2015,São Sebastião,BRSP006,Longo Curso,7264873.08
2015,São Sebastião,BRSSO,Apoio Marítimo,15553.85
2015,São Sebastião,BRSSO,Apoio Portuário,7472.311
2015,São Sebastião,BRSSO,Longo Curso,705219.192
2015,Tomé Açu,BRPA033,Interior,149776.27
2015,Tomé Açu,BRPA034,Interior,2121.065
2015,Vila do Conde - Belém,BRBEL,Apoio Portuário,266.82
2015,Vila do Conde - Belém,BRBEL,Cabotagem,1933952.819
2015,Vila do Conde - Belém,BRBEL,Interior,307820.308
2015,Vila do Conde - Belém,BRBEL,Longo Curso,579475.439
2015,Vila do Conde - Belém,BRPA005,Longo Curso,798885.575
2015,Vila do Conde - Belém,BRPA006,Cabotagem,51621.8
2015,Vila do Conde - Belém,BRPA006,Longo Curso,1587009.78
2015,Vila do Conde - Belém,BRPA013,Interior,676223.525
2015,Vila do Conde - Belém,BRPA014,Interior,150838.895
2015,Vila do Conde - Belém,BRPA014,Longo Curso,74236.428
2015,Vila do Conde - Belém,BRPA016,Interior,720989.0
2015,Vila do Conde - Belém,BRPA018,Interior,1443515.502
2015,Vila do Conde - Belém,BRPA018,Longo Curso,1991041.333
2015,Vila do Conde - Belém,BRVDC,Apoio Marítimo,1241.46
2015,Vila do Conde - Belém,BRVDC,Apoio Portuário,1510.21
2015,Vila do Conde - Belém,BRVDC,Cabotagem,6014711.5
2015,Vila do Conde - Belém,BRVDC,Interior,132246.079
2015,Vila do Conde - Belém,BRVDC,Longo Curso,9420599.184
2015,Vitória,BRES001,Cabotagem,629176.785
2015,Vitória,BRES001,Longo Curso,113027862.338
2015,Vitória,BRES002,Apoio Marítimo,94576.0
2015,Vitória,BRES002,Longo Curso,26357542.324
2015,Vitória,BRES003,Cabotagem,23969.534
2015,Vitória,BRES003,Longo Curso,12269602.397
2015,Vitória,BRES004,Apoio Marítimo,38236.635
2015,Vitória,BRES004,Cabotagem,1046747.412
2015,Vitória,BRES004,Longo Curso,6654563.186
2015,Vitória,BRES005,Apoio Marítimo,453104.917
2015,Vitória,BRES005,Apoio Portuário,7096.019
2015,Vitória,BRES005,Cabotagem,433.018
2015,Vitória,BRES007,Cabotagem,601341.451
2015,Vitória,BRES020,Interior,619.001
2015,Vitória,BRVIX,Apoio Marítimo,155134.672
2015,Vitória,BRVIX,Apoio Portuário,743.087
2015,Vitória,BRVIX,Cabotagem,908867.769
2015,Vitória,BRVIX,Longo Curso,5442120.017
2015,Óbidos,BRPA001,Cabotagem,9054159.0
2015,Óbidos,BRPA001,Longo Curso,9253366.0
2015,Óbidos,BRPA019,Cabotagem,5069939.0
2016,Almeirim,BRPA002,Cabotagem,52655.27
2016,Almeirim,BRPA002,Longo Curso,148917.694
2016,Almeirim,BRPA004,Cabotagem,11960.152
2016,Almeirim,BRPA004,Longo Curso,210066.527
2016,Angra dos Reis,BRRJ009,Apoio Marítimo,363159.961
2016,Angra dos Reis,BRRJ009,Cabotagem,17809246.488
2016,Angra dos Reis,BRRJ009,Longo Curso,20141617.943
2016,Angra dos Reis,BRRJ012,Cabotagem,10270.616
2016,Angra dos Reis,BRRJ012,Longo Curso,11649.734
2016,Aracajú,BRSE001,Apoio Marítimo,48542.388
2016,Aracajú,BRSE001,Longo Curso,590780.322
2016,Aracajú,BRSE002,Cabotagem,1442222.823
2016,Aratu - Salvador,BRARB,Cabotagem,1194824.196
2016,Aratu - Salvador,BRARB,Interior,39541.085
2016,Aratu - Salvador,BRARB,Longo Curso,4957920.801
2016,Aratu - Salvador,BRBA002,Cabotagem,533005.81
2016,Aratu - Salvador,BRBA002,Longo Curso,120420.41
2016,Aratu - Salvador,BRBA003,Apoio Marítimo,1987.442
2016,Aratu - Salvador,BRBA003,Apoio Portuário,3775.804
2016,Aratu - Salvador,BRBA003,Cabotagem,14435582.583
2016,Aratu - Salvador,BRBA003,Interior,74640.69
2016,Aratu - Salvador,BRBA003,Longo Curso,3128286.389
2016,Aratu - Salvador,BRBA006,Cabotagem,43101.0
2016,Aratu - Salvador,BRBA006,Longo Curso,141373.34
2016,Aratu - Salvador,BRBA007,Cabotagem,32826.829
2016,Aratu - Salvador,BRBA007,Longo Curso,2845256.353
2016,Aratu - Salvador,BRBA008,Cabotagem,2759.586
2016,Aratu - Salvador,BRBA008,Interior,491.346
2016,Aratu - Salvador,BRBA008,Longo Curso,106008.185
2016,Aratu - Salvador,BRBA009,Cabotagem,58887.814
2016,Aratu - Salvador,BRBA009,Longo Curso,479351.515
2016,Aratu - Salvador,BRSSA,Cabotagem,1664688.499
2016,Aratu - Salvador,BRSSA,Interior,50207.909
2016,Aratu - Salvador,BRSSA,Longo Curso,2847415.135
2016,Areia Branca,BRARE,Apoio Portuário,2128356.6
2016,Areia Branca,BRARE,Cabotagem,1023683.2
2016,Areia Branca,BRARE,Interior,1786.3
2016,Areia Branca,BRARE,Longo Curso,1051295.0
2016,Barra do Riacho,BRES006,Longo Curso,9507993.581
2016,Barra do Riacho,BRES008,Cabotagem,775431.82
2016,Barra do Riacho,BRES010,Cabotagem,313360.101
2016,Barra do Riacho,BRES013,Cabotagem,3995.0
2016,Barra do Riacho,BRES013,Longo Curso,5161.0
2016,Cabedelo (Instalação Isolada),BRCDO,Apoio Portuário,2000.899
2016,Cabedelo (Instalação Isolada),BRCDO,Cabotagem,434108.685
2016,Cabedelo (Instalação Isolada),BRCDO,Longo Curso,526867.24
2016,Coari (Instalação Isolada),BRAM009,Cabotagem,669454.795
2016,Coari (Instalação Isolada),BRAM009,Interior,889344.499
2016,Corumbá,BRMS001,Interior,1253778.858
2016,Corumbá,BRMS002,Apoio Portuário,2348.0
2016,Corumbá,BRMS002,Interior,2051365.0
2016,Forno,BRFNO,Apoio Marítimo,186.265
2016,Forno,BRFNO,Cabotagem,24416.74
2016,Forno,BRFNO,Longo Curso,13537.18
2016,Ilhéus,BRBA004,Cabotagem,1620443.01
2016,Ilhéus,BRBA005,Apoio Marítimo,7166.0
2016,Ilhéus,BRBA005,Cabotagem,1074266.0
2016,Ilhéus,BRIOS,Longo Curso,209961.78
2016,Imbituba,BRIBB,Cabotagem,549937.481
2016,Imbituba,BRIBB,Longo Curso,4253248.342
2016,Itaguaí,BRIGI,Apoio Portuário,974785.325
2016,Itaguaí,BRIGI,Cabotagem,247187.484
2016,Itaguaí,BRIGI,Interior,1043776.089
2016,Itaguaí,BRIGI,Longo Curso,56497451.886
2016,Itaguaí,BRRJ001,Longo Curso,46139203.393
2016,Itaguaí,BRRJ016,Longo Curso,7484235.102
2016,Itaguaí,BRRJ023,Longo Curso,6309693.506
2016,Itaguaí,BRRJ054,Cabotagem,0.16
2016,Itaituba,BRPA038,Interior,1586420.357
2016,Itaituba,BRPA045,Interior,82325.33
2016,Itajaí,BRITJ,Cabotagem,336346.394
2016,Itajaí,BRITJ,Longo Curso,1524356.145
2016,Itajaí,BRSC001,Longo Curso,135208.474
2016,Itajaí,BRSC008,Cabotagem,2685712.479
2016,Itajaí,BRSC008,Longo Curso,6964851.938
2016,Itajaí,BRSC012,Cabotagem,6973.967
2016,Itajaí,BRSC012,Longo Curso,57734.293
2016,Itajaí,BRSC013,Cabotagem,770.225
2016,Itajaí,BRSC017,Cabotagem,6012.86
2016,Itajaí,BRSC017,Longo Curso,6291.584
2016,Itaqui,BRIQI,Cabotagem,3417697.823
2016,Itaqui,BRIQI,Longo Curso,13664386.725
2016,Itaqui,BRMA001,Cabotagem,9240519.591
2016,Itaqui,BRMA001,Longo Curso,4920804.78
2016,Itaqui,BRMA002,Cabotagem,2032798.0
2016,Itaqui,BRMA002,Longo Curso,146638205.873
2016,LDC Pederneiras (Instalação Isolada),BRSP011,Interior,417918.006
2016,Macapá,BRAP003,Interior,118680.0
2016,Macapá,BRMCP,Cabotagem,50990.7
2016,Macapá,BRMCP,Interior,25811.6
2016,Macapá,BRMCP,Longo Curso,722219.074
2016,Maceió,BRAL001,Cabotagem,850463.183
2016,Maceió,BRAL001,Longo Curso,11875.933
2016,Maceió,BRMCZ,Cabotagem,671624.792
2016,Maceió,BRMCZ,Longo Curso,1291886.704
2016,Manaus,BRAM001,Interior,342275.162
2016,Manaus,BRAM003,Longo Curso,200208.0
2016,Manaus,BRAM004,Interior,5561.63
2016,Manaus,BRAM006,Cabotagem,3563435.036
2016,Manaus,BRAM006,Longo Curso,1161888.481
2016,Manaus,BRAM007,Interior,130979.975
2016,Manaus,BRAM008,Interior,339516.0
2016,Manaus,BRAM010,Interior,6401.316
2016,Manaus,BRAM011,Cabotagem,3017599.21
2016,Manaus,BRAM011,Interior,1559269.213
2016,Manaus,BRAM011,Longo Curso,60274.26
2016,Manaus,BRAM012,Cabotagem,2553.676
2016,Manaus,BRAM012,Interior,54879.332
2016,Manaus,BRAM012,Longo Curso,437002.379
2016,Manaus,BRAM013,Longo Curso,83728.48
2016,Manaus,BRAM014,Interior,3807997.171
2016,Manaus,BRAM014,Longo Curso,3419805.741
2016,Manaus,BRAM015,Interior,70622.31
2016,Manaus,BRAM016,Interior,176829.311
2016,Manaus,BRAM017,Interior,498932.521
2016,Manaus,BRAM018,Interior,27413.085
2016,Manaus,BRAM025,Cabotagem,834455.013
2016,Manaus,BRAM025,Interior,1008015.83
2016,Manaus,BRAM025,Longo Curso,247598.975
2016,Manaus,BRAM028,Interior,98740.55
2016,Manaus,BRAM032,Interior,137458.411
2016,Manaus,BRMAO,Cabotagem,22545.644
2016,Manaus,BRMAO,Longo Curso,18653.44
2016,Natal,BRNAT,Cabotagem,26792.455
2016,Natal,BRNAT,Longo Curso,650328.901
2016,Natal,BRRN001,Cabotagem,3737703.628
2016,Paranaguá - Antonina,BRANT,Longo Curso,1305962.218
2016,Paranaguá - Antonina,BRPNG,Cabotagem,1888580.968
2016,Paranaguá - Antonina,BRPNG,Longo Curso,38164826.151
2016,Paranaguá - Antonina,BRPR002,Cabotagem,23925.0
2016,Paranaguá - Antonina,BRPR002,Longo Curso,3651906.771
2016,Paranaguá - Antonina,BRPR005,Longo Curso,10486.254
2016,Pecém - Fortaleza,BRCE001,Cabotagem,4009655.881
2016,Pecém - Fortaleza,BRCE001,Longo Curso,7221295.864
2016,Pecém - Fortaleza,BRFOR,Cabotagem,2731613.999
2016,Pecém - Fortaleza,BRFOR,Longo Curso,1901234.35
2016,Porto Alegre,BRPOA,Cabotagem,224546.259
2016,Porto Alegre,BRPOA,Interior,510600.689
2016,Porto Alegre,BRPOA,Longo Curso,317005.77
2016,Porto Alegre,BRRS003,Cabotagem,11599.025
2016,Porto Alegre,BRRS003,Interior,1559643.987
2016,Porto Alegre,BRRS003,Longo Curso,57861.743
2016,Porto Alegre,BRRS006,Interior,516831.0
2016,Porto Alegre,BRRS008,Interior,165865.93
2016,Porto Alegre,BRRS009,Cabotagem,8064655.204
2016,Porto Alegre,BRRS009,Longo Curso,3975386.38
2016,Porto Alegre,BRRS010,Interior,245135.949
2016,Porto Alegre,BRRS013,Interior,1405767.652
2016,Porto Alegre,BRRS014,Cabotagem,11451.716
2016,Porto Alegre,BRRS014,Interior,14948.527
2016,Porto Alegre,BRRS015,Interior,949009.654
2016,Porto Alegre,BRRS016,Cabotagem,10361.737
2016,Porto Alegre,BRRS016,Interior,23589.884
2016,Porto Velho,BRPVH,Interior,2445877.112
2016,Porto Velho,BRPVH,Longo Curso,1745.95
2016,Porto Velho,BRRO001,Interior,27883.3
2016,Porto Velho,BRRO002,Interior,212085.74
2016,Porto Velho,BRRO003,Interior,63169.682
2016,Porto Velho,BRRO005,Interior,99271.261
2016,Porto Velho,BRRO006,Interior,755041.55
2016,Porto Velho,BRRO007,Apoio Portuário,709.292
2016,Porto Velho,BRRO007,Interior,386614.502
2016,Porto Velho,BRRO013,Interior,1276878.192
2016,Porto Velho,BRRO014,Interior,931543.84
2016,Rio Grande,BRPET,Interior,85007.006
2016,Rio Grande,BRRIG,Cabotagem,5442720.943
2016,Rio Grande,BRRIG,Interior,3343214.695
2016,Rio Grande,BRRIG,Longo Curso,15328985.764
2016,Rio Grande,BRRS001,Apoio Marítimo,19900.0
2016,Rio Grande,BRRS001,Interior,632478.729
2016,Rio Grande,BRRS001,Longo Curso,2754629.624
2016,Rio Grande,BRRS002,Apoio Portuário,2670.36
2016,Rio Grande,BRRS002,Interior,795669.848
2016,Rio Grande,BRRS002,Longo Curso,4990074.949
2016,Rio Grande,BRRS005,Interior,5401.835
2016,Rio Grande,BRRS005,Longo Curso,1798369.46
2016,Rio Grande,BRRS007,Interior,364222.418
2016,Rio Grande,BRRS007,Longo Curso,2084776.524
2016,Rio Grande,BRRS012,Apoio Portuário,3156.0
2016,Rio Grande,BRRS012,Interior,195919.0
2016,Rio de Janeiro -  Niterói,BRNTR,Apoio Marítimo,20217.14
2016,Rio de Janeiro -  Niterói,BRNTR,Apoio Portuário,10402.67
2016,Rio de Janeiro -  Niterói,BRRIO,Cabotagem,828472.146
2016,Rio de Janeiro -  Niterói,BRRIO,Interior,4503.863
2016,Rio de Janeiro -  Niterói,BRRIO,Longo Curso,4518775.502
2016,Rio de Janeiro -  Niterói,BRRJ003,Cabotagem,2437.89
2016,Rio de Janeiro -  Niterói,BRRJ003,Longo Curso,239900.052
2016,Rio de Janeiro -  Niterói,BRRJ008,Cabotagem,114568.899
2016,Rio de Janeiro -  Niterói,BRRJ008,Longo Curso,35804.091
2016,Rio de Janeiro -  Niterói,BRRJ010,Apoio Marítimo,160601.709
2016,Rio de Janeiro -  Niterói,BRRJ010,Apoio Portuário,1327.467
2016,Rio de Janeiro -  Niterói,BRRJ010,Cabotagem,11944777.207
2016,Rio de Janeiro -  Niterói,BRRJ010,Interior,1090039.079
2016,Rio de Janeiro -  Niterói,BRRJ010,Longo Curso,744964.267
2016,Rio de Janeiro -  Niterói,BRRJ013,Apoio Portuário,850.0
2016,Rio de Janeiro -  Niterói,BRRJ014,Apoio Marítimo,12707.895
2016,Rio de Janeiro -  Niterói,BRRJ014,Apoio Portuário,29.1
2016,Rio de Janeiro -  Niterói,BRRJ015,Longo Curso,59211.254
2016,Rio de Janeiro -  Niterói,BRRJ017,Cabotagem,26315.0
2016,Rio de Janeiro -  Niterói,BRRJ018,Cabotagem,30262.15
2016,Rio de Janeiro -  Niterói,BRRJ018,Longo Curso,333845.252
2016,Rio de Janeiro -  Niterói,BRRJ019,Cabotagem,144566.178
2016,Rio de Janeiro -  Niterói,BRRJ024,Apoio Portuário,516.0
2016,Rio de Janeiro -  Niterói,BRRJ024,Interior,7433.0
2016,Rio de Janeiro -  Niterói,BRRJ055,Apoio Portuário,39.0
2016,Rio de Janeiro -  Niterói,BRRJ055,Interior,2.0
2016,Rio de Janeiro -  Niterói,BRRJ056,Apoio Marítimo,102079.02
2016,Santarém,BRPA017,Interior,273944.0
2016,Santarém,BRPA028,Interior,64947.697
2016,Santarém,BRSTM,Cabotagem,124.1
2016,Santarém,BRSTM,Interior,2059030.877
2016,Santarém,BRSTM,Longo Curso,2669309.553
2016,Santos,BRSP001,Longo Curso,2800590.182
2016,Santos,BRSP002,Cabotagem,423210.254
2016,Santos,BRSP002,Longo Curso,257461.723
2016,Santos,BRSP004,Longo Curso,2084411.605
2016,Santos,BRSP005,Cabotagem,487540.0
2016,Santos,BRSP005,Longo Curso,166879.0
2016,Santos,BRSP008,Cabotagem,1511681.96
2016,Santos,BRSP008,Interior,9.1
2016,Santos,BRSP008,Longo Curso,5789077.88
2016,Santos,BRSP009,Apoio Marítimo,29007.84
2016,Santos,BRSP009,Cabotagem,97.1
2016,Santos,BRSP009,Interior,588.483
2016,Santos,BRSSZ,Cabotagem,9733438.18
2016,Santos,BRSSZ,Longo Curso,87201641.299
2016,Suape - Recife,BRPE001,Cabotagem,12431.247
2016,Suape - Recife,BRPE001,Longo Curso,20175.194
2016,Suape - Recife,BRREC,Cabotagem,68709.0
2016,Suape - Recife,BRREC,Longo Curso,1461329.0
2016,Suape - Recife,BRSUA,Cabotagem,16543549.516
2016,Suape - Recife,BRSUA,Longo Curso,6204430.904
2016,São Francisco do Sul,BRSC007,Cabotagem,8103751.055
2016,São Francisco do Sul,BRSC007,Longo Curso,439780.287
2016,São Francisco do Sul,BRSC011,Cabotagem,164186.08
2016,São Francisco do Sul,BRSC011,Longo Curso,6132314.336
2016,São Francisco do Sul,BRSFS,Cabotagem,1653039.375
2016,São Francisco do Sul,BRSFS,Longo Curso,8429700.599
2016,São João da Barra,BRRJ020,Longo Curso,15861023.0
2016,São João da Barra,BRRJ022,Longo Curso,54423.787
2016,São João da Barra,BRRJ025,Cabotagem,259.556
2016,São João da Barra,BRRJ026,Cabotagem,2099.64
2016,São João da Barra,BRRJ039,Cabotagem,12368.836
2016,São João da Barra,BRRJ067,Cabotagem,955219.195
2016,São João da Barra,BRRJ067,Longo Curso,955219.195
2016,São Sebastião,BRSP006,Apoio Marítimo,214550.001
2016,São Sebastião,BRSP006,Cabotagem,41625351.399
2016,São Sebastião,BRSP006,Longo Curso,4633125.955
2016,São Sebastião,BRSSO,Apoio Portuário,4875.671
2016,São Sebastião,BRSSO,Longo Curso,601900.823
2016,São Simão,BRGO001,Interior,427975.094
2016,São Simão,BRGO009,Interior,38625.923
2016,Tomé Açu,BRPA033,Interior,127449.639
2016,Vila do Conde - Belém,BRBEL,Cabotagem,1755842.12
2016,Vila do Conde - Belém,BRBEL,Interior,297094.092
2016,Vila do Conde - Belém,BRBEL,Longo Curso,284728.467
2016,Vila do Conde - Belém,BRPA005,Interior,350565.623
2016,Vila do Conde - Belém,BRPA005,Longo Curso,896978.446
2016,Vila do Conde - Belém,BRPA006,Cabotagem,36838.14
2016,Vila do Conde - Belém,BRPA006,Longo Curso,1563921.72
2016,Vila do Conde - Belém,BRPA013,Interior,659799.33
2016,Vila do Conde - Belém,BRPA014,Cabotagem,2438.251
2016,Vila do Conde - Belém,BRPA014,Interior,128499.109
2016,Vila do Conde - Belém,BRPA014,Longo Curso,32738.768
2016,Vila do Conde - Belém,BRPA016,Interior,529171.0
2016,Vila do Conde - Belém,BRPA018,Interior,1622707.246
2016,Vila do Conde - Belém,BRPA018,Longo Curso,1763087.896
2016,Vila do Conde - Belém,BRPA043,Interior,375469.165
2016,Vila do Conde - Belém,BRPA043,Longo Curso,540738.792
2016,Vila do Conde - Belém,BRVDC,Apoio Portuário,445.102
2016,Vila do Conde - Belém,BRVDC,Cabotagem,5772685.124
2016,Vila do Conde - Belém,BRVDC,Interior,166757.454
2016,Vila do Conde - Belém,BRVDC,Longo Curso,10238276.771
2016,Vitória,BRES001,Cabotagem,1372985.23
2016,Vitória,BRES001,Longo Curso,106658003.517
2016,Vitória,BRES002,Apoio Marítimo,20448.7
2016,Vitória,BRES002,Longo Curso,162755.0
2016,Vitória,BRES003,Cabotagem,292536.701
2016,Vitória,BRES003,Longo Curso,10456590.991
2016,Vitória,BRES004,Cabotagem,1214145.804
2016,Vitória,BRES004,Longo Curso,6796681.796
2016,Vitória,BRES005,Apoio Marítimo,73543.219
2016,Vitória,BRES005,Apoio Portuário,1631.173
2016,Vitória,BRES007,Cabotagem,539087.809
2016,Vitória,BRES020,Interior,749.267
2016,Vitória,BRVIX,Apoio Marítimo,158405.944
2016,Vitória,BRVIX,Cabotagem,812883.583
2016,Vitória,BRVIX,Longo Curso,5496136.286
2016,Óbidos,BRPA001,Cabotagem,8747202.0
2016,Óbidos,BRPA001,Longo Curso,9340798.0
2016,Óbidos,BRPA019,Cabotagem,5044723.0
2016,Óbidos,BRPA019,Longo Curso,930786.0
2017,Almeirim,BRPA002,Cabotagem,47694.914
2017,Almeirim,BRPA002,Longo Curso,168539.49
2017,Almeirim,BRPA004,Cabotagem,14047.93
2017,Almeirim,BRPA004,Longo Curso,199686.477
2017,Angra dos Reis,BRADR,Cabotagem,1278.85
2017,Angra dos Reis,BRRJ009,Apoio Marítimo,367790.76
2017,Angra dos Reis,BRRJ009,Cabotagem,19827080.928
2017,Angra dos Reis,BRRJ009,Longo Curso,22119014.615
2017,Angra dos Reis,BRRJ012,Cabotagem,545.028
2017,Angra dos Reis,BRRJ012,Longo Curso,216983.493
2017,Aracajú,BRSE001,Apoio Marítimo,22788.997
2017,Aracajú,BRSE001,Apoio Portuário,10.0
2017,Aracajú,BRSE001,Longo Curso,434144.487
2017,Aracajú,BRSE002,Cabotagem,972422.168
2017,Aratu - Salvador,BRARB,Cabotagem,1154108.973
2017,Aratu - Salvador,BRARB,Longo Curso,5753720.109
2017,Aratu - Salvador,BRBA002,Cabotagem,541391.699
2017,Aratu - Salvador,BRBA002,Longo Curso,112402.763
2017,Aratu - Salvador,BRBA003,Apoio Marítimo,4362.424
2017,Aratu - Salvador,BRBA003,Apoio Portuário,149313.793
2017,Aratu - Salvador,BRBA003,Cabotagem,12360465.943
2017,Aratu - Salvador,BRBA003,Interior,94838.064
2017,Aratu - Salvador,BRBA003,Longo Curso,2934149.823
2017,Aratu - Salvador,BRBA006,Cabotagem,45150.0
2017,Aratu - Salvador,BRBA006,Longo Curso,190654.2
2017,Aratu - Salvador,BRBA007,Cabotagem,83573.716
2017,Aratu - Salvador,BRBA007,Longo Curso,4880791.708
2017,Aratu - Salvador,BRBA008,Longo Curso,128454.073
2017,Aratu - Salvador,BRBA009,Cabotagem,20869.64
2017,Aratu - Salvador,BRBA009,Longo Curso,720372.854
2017,Aratu - Salvador,BRSSA,Cabotagem,2388878.989
2017,Aratu - Salvador,BRSSA,Interior,40151.171
2017,Aratu - Salvador,BRSSA,Longo Curso,2700175.437
2017,Areia Branca,BRARE,Apoio Marítimo,1299.8
2017,Areia Branca,BRARE,Apoio Portuário,1925477.8
2017,Areia Branca,BRARE,Cabotagem,1035215.3
2017,Areia Branca,BRARE,Longo Curso,955393.0
2017,Barra do Riacho,BRES006,Longo Curso,9254494.455
2017,Barra do Riacho,BRES008,Cabotagem,703154.311
2017,Barra do Riacho,BRES010,Cabotagem,206179.225
2017,Barra do Riacho,BRES013,Cabotagem,6047.21
2017,Barra do Riacho,BRES013,Longo Curso,845.231
2017,Cabedelo (Instalação Isolada),BRCDO,Cabotagem,375525.625
2017,Cabedelo (Instalação Isolada),BRCDO,Longo Curso,594611.234
2017,Coari (Instalação Isolada),BRAM009,Cabotagem,784068.379
2017,Coari (Instalação Isolada),BRAM009,Interior,637024.932
2017,Corumbá,BRMS001,Interior,1630361.127
2017,Corumbá,BRMS002,Apoio Portuário,2680.0
2017,Corumbá,BRMS002,Interior,2763747.0
2017,Corumbá,BRMS005,Interior,183796.385
2017,Ilhéus,BRBA004,Cabotagem,1283122.87
2017,Ilhéus,BRBA005,Cabotagem,1119230.0
2017,Ilhéus,BRIOS,Longo Curso,237446.937
2017,Imbituba,BRIBB,Cabotagem,676842.74
2017,Imbituba,BRIBB,Longo Curso,3809564.14
2017,Itaguaí,BRIGI,Apoio Portuário,790113.402
2017,Itaguaí,BRIGI,Cabotagem,566614.098
2017,Itaguaí,BRIGI,Interior,917683.545
2017,Itaguaí,BRIGI,Longo Curso,50663651.383
2017,Itaguaí,BRRJ001,Longo Curso,43549106.726
2017,Itaguaí,BRRJ016,Interior,70763.223
2017,Itaguaí,BRRJ016,Longo Curso,6741782.009
2017,Itaguaí,BRRJ023,Longo Curso,9452090.0
2017,Itaguaí,BRRJ054,Cabotagem,278.0
2017,Itaituba,BRPA038,Apoio Portuário,5304.552
2017,Itaituba,BRPA038,Interior,1924042.824
2017,Itaituba,BRPA045,Apoio Portuário,40068.52
2017,Itaituba,BRPA045,Interior,2687990.865
2017,Itaituba,BRPA064,Interior,100075.248
2017,Itaituba,BRPA068,Interior,219761.584
2017,Itajaí,BRITJ,Cabotagem,301402.926
2017,Itajaí,BRITJ,Longo Curso,1780634.292
2017,Itajaí,BRSC001,Longo Curso,130215.173
2017,Itajaí,BRSC008,Cabotagem,2413857.42
2017,Itajaí,BRSC008,Longo Curso,7327405.485
2017,Itajaí,BRSC012,Cabotagem,1733.406
2017,Itajaí,BRSC012,Longo Curso,89795.091
2017,Itajaí,BRSC017,Cabotagem,34021.146
2017,Itajaí,BRSC017,Longo Curso,7499.969
2017,Itaqui,BRIQI,Cabotagem,2287625.424
2017,Itaqui,BRIQI,Longo Curso,16825866.464
2017,Itaqui,BRMA001,Cabotagem,9825755.214
2017,Itaqui,BRMA001,Longo Curso,5172665.784
2017,Itaqui,BRMA002,Cabotagem,4736311.65
2017,Itaqui,BRMA002,Longo Curso,165049529.0
2017,LDC Pederneiras (Instalação Isolada),BRSP011,Interior,496021.009
2017,Macapá,BRAP003,Interior,145304.0
2017,Macapá,BRMCP,Cabotagem,96054.316
2017,Macapá,BRMCP,Interior,253047.429
2017,Macapá,BRMCP,Longo Curso,1156446.853
2017,Maceió,BRAL001,Cabotagem,813779.655
2017,Maceió,BRAL001,Longo Curso,95162.763
2017,Maceió,BRMCZ,Cabotagem,671991.572
2017,Maceió,BRMCZ,Longo Curso,1297944.471
2017,Manaus,BRAM001,Interior,360871.49
2017,Manaus,BRAM003,Longo Curso,250594.843
2017,Manaus,BRAM004,Interior,1792.9
2017,Manaus,BRAM006,Cabotagem,2203799.445
2017,Manaus,BRAM006,Longo Curso,1118557.159
2017,Manaus,BRAM007,Interior,150406.534
2017,Manaus,BRAM008,Interior,391457.0
2017,Manaus,BRAM011,Cabotagem,2350250.499
2017,Manaus,BRAM011,Interior,1801215.595
2017,Manaus,BRAM011,Longo Curso,108348.767
2017,Manaus,BRAM012,Cabotagem,1677916.174
2017,Manaus,BRAM012,Interior,57171.099
2017,Manaus,BRAM012,Longo Curso,505324.627
2017,Manaus,BRAM013,Longo Curso,76715.02
2017,Manaus,BRAM014,Apoio Portuário,7948.388
2017,Manaus,BRAM014,Interior,4207674.194
2017,Manaus,BRAM014,Longo Curso,4263291.229
2017,Manaus,BRAM015,Interior,68762.81
2017,Manaus,BRAM016,Interior,188828.381
2017,Manaus,BRAM017,Interior,451488.15
2017,Manaus,BRAM018,Interior,9515.877
2017,Manaus,BRAM021,Interior,545106.655
2017,Manaus,BRAM021,Longo Curso,446231.717
2017,Manaus,BRAM025,Cabotagem,886230.112
2017,Manaus,BRAM025,Interior,1230219.358
2017,Manaus,BRAM025,Longo Curso,683686.231
2017,Manaus,BRAM028,Interior,99281.73
2017,Manaus,BRAM032,Interior,120519.926
2017,Manaus,BRAM034,Interior,282.478
2017,Manaus,BRMAO,Cabotagem,14101.0
2017,Natal,BRNAT,Cabotagem,7955.924
2017,Natal,BRNAT,Interior,4883.379
2017,Natal,BRNAT,Longo Curso,800817.862
2017,Natal,BRRN001,Apoio Portuário,15283.817
2017,Natal,BRRN001,Cabotagem,3031923.729
2017,Paranaguá - Antonina,BRANT,Cabotagem,21099.28
2017,Paranaguá - Antonina,BRANT,Longo Curso,1056615.589
2017,Paranaguá - Antonina,BRPNG,Cabotagem,2064330.474
2017,Paranaguá - Antonina,BRPNG,Longo Curso,43494759.231
2017,Paranaguá - Antonina,BRPR002,Cabotagem,58506.055
2017,Paranaguá - Antonina,BRPR002,Longo Curso,5848349.908
2017,Pecém - Fortaleza,BRCE001,Cabotagem,6604269.28
2017,Pecém - Fortaleza,BRCE001,Longo Curso,9206906.389
2017,Pecém - Fortaleza,BRFOR,Apoio Marítimo,45634.26
2017,Pecém - Fortaleza,BRFOR,Cabotagem,2830078.892
2017,Pecém - Fortaleza,BRFOR,Longo Curso,2192353.696
2017,Porto Alegre,BRPOA,Cabotagem,348747.998
2017,Porto Alegre,BRPOA,Interior,656939.772
2017,Porto Alegre,BRPOA,Longo Curso,45879.264
2017,Porto Alegre,BRRS003,Cabotagem,3653.917
2017,Porto Alegre,BRRS003,Interior,1105433.171
2017,Porto Alegre,BRRS003,Longo Curso,9353.675
2017,Porto Alegre,BRRS006,Interior,588169.218
2017,Porto Alegre,BRRS008,Interior,216227.61
2017,Porto Alegre,BRRS009,Cabotagem,6749338.764
2017,Porto Alegre,BRRS009,Longo Curso,4215293.074
2017,Porto Alegre,BRRS010,Interior,221263.837
2017,Porto Alegre,BRRS013,Interior,1039165.018
2017,Porto Alegre,BRRS014,Cabotagem,940.415
2017,Porto Alegre,BRRS014,Interior,7149.463
2017,Porto Alegre,BRRS015,Interior,989684.964
2017,Porto Alegre,BRRS016,Cabotagem,9148.761
2017,Porto Alegre,BRRS016,Interior,2356.773
2017,Porto Alegre,BRRS022,Apoio Portuário,3317.23
2017,Porto Alegre,BRRS022,Interior,260299.757
2017,Porto Velho,BRPVH,Interior,2522607.814
2017,Porto Velho,BRRO001,Interior,3024.0
2017,Porto Velho,BRRO002,Interior,217205.265
2017,Porto Velho,BRRO003,Interior,67242.229
2017,Porto Velho,BRRO005,Interior,110009.457
2017,Porto Velho,BRRO006,Interior,1092683.273
2017,Porto Velho,BRRO007,Interior,422413.916
2017,Porto Velho,BRRO010,Apoio Portuário,809.307
2017,Porto Velho,BRRO010,Interior,108712.123
2017,Porto Velho,BRRO013,Interior,2232217.953
2017,Porto Velho,BRRO014,Interior,1864532.196
2017,Porto Velho,BRRO016,Interior,93338.777
2017,Porto Velho,BRRO022,Apoio Portuário,1136.453
2017,Porto Velho,BRRO022,Interior,157933.633
2017,Porto Velho,BRRO025,Interior,167396.546
2017,Rio Grande,BRPET,Interior,724272.054
2017,Rio Grande,BRRIG,Cabotagem,6050096.365
2017,Rio Grande,BRRIG,Interior,3059296.319
2017,Rio Grande,BRRIG,Longo Curso,17061878.424
2017,Rio Grande,BRRS001,Interior,710830.435
2017,Rio Grande,BRRS001,Longo Curso,2410348.841
2017,Rio Grande,BRRS002,Interior,821012.998
2017,Rio Grande,BRRS002,Longo Curso,4968698.002
2017,Rio Grande,BRRS005,Cabotagem,63036.558
2017,Rio Grande,BRRS005,Interior,4084.344
2017,Rio Grande,BRRS005,Longo Curso,2561907.38
2017,Rio Grande,BRRS007,Interior,268989.408
2017,Rio Grande,BRRS007,Longo Curso,2253398.705
2017,Rio Grande,BRRS012,Interior,178536.0
2017,Rio de Janeiro -  Niterói,BRNTR,Apoio Marítimo,18626.45
2017,Rio de Janeiro -  Niterói,BRRIO,Cabotagem,742378.172
2017,Rio de Janeiro -  Niterói,BRRIO,Longo Curso,4545386.816
2017,Rio de Janeiro -  Niterói,BRRJ003,Interior,1634.034
2017,Rio de Janeiro -  Niterói,BRRJ003,Longo Curso,274711.95
2017,Rio de Janeiro -  Niterói,BRRJ008,Cabotagem,126328.125
2017,Rio de Janeiro -  Niterói,BRRJ008,Longo Curso,5983.392
2017,Rio de Janeiro -  Niterói,BRRJ010,Apoio Marítimo,102160.704
2017,Rio de Janeiro -  Niterói,BRRJ010,Apoio Portuário,748.243
2017,Rio de Janeiro -  Niterói,BRRJ010,Cabotagem,10744853.486
2017,Rio de Janeiro -  Niterói,BRRJ010,Interior,1005463.358
2017,Rio de Janeiro -  Niterói,BRRJ010,Longo Curso,1224988.86
2017,Rio de Janeiro -  Niterói,BRRJ014,Apoio Marítimo,4272.054
2017,Rio de Janeiro -  Niterói,BRRJ015,Longo Curso,55517.641
2017,Rio de Janeiro -  Niterói,BRRJ017,Apoio Marítimo,200.0
2017,Rio de Janeiro -  Niterói,BRRJ017,Apoio Portuário,450.0
2017,Rio de Janeiro -  Niterói,BRRJ017,Cabotagem,25319.74
2017,Rio de Janeiro -  Niterói,BRRJ018,Longo Curso,122731.092
2017,Rio de Janeiro -  Niterói,BRRJ019,Cabotagem,113469.146
2017,Rio de Janeiro -  Niterói,BRRJ019,Longo Curso,17673.282
2017,Rio de Janeiro -  Niterói,BRRJ055,Apoio Portuário,707.232
2017,Rio de Janeiro -  Niterói,BRRJ056,Apoio Marítimo,283865.98
2017,Rio de Janeiro -  Niterói,BRRJ057,Apoio Marítimo,1744.379
2017,Rio de Janeiro -  Niterói,BRRJ057,Longo Curso,165242.329
2017,Santarém,BRPA017,Interior,302742.0
2017,Santarém,BRPA028,Interior,73943.79
2017,Santarém,BRSTM,Interior,3644697.693
2017,Santarém,BRSTM,Longo Curso,4256810.317
2017,Santos,BRSP001,Cabotagem,26575.96
2017,Santos,BRSP001,Longo Curso,7373888.558
2017,Santos,BRSP002,Cabotagem,198821.739
2017,Santos,BRSP002,Longo Curso,359163.391
2017,Santos,BRSP004,Longo Curso,2359551.656
2017,Santos,BRSP005,Cabotagem,437681.0
2017,Santos,BRSP005,Longo Curso,259515.0
2017,Santos,BRSP008,Apoio Portuário,603.16
2017,Santos,BRSP008,Cabotagem,1249169.59
2017,Santos,BRSP008,Longo Curso,6559549.478
2017,Santos,BRSP009,Apoio Marítimo,6599.993
2017,Santos,BRSP009,Apoio Portuário,1238.799
2017,Santos,BRSSZ,Cabotagem,10771253.25
2017,Santos,BRSSZ,Longo Curso,95771919.514
2017,Sem complexo - Terminal Isolado,BRAC001,Cabotagem,2057.2
2017,Sem complexo - Terminal Isolado,BRPR003,Interior,1785.0
2017,Suape - Recife,BRPE001,Longo Curso,46440.592
2017,Suape - Recife,BRREC,Cabotagem,174382.0
2017,Suape - Recife,BRREC,Longo Curso,1276845.0
2017,Suape - Recife,BRSUA,Cabotagem,17166937.625
2017,Suape - Recife,BRSUA,Longo Curso,6464534.27
2017,São Francisco do Sul,BRSC007,Cabotagem,8197554.958
2017,São Francisco do Sul,BRSC007,Longo Curso,156562.363
2017,São Francisco do Sul,BRSC011,Cabotagem,1710669.348
2017,São Francisco do Sul,BRSC011,Longo Curso,5166167.512
2017,São Francisco do Sul,BRSFS,Cabotagem,2041790.277
2017,São Francisco do Sul,BRSFS,Longo Curso,9729541.062
2017,São João da Barra,BRRJ020,Longo Curso,16189534.934
2017,São João da Barra,BRRJ022,Cabotagem,42214.5
2017,São João da Barra,BRRJ022,Longo Curso,419829.272
2017,São João da Barra,BRRJ025,Cabotagem,7712.299
2017,São João da Barra,BRRJ026,Apoio Marítimo,5342.114
2017,São João da Barra,BRRJ026,Apoio Portuário,109.5
2017,São João da Barra,BRRJ039,Cabotagem,20805.94
2017,São João da Barra,BRRJ051,Apoio Marítimo,44909.334
2017,São João da Barra,BRRJ051,Apoio Portuário,1833.449
2017,São João da Barra,BRRJ051,Interior,16.108
2017,São João da Barra,BRRJ051,Longo Curso,37612.296
2017,São João da Barra,BRRJ067,Cabotagem,1844365.3
2017,São João da Barra,BRRJ067,Longo Curso,1844364.532
2017,São Sebastião,BRSP006,Apoio Marítimo,12584.414
2017,São Sebastião,BRSP006,Apoio Portuário,105808.159
2017,São Sebastião,BRSP006,Cabotagem,43792092.226
2017,São Sebastião,BRSP006,Longo Curso,5424278.132
2017,São Sebastião,BRSSO,Apoio Portuário,3382.202
2017,São Sebastião,BRSSO,Cabotagem,483.549
2017,São Sebastião,BRSSO,Longo Curso,537152.965
2017,São Simão,BRGO001,Interior,712399.679
2017,São Simão,BRGO008,Interior,18845.055
2017,São Simão,BRGO009,Interior,220889.606
2017,Tomé Açu,BRPA033,Interior,140493.436
2017,Tomé Açu,BRPA034,Interior,2055.559
2017,Vila do Conde - Belém,BRBEL,Apoio Portuário,0.53
2017,Vila do Conde - Belém,BRBEL,Cabotagem,1677558.825
2017,Vila do Conde - Belém,BRBEL,Interior,571638.054
2017,Vila do Conde - Belém,BRBEL,Longo Curso,362091.638
2017,Vila do Conde - Belém,BRPA005,Interior,1368516.54
2017,Vila do Conde - Belém,BRPA005,Longo Curso,2290788.964
2017,Vila do Conde - Belém,BRPA006,Cabotagem,18062.21
2017,Vila do Conde - Belém,BRPA006,Longo Curso,1438795.21
2017,Vila do Conde - Belém,BRPA013,Interior,629387.742
2017,Vila do Conde - Belém,BRPA014,Cabotagem,54869.218
2017,Vila do Conde - Belém,BRPA014,Interior,141278.685
2017,Vila do Conde - Belém,BRPA014,Longo Curso,29270.377
2017,Vila do Conde - Belém,BRPA016,Interior,623947.0
2017,Vila do Conde - Belém,BRPA018,Apoio Portuário,1813.188
2017,Vila do Conde - Belém,BRPA018,Cabotagem,1949.226
2017,Vila do Conde - Belém,BRPA018,Interior,1998598.623
2017,Vila do Conde - Belém,BRPA018,Longo Curso,2499001.324
2017,Vila do Conde - Belém,BRPA043,Interior,2679790.525
2017,Vila do Conde - Belém,BRPA043,Longo Curso,2917949.447
2017,Vila do Conde - Belém,BRPA065,Interior,6919.971
2017,Vila do Conde - Belém,BRPA067,Interior,812706.459
2017,Vila do Conde - Belém,BRVDC,Apoio Portuário,25.0
2017,Vila do Conde - Belém,BRVDC,Cabotagem,5391321.736
2017,Vila do Conde - Belém,BRVDC,Interior,87051.06
2017,Vila do Conde - Belém,BRVDC,Longo Curso,10652666.818
2017,Vitória,BRES001,Cabotagem,1918232.948
2017,Vitória,BRES001,Longo Curso,107335489.087
2017,Vitória,BRES002,Cabotagem,139203.0
2017,Vitória,BRES002,Longo Curso,472030.846
2017,Vitória,BRES003,Cabotagem,1654731.093
2017,Vitória,BRES003,Longo Curso,11525822.009
2017,Vitória,BRES004,Cabotagem,1335510.47
2017,Vitória,BRES004,Longo Curso,6248519.108
2017,Vitória,BRES005,Apoio Marítimo,564.24
2017,Vitória,BRES005,Apoio Portuário,366.5
2017,Vitória,BRES007,Cabotagem,605345.796
2017,Vitória,BRES020,Interior,120.49
2017,Vitória,BRVIX,Apoio Marítimo,136707.881
2017,Vitória,BRVIX,Apoio Portuário,360.95
2017,Vitória,BRVIX,Cabotagem,1512363.823
2017,Vitória,BRVIX,Longo Curso,5264533.837
2017,Óbidos,BRPA001,Cabotagem,8999331.0
2017,Óbidos,BRPA001,Longo Curso,7387646.0
2017,Óbidos,BRPA019,Cabotagem,4789303.0
2017,Óbidos,BRPA019,Longo Curso,1522250.0
2017,Óbidos,BRPA036,Interior,92.32
2018,Almeirim,BRPA002,Cabotagem,44394.471
2018,Almeirim,BRPA002,Longo Curso,162910.652
2018,Almeirim,BRPA004,Cabotagem,7130.039
2018,Almeirim,BRPA004,Longo Curso,217193.271
2018,Angra dos Reis,BRRJ009,Apoio Marítimo,717558.882
2018,Angra dos Reis,BRRJ009,Cabotagem,20001075.012
2018,Angra dos Reis,BRRJ009,Longo Curso,22152502.535
2018,Angra dos Reis,BRRJ012,Longo Curso,352710.0
2018,Aracajú,BRSE001,Apoio Marítimo,74625.47
2018,Aracajú,BRSE001,Apoio Portuário,260.097
2018,Aracajú,BRSE001,Longo Curso,451582.297
2018,Aracajú,BRSE002,Cabotagem,791619.42
2018,Aratu - Salvador,BRARB,Cabotagem,1080498.042
2018,Aratu - Salvador,BRARB,Longo Curso,5409394.6
2018,Aratu - Salvador,BRBA002,Cabotagem,580219.728
2018,Aratu - Salvador,BRBA002,Longo Curso,76856.753
2018,Aratu - Salvador,BRBA003,Cabotagem,15019712.624
2018,Aratu - Salvador,BRBA003,Interior,176591.713
2018,Aratu - Salvador,BRBA003,Longo Curso,1769232.799
2018,Aratu - Salvador,BRBA006,Cabotagem,157634.0
2018,Aratu - Salvador,BRBA006,Longo Curso,313988.52
2018,Aratu - Salvador,BRBA007,Interior,66802.728
2018,Aratu - Salvador,BRBA007,Longo Curso,5227300.818
2018,Aratu - Salvador,BRBA008,Longo Curso,126669.059
2018,Aratu - Salvador,BRBA009,Apoio Marítimo,71015.677
2018,Aratu - Salvador,BRBA009,Longo Curso,1024376.639
2018,Aratu - Salvador,BRSSA,Cabotagem,2248123.015
2018,Aratu - Salvador,BRSSA,Interior,16010.32
2018,Aratu - Salvador,BRSSA,Longo Curso,2648654.624
2018,Areia Branca,BRARE,Apoio Portuário,2435328.2
2018,Areia Branca,BRARE,Cabotagem,1256324.0
2018,Areia Branca,BRARE,Longo Curso,1181713.0
2018,Barra do Riacho,BRES006,Longo Curso,10207828.408
2018,Barra do Riacho,BRES008,Cabotagem,639484.483
2018,Barra do Riacho,BRES010,Cabotagem,161247.997
2018,Barra do Riacho,BRES013,Cabotagem,6817.263
2018,Barra do Riacho,BRES013,Longo Curso,1621.46
2018,Cabedelo (Instalação Isolada),BRCDO,Cabotagem,452119.69
2018,Cabedelo (Instalação Isolada),BRCDO,Longo Curso,728440.654
2018,Coari (Instalação Isolada),BRAM009,Cabotagem,964493.04
2018,Coari (Instalação Isolada),BRAM009,Interior,492232.944
2018,Corumbá,BRMS001,Longo Curso,1220846.465
2018,Corumbá,BRMS002,Apoio Portuário,5441.0
2018,Corumbá,BRMS002,Interior,2472093.0
2018,Corumbá,BRMS005,Interior,438883.138
2018,Estrela,BRRS004,Interior,4098.541
2018,Ilhéus,BRBA004,Cabotagem,2494544.95
2018,Ilhéus,BRBA005,Cabotagem,1158376.0
2018,Ilhéus,BRIOS,Longo Curso,187966.607
2018,Imbituba,BRIBB,Cabotagem,837102.153
2018,Imbituba,BRIBB,Longo Curso,4385890.571
2018,Itaguaí,BRIGI,Apoio Portuário,241883.412
2018,Itaguaí,BRIGI,Cabotagem,1540713.313
2018,Itaguaí,BRIGI,Interior,222835.5
2018,Itaguaí,BRIGI,Longo Curso,54629672.373
2018,Itaguaí,BRRJ001,Longo Curso,41182971.266
2018,Itaguaí,BRRJ016,Cabotagem,21174.179
2018,Itaguaí,BRRJ016,Longo Curso,7555303.053
2018,Itaguaí,BRRJ023,Longo Curso,10637500.0
2018,Itaguaí,BRRJ054,Cabotagem,275.0
2018,Itaituba,BRPA038,Apoio Portuário,3911.29
2018,Itaituba,BRPA038,Interior,2247554.46
2018,Itaituba,BRPA045,Interior,2748487.075
2018,Itaituba,BRPA046,Interior,681719.947
2018,Itaituba,BRPA064,Interior,109569.543
2018,Itajaí,BRITJ,Cabotagem,369130.658
2018,Itajaí,BRITJ,Interior,11239.087
2018,Itajaí,BRITJ,Longo Curso,3612999.791
2018,Itajaí,BRSC001,Interior,2171.855
2018,Itajaí,BRSC001,Longo Curso,109925.065
2018,Itajaí,BRSC008,Cabotagem,785174.612
2018,Itajaí,BRSC008,Longo Curso,7247193.363
2018,Itajaí,BRSC012,Cabotagem,382.012
2018,Itajaí,BRSC012,Longo Curso,94170.507
2018,Itajaí,BRSC017,Cabotagem,19443.0
2018,Itajaí,BRSC017,Longo Curso,9000.0
2018,Itaqui,BRIQI,Cabotagem,3816215.7
2018,Itaqui,BRIQI,Longo Curso,18587005.509
2018,Itaqui,BRMA001,Cabotagem,9930403.666
2018,Itaqui,BRMA001,Longo Curso,4825900.416
2018,Itaqui,BRMA002,Cabotagem,5241363.0
2018,Itaqui,BRMA002,Longo Curso,192869008.0
2018,Macapá,BRAP003,Interior,140994.0
2018,Macapá,BRMCP,Cabotagem,25520.17
2018,Macapá,BRMCP,Interior,537986.595
2018,Macapá,BRMCP,Longo Curso,684558.619
2018,Maceió,BRAL001,Cabotagem,726022.574
2018,Maceió,BRAL001,Longo Curso,148967.644
2018,Maceió,BRMCZ,Cabotagem,529662.822
2018,Maceió,BRMCZ,Interior,1905.935
2018,Maceió,BRMCZ,Longo Curso,1229299.928
2018,Manaus,BRAM001,Interior,325483.947
2018,Manaus,BRAM003,Longo Curso,112610.874
2018,Manaus,BRAM004,Interior,1188.0
2018,Manaus,BRAM006,Cabotagem,3461937.361
2018,Manaus,BRAM006,Longo Curso,715656.079
2018,Manaus,BRAM007,Interior,203124.073
2018,Manaus,BRAM008,Interior,454680.0
2018,Manaus,BRAM011,Cabotagem,2724951.808
2018,Manaus,BRAM011,Interior,1320693.754
2018,Manaus,BRAM011,Longo Curso,166030.804
2018,Manaus,BRAM012,Cabotagem,1367173.696
2018,Manaus,BRAM012,Interior,109016.446
2018,Manaus,BRAM012,Longo Curso,691399.069
2018,Manaus,BRAM013,Longo Curso,72626.412
2018,Manaus,BRAM014,Apoio Portuário,2456.843
2018,Manaus,BRAM014,Interior,4294485.964
2018,Manaus,BRAM014,Longo Curso,4955288.452
2018,Manaus,BRAM015,Interior,33459.02
2018,Manaus,BRAM016,Interior,232116.935
2018,Manaus,BRAM017,Interior,446214.885
2018,Manaus,BRAM018,Interior,4194.21
2018,Manaus,BRAM021,Interior,222664.865
2018,Manaus,BRAM021,Longo Curso,508764.245
2018,Manaus,BRAM025,Cabotagem,1343647.836
2018,Manaus,BRAM025,Interior,1629597.789
2018,Manaus,BRAM025,Longo Curso,189313.67
2018,Manaus,BRAM028,Interior,121627.02
2018,Manaus,BRAM032,Apoio Portuário,2572.486
2018,Manaus,BRAM032,Interior,116862.06
2018,Manaus,BRAM034,Interior,491.748
2018,Manaus,BRAM081,Interior,23467.248
2018,Manaus,BRAM087,Interior,11494.865
2018,Manaus,BRMAO,Cabotagem,9769.772
2018,Natal,BRNAT,Longo Curso,709073.481
2018,Natal,BRRN001,Apoio Portuário,23919.909
2018,Natal,BRRN001,Cabotagem,2641838.043
2018,Paranaguá - Antonina,BRANT,Longo Curso,774281.211
2018,Paranaguá - Antonina,BRPNG,Cabotagem,2454674.81
2018,Paranaguá - Antonina,BRPNG,Longo Curso,46070279.568
2018,Paranaguá - Antonina,BRPR002,Cabotagem,273682.193
2018,Paranaguá - Antonina,BRPR002,Longo Curso,3839356.867
2018,Pecém - Fortaleza,BRCE001,Apoio Marítimo,76678.437
2018,Pecém - Fortaleza,BRCE001,Cabotagem,7977079.921
2018,Pecém - Fortaleza,BRCE001,Longo Curso,9193007.626
2018,Pecém - Fortaleza,BRFOR,Apoio Marítimo,6847.606
2018,Pecém - Fortaleza,BRFOR,Cabotagem,2381523.851
2018,Pecém - Fortaleza,BRFOR,Longo Curso,2548752.185
2018,Porto Alegre,BRPOA,Cabotagem,338483.942
2018,Porto Alegre,BRPOA,Interior,521694.743
2018,Porto Alegre,BRPOA,Longo Curso,22387.82
2018,Porto Alegre,BRRS003,Cabotagem,1057.784
2018,Porto Alegre,BRRS003,Interior,2067961.995
2018,Porto Alegre,BRRS003,Longo Curso,15959.948
2018,Porto Alegre,BRRS006,Interior,622902.0
2018,Porto Alegre,BRRS008,Interior,354786.93
2018,Porto Alegre,BRRS009,Cabotagem,7230109.988
2018,Porto Alegre,BRRS009,Longo Curso,3786710.195
2018,Porto Alegre,BRRS010,Interior,236338.367
2018,Porto Alegre,BRRS013,Interior,2610460.115
2018,Porto Alegre,BRRS014,Interior,20995.826
2018,Porto Alegre,BRRS015,Apoio Portuário,2877.11
2018,Porto Alegre,BRRS015,Interior,998529.575
2018,Porto Alegre,BRRS016,Cabotagem,5440.645
2018,Porto Alegre,BRRS016,Interior,24863.779
2018,Porto Alegre,BRRS022,Apoio Portuário,987.31
2018,Porto Alegre,BRRS022,Interior,271579.975
2018,Porto Velho,BRPVH,Interior,2193587.821
2018,Porto Velho,BRPVH,Longo Curso,1100.0
2018,Porto Velho,BRRO002,Interior,226429.625
2018,Porto Velho,BRRO003,Interior,11018.048
2018,Porto Velho,BRRO005,Interior,135297.2
2018,Porto Velho,BRRO006,Interior,1110271.591
2018,Porto Velho,BRRO007,Interior,434079.446
2018,Porto Velho,BRRO010,Interior,397725.667
2018,Porto Velho,BRRO013,Apoio Portuário,2048.1
2018,Porto Velho,BRRO013,Interior,3087910.552
2018,Porto Velho,BRRO014,Interior,1847160.606
2018,Porto Velho,BRRO016,Interior,121267.189
2018,Porto Velho,BRRO022,Interior,163407.133
2018,Porto Velho,BRRO025,Interior,244589.326
2018,Rio Grande,BRPET,Interior,839277.67
2018,Rio Grande,BRRIG,Cabotagem,6464821.188
2018,Rio Grande,BRRIG,Interior,3559530.724
2018,Rio Grande,BRRIG,Longo Curso,17141511.491
2018,Rio Grande,BRRS001,Interior,696732.924
2018,Rio Grande,BRRS001,Longo Curso,1929760.049
2018,Rio Grande,BRRS002,Apoio Portuário,4164.584
2018,Rio Grande,BRRS002,Interior,943606.528
2018,Rio Grande,BRRS002,Longo Curso,6498120.451
2018,Rio Grande,BRRS005,Longo Curso,2158025.726
2018,Rio Grande,BRRS007,Interior,446445.387
2018,Rio Grande,BRRS007,Longo Curso,2479139.988
2018,Rio Grande,BRRS012,Interior,159198.0
2018,Rio de Janeiro -  Niterói,BRNTR,Apoio Marítimo,34687.27
2018,Rio de Janeiro -  Niterói,BRNTR,Apoio Portuário,2807.68
2018,Rio de Janeiro -  Niterói,BRRIO,Apoio Portuário,14336.699
2018,Rio de Janeiro -  Niterói,BRRIO,Cabotagem,719858.656
2018,Rio de Janeiro -  Niterói,BRRIO,Interior,459220.69
2018,Rio de Janeiro -  Niterói,BRRIO,Longo Curso,4920934.698
2018,Rio de Janeiro -  Niterói,BRRJ003,Longo Curso,232646.219
2018,Rio de Janeiro -  Niterói,BRRJ008,Cabotagem,152205.101
2018,Rio de Janeiro -  Niterói,BRRJ008,Longo Curso,9463.59
2018,Rio de Janeiro -  Niterói,BRRJ010,Apoio Marítimo,185145.542
2018,Rio de Janeiro -  Niterói,BRRJ010,Cabotagem,12481220.14
2018,Rio de Janeiro -  Niterói,BRRJ010,Interior,858381.092
2018,Rio de Janeiro -  Niterói,BRRJ010,Longo Curso,1738582.737
2018,Rio de Janeiro -  Niterói,BRRJ014,Apoio Marítimo,2243.694
2018,Rio de Janeiro -  Niterói,BRRJ015,Longo Curso,80048.897
2018,Rio de Janeiro -  Niterói,BRRJ017,Apoio Portuário,863.0
2018,Rio de Janeiro -  Niterói,BRRJ017,Cabotagem,37113.1
2018,Rio de Janeiro -  Niterói,BRRJ018,Longo Curso,479009.421
2018,Rio de Janeiro -  Niterói,BRRJ019,Cabotagem,82242.645
2018,Rio de Janeiro -  Niterói,BRRJ019,Longo Curso,22103.782
2018,Rio de Janeiro -  Niterói,BRRJ056,Apoio Marítimo,196561.27
2018,Rio de Janeiro -  Niterói,BRRJ057,Apoio Marítimo,10552.662
2018,Rio de Janeiro -  Niterói,BRRJ057,Longo Curso,186256.156
2018,Santarém,BRPA017,Interior,282039.0
2018,Santarém,BRPA028,Interior,72379.845
2018,Santarém,BRSTM,Cabotagem,3165.875
2018,Santarém,BRSTM,Interior,4356798.367
2018,Santarém,BRSTM,Longo Curso,4910409.481
2018,Santos,BRSP001,Longo Curso,9559805.686
2018,Santos,BRSP002,Cabotagem,409731.889
2018,Santos,BRSP002,Longo Curso,568654.005
2018,Santos,BRSP004,Longo Curso,2649783.802
2018,Santos,BRSP005,Cabotagem,491892.0
2018,Santos,BRSP005,Longo Curso,223644.0
2018,Santos,BRSP008,Cabotagem,1246330.48
2018,Santos,BRSP008,Longo Curso,6271302.675
2018,Santos,BRSSZ,Cabotagem,11070743.913
2018,Santos,BRSSZ,Longo Curso,95999984.795
2018,Sem complexo - Terminal Isolado,BRAC001,Interior,9977.28
2018,Sem complexo - Terminal Isolado,BRPR003,Interior,15901.055
2018,Sem complexo - Terminal Isolado,BRRN003,Apoio Portuário,128334.6
2018,Sem complexo - Terminal Isolado,BRRN003,Interior,1344.0
2018,Suape - Recife,BRPE001,Longo Curso,12417.061
2018,Suape - Recife,BRREC,Cabotagem,135172.0
2018,Suape - Recife,BRREC,Longo Curso,1092995.0
2018,Suape - Recife,BRSUA,Cabotagem,17209858.501
2018,Suape - Recife,BRSUA,Longo Curso,6226102.023
2018,São Francisco do Sul,BRSC007,Cabotagem,8140502.965
2018,São Francisco do Sul,BRSC007,Longo Curso,705120.762
2018,São Francisco do Sul,BRSC011,Cabotagem,665959.22
2018,São Francisco do Sul,BRSC011,Longo Curso,6472607.339
2018,São Francisco do Sul,BRSFS,Cabotagem,2124766.784
2018,São Francisco do Sul,BRSFS,Longo Curso,9288128.923
2018,São João da Barra,BRRJ020,Longo Curso,3216839.0
2018,São João da Barra,BRRJ022,Cabotagem,83206.7
2018,São João da Barra,BRRJ022,Longo Curso,570480.109
2018,São João da Barra,BRRJ025,Cabotagem,2278.852
2018,São João da Barra,BRRJ026,Apoio Marítimo,3296.397
2018,São João da Barra,BRRJ026,Cabotagem,16.0
2018,São João da Barra,BRRJ026,Longo Curso,10.5
2018,São João da Barra,BRRJ039,Apoio Marítimo,6261.011
2018,São João da Barra,BRRJ039,Cabotagem,11587.621
2018,São João da Barra,BRRJ051,Apoio Portuário,181.825
2018,São João da Barra,BRRJ051,Interior,17.367
2018,São João da Barra,BRRJ053,Apoio Portuário,4067.64
2018,São João da Barra,BRRJ067,Cabotagem,5124977.044
2018,São João da Barra,BRRJ067,Longo Curso,5124976.965
2018,São Sebastião,BRSP006,Cabotagem,40101889.275
2018,São Sebastião,BRSP006,Longo Curso,3960305.51
2018,São Sebastião,BRSSO,Apoio Portuário,3858.312
2018,São Sebastião,BRSSO,Longo Curso,693799.635
2018,São Simão,BRGO001,Interior,663516.258
2018,São Simão,BRGO008,Interior,133469.708
2018,São Simão,BRGO009,Interior,269813.857
2018,Tomé Açu,BRPA033,Interior,107539.5
2018,Vila do Conde - Belém,BRBEL,Apoio Portuário,1520.195
2018,Vila do Conde - Belém,BRBEL,Cabotagem,1619236.624
2018,Vila do Conde - Belém,BRBEL,Interior,626285.48
2018,Vila do Conde - Belém,BRBEL,Longo Curso,396471.904
2018,Vila do Conde - Belém,BRPA005,Apoio Portuário,2340.985
2018,Vila do Conde - Belém,BRPA005,Interior,2001465.144
2018,Vila do Conde - Belém,BRPA005,Longo Curso,3098167.16
2018,Vila do Conde - Belém,BRPA006,Cabotagem,49311.41
2018,Vila do Conde - Belém,BRPA006,Longo Curso,1405611.51
2018,Vila do Conde - Belém,BRPA013,Interior,609374.128
2018,Vila do Conde - Belém,BRPA014,Cabotagem,36621.873
2018,Vila do Conde - Belém,BRPA014,Interior,94542.17
2018,Vila do Conde - Belém,BRPA014,Longo Curso,7101.34
2018,Vila do Conde - Belém,BRPA016,Interior,666297.0
2018,Vila do Conde - Belém,BRPA018,Apoio Portuário,1971.292
2018,Vila do Conde - Belém,BRPA018,Interior,2275545.398
2018,Vila do Conde - Belém,BRPA018,Longo Curso,2814467.359
2018,Vila do Conde - Belém,BRPA043,Interior,2902604.495
2018,Vila do Conde - Belém,BRPA043,Longo Curso,3208287.695
2018,Vila do Conde - Belém,BRPA065,Interior,20083.604
2018,Vila do Conde - Belém,BRPA067,Interior,466642.924
2018,Vila do Conde - Belém,BRPA108,Interior,15980.033
2018,Vila do Conde - Belém,BRVDC,Apoio Marítimo,500.51
2018,Vila do Conde - Belém,BRVDC,Apoio Portuário,19.12
2018,Vila do Conde - Belém,BRVDC,Cabotagem,3532851.678
2018,Vila do Conde - Belém,BRVDC,Interior,148716.72
2018,Vila do Conde - Belém,BRVDC,Longo Curso,7563760.025
2018,Vitória,BRES001,Cabotagem,1756737.26
2018,Vitória,BRES001,Longo Curso,102152889.204
2018,Vitória,BRES002,Cabotagem,48945.0
2018,Vitória,BRES002,Longo Curso,1128645.0
2018,Vitória,BRES003,Cabotagem,1676110.429
2018,Vitória,BRES003,Longo Curso,11014242.852
2018,Vitória,BRES004,Cabotagem,1500640.439
2018,Vitória,BRES004,Longo Curso,5427613.433
2018,Vitória,BRES005,Apoio Marítimo,1875.997
2018,Vitória,BRES007,Cabotagem,536816.473
2018,Vitória,BRVIX,Apoio Marítimo,103362.757
2018,Vitória,BRVIX,Apoio Portuário,4221.785
2018,Vitória,BRVIX,Cabotagem,1189966.269
2018,Vitória,BRVIX,Longo Curso,5406816.262
2018,Óbidos,BRPA001,Cabotagem,7342339.0
2018,Óbidos,BRPA001,Longo Curso,7189630.0
2018,Óbidos,BRPA019,Cabotagem,4949924.0
2018,Óbidos,BRPA019,Longo Curso,1626276.0
2018,Óbidos,BRPA036,Interior,1931.098
2019,Almeirim,BRPA002,Cabotagem,25666.137
2019,Almeirim,BRPA002,Longo Curso,130945.841
2019,Almeirim,BRPA004,Cabotagem,13101.09
2019,Almeirim,BRPA004,Longo Curso,127943.889
2019,Angra dos Reis,BRADR,Cabotagem,1239.657
2019,Angra dos Reis,BRRJ009,Apoio Marítimo,265067.2
2019,Angra dos Reis,BRRJ009,Apoio Portuário,14867.72
2019,Angra dos Reis,BRRJ009,Cabotagem,24487263.246
2019,Angra dos Reis,BRRJ009,Longo Curso,27137372.511
2019,Angra dos Reis,BRRJ012,Cabotagem,158.488
2019,Angra dos Reis,BRRJ012,Longo Curso,1640.42
2019,Aracajú,BRSE001,Apoio Marítimo,64242.614
2019,Aracajú,BRSE001,Cabotagem,293088.144
2019,Aracajú,BRSE001,Longo Curso,397229.487
2019,Aracajú,BRSE002,Cabotagem,654290.258
2019,Aratu - Salvador,BRARB,Cabotagem,903086.137
2019,Aratu - Salvador,BRARB,Longo Curso,5465903.783
2019,Aratu - Salvador,BRBA002,Cabotagem,502603.327
2019,Aratu - Salvador,BRBA002,Longo Curso,68733.12
2019,Aratu - Salvador,BRBA003,Apoio Marítimo,1070.426
2019,Aratu - Salvador,BRBA003,Cabotagem,15063083.584
2019,Aratu - Salvador,BRBA003,Interior,161841.911
2019,Aratu - Salvador,BRBA003,Longo Curso,1349520.971
2019,Aratu - Salvador,BRBA006,Cabotagem,43001.0
2019,Aratu - Salvador,BRBA006,Longo Curso,559859.34
2019,Aratu - Salvador,BRBA007,Longo Curso,4788815.876
2019,Aratu - Salvador,BRBA008,Longo Curso,82519.075
2019,Aratu - Salvador,BRBA009,Cabotagem,7082.426
2019,Aratu - Salvador,BRBA009,Longo Curso,55802.849
2019,Aratu - Salvador,BRSSA,Cabotagem,1851110.438
2019,Aratu - Salvador,BRSSA,Interior,29036.182
2019,Aratu - Salvador,BRSSA,Longo Curso,3220687.931
2019,Areia Branca,BRARE,Apoio Portuário,2264454.0
2019,Areia Branca,BRARE,Cabotagem,832933.0
2019,Areia Branca,BRARE,Longo Curso,1360816.0
2019,Barra do Riacho,BRES006,Longo Curso,8140842.842
2019,Barra do Riacho,BRES008,Cabotagem,620765.933
2019,Barra do Riacho,BRES010,Cabotagem,137957.305
2019,Barra do Riacho,BRES013,Longo Curso,97511.82
2019,Cabedelo (Instalação Isolada),BRCDO,Cabotagem,466437.545
2019,Cabedelo (Instalação Isolada),BRCDO,Longo Curso,772180.48
2019,Coari (Instalação Isolada),BRAM009,Cabotagem,466397.408
2019,Coari (Instalação Isolada),BRAM009,Interior,880564.398
2019,Corumbá,BRMS001,Longo Curso,1402369.28
2019,Corumbá,BRMS002,Apoio Portuário,1546.0
2019,Corumbá,BRMS002,Interior,2203835.0
2019,Corumbá,BRMS005,Interior,261575.784
2019,Ilhéus,BRBA004,Cabotagem,1839072.5
2019,Ilhéus,BRBA005,Cabotagem,1100784.0
2019,Ilhéus,BRIOS,Longo Curso,147411.3
2019,Imbituba,BRIBB,Cabotagem,643969.85
2019,Imbituba,BRIBB,Longo Curso,5117457.881
2019,Itaguaí,BRIGI,Apoio Portuário,441936.662
2019,Itaguaí,BRIGI,Cabotagem,1257802.21
2019,Itaguaí,BRIGI,Interior,249828.153
2019,Itaguaí,BRIGI,Longo Curso,41236849.128
2019,Itaguaí,BRRJ001,Longo Curso,21007815.0
2019,Itaguaí,BRRJ016,Cabotagem,1381764.638
2019,Itaguaí,BRRJ016,Longo Curso,6670724.193
2019,Itaguaí,BRRJ023,Longo Curso,16445893.0
2019,Itaguaí,BRRJ054,Cabotagem,566.0
2019,Itaituba,BRPA038,Interior,2218921.052
2019,Itaituba,BRPA045,Interior,3518892.985
2019,Itaituba,BRPA045,Longo Curso,49726.395
2019,Itaituba,BRPA046,Interior,1250348.353
2019,Itaituba,BRPA064,Interior,8452.335
2019,Itaituba,BRPA091,Interior,33330.459
2019,Itajaí,BRITJ,Cabotagem,370004.397
2019,Itajaí,BRITJ,Longo Curso,4977587.134
2019,Itajaí,BRSC001,Longo Curso,17413.871
2019,Itajaí,BRSC008,Cabotagem,598830.538
2019,Itajaí,BRSC008,Longo Curso,7236868.484
2019,Itajaí,BRSC012,Cabotagem,101337.393
2019,Itajaí,BRSC012,Longo Curso,54450.414
2019,Itajaí,BRSC013,Longo Curso,19592.25
2019,Itajaí,BRSC017,Cabotagem,45357.312
2019,Itaqui,BRIQI,Cabotagem,3612134.09
2019,Itaqui,BRIQI,Longo Curso,21559326.547
2019,Itaqui,BRMA001,Cabotagem,9298840.599
2019,Itaqui,BRMA001,Longo Curso,5005102.868
2019,Itaqui,BRMA002,Cabotagem,5782851.896
2019,Itaqui,BRMA002,Longo Curso,184329244.0
2019,Macapá,BRAP003,Interior,149418.0
2019,Macapá,BRMCP,Interior,281950.536
2019,Macapá,BRMCP,Longo Curso,1183444.562
2019,Maceió,BRAL001,Cabotagem,245353.392
2019,Maceió,BRAL001,Longo Curso,268684.095
2019,Maceió,BRMCZ,Cabotagem,482302.369
2019,Maceió,BRMCZ,Longo Curso,1142704.268
2019,Manaus,BRAM001,Interior,380217.885
2019,Manaus,BRAM003,Cabotagem,246579.576
2019,Manaus,BRAM004,Apoio Portuário,1.3
2019,Manaus,BRAM004,Interior,857.4
2019,Manaus,BRAM006,Cabotagem,5520449.027
2019,Manaus,BRAM006,Longo Curso,1174725.045
2019,Manaus,BRAM007,Interior,200721.038
2019,Manaus,BRAM008,Interior,408328.0
2019,Manaus,BRAM011,Cabotagem,2783541.768
2019,Manaus,BRAM011,Interior,1203398.869
2019,Manaus,BRAM011,Longo Curso,109867.11
2019,Manaus,BRAM012,Interior,178050.227
2019,Manaus,BRAM012,Longo Curso,731100.08
2019,Manaus,BRAM013,Longo Curso,103402.538
2019,Manaus,BRAM014,Apoio Portuário,3291.19
2019,Manaus,BRAM014,Interior,4388909.68
2019,Manaus,BRAM014,Longo Curso,4933984.971
2019,Manaus,BRAM015,Interior,14495.05
2019,Manaus,BRAM016,Interior,269874.998
2019,Manaus,BRAM017,Interior,469133.762
2019,Manaus,BRAM018,Interior,4141.09
2019,Manaus,BRAM021,Interior,271925.835
2019,Manaus,BRAM021,Longo Curso,478062.916
2019,Manaus,BRAM025,Cabotagem,1945580.073
2019,Manaus,BRAM025,Interior,2015893.941
2019,Manaus,BRAM025,Longo Curso,101006.185
2019,Manaus,BRAM028,Interior,95884.28
2019,Manaus,BRAM029,Interior,87378.647
2019,Manaus,BRAM032,Apoio Portuário,557.03
2019,Manaus,BRAM032,Interior,140977.952
2019,Manaus,BRAM034,Interior,368.026
2019,Manaus,BRAM081,Interior,31515.8
2019,Manaus,BRAM087,Interior,53737.338
2019,Natal,BRNAT,Cabotagem,31320.0
2019,Natal,BRNAT,Longo Curso,701222.48
2019,Natal,BRRN001,Cabotagem,2686094.443
2019,Paranaguá - Antonina,BRANT,Longo Curso,908376.982
2019,Paranaguá - Antonina,BRPNG,Cabotagem,1838266.709
2019,Paranaguá - Antonina,BRPNG,Longo Curso,46620172.397
2019,Paranaguá - Antonina,BRPR002,Longo Curso,3567561.805
2019,Pecém - Fortaleza,BRCE001,Cabotagem,9578718.088
2019,Pecém - Fortaleza,BRCE001,Longo Curso,8501360.72
2019,Pecém - Fortaleza,BRFOR,Cabotagem,1483410.147
2019,Pecém - Fortaleza,BRFOR,Longo Curso,2908993.193
2019,Porto Alegre,BRPOA,Cabotagem,534373.722
2019,Porto Alegre,BRPOA,Interior,445417.197
2019,Porto Alegre,BRPOA,Longo Curso,9135.36
2019,Porto Alegre,BRRS003,Cabotagem,10326.102
2019,Porto Alegre,BRRS003,Interior,1391463.537
2019,Porto Alegre,BRRS003,Longo Curso,43416.366
2019,Porto Alegre,BRRS006,Interior,713934.0
2019,Porto Alegre,BRRS008,Interior,271195.2
2019,Porto Alegre,BRRS009,Apoio Marítimo,25105.091
2019,Porto Alegre,BRRS009,Cabotagem,6443355.801
2019,Porto Alegre,BRRS009,Longo Curso,4386116.777
2019,Porto Alegre,BRRS010,Interior,213630.664
2019,Porto Alegre,BRRS013,Interior,2749661.707
2019,Porto Alegre,BRRS014,Interior,5209.778
2019,Porto Alegre,BRRS015,Interior,628066.247
2019,Porto Alegre,BRRS016,Cabotagem,22370.02
2019,Porto Alegre,BRRS016,Interior,16811.346
2019,Porto Alegre,BRRS022,Interior,302997.62
2019,Porto Alegre,BRRS028,Apoio Portuário,2837.44
2019,Porto Alegre,BRRS028,Interior,194275.77
2019,Porto Velho,BRPVH,Apoio Portuário,2900.882
2019,Porto Velho,BRPVH,Interior,2474787.828
2019,Porto Velho,BRRO002,Interior,260313.497
2019,Porto Velho,BRRO005,Interior,145430.474
2019,Porto Velho,BRRO006,Interior,905160.086
2019,Porto Velho,BRRO007,Interior,477173.972
2019,Porto Velho,BRRO010,Interior,314468.43
2019,Porto Velho,BRRO013,Apoio Portuário,2099.98
2019,Porto Velho,BRRO013,Interior,2833385.439
2019,Porto Velho,BRRO014,Interior,1973489.364
2019,Porto Velho,BRRO016,Interior,48926.256
2019,Porto Velho,BRRO022,Apoio Portuário,576.495
2019,Porto Velho,BRRO022,Interior,166060.48
2019,Porto Velho,BRRO025,Apoio Portuário,565.893
2019,Porto Velho,BRRO025,Interior,354678.122
2019,Rio Grande,BRPET,Interior,933530.99
2019,Rio Grande,BRRIG,Cabotagem,5224258.584
2019,Rio Grande,BRRIG,Interior,3482337.468
2019,Rio Grande,BRRIG,Longo Curso,17095088.455
2019,Rio Grande,BRRS001,Interior,619890.372
2019,Rio Grande,BRRS001,Longo Curso,1929673.596
2019,Rio Grande,BRRS002,Interior,836820.628
2019,Rio Grande,BRRS002,Longo Curso,6132230.592
2019,Rio Grande,BRRS005,Longo Curso,2414103.92
2019,Rio Grande,BRRS007,Interior,344094.922
2019,Rio Grande,BRRS007,Longo Curso,1576167.26
2019,Rio Grande,BRRS012,Interior,95423.89
2019,Rio de Janeiro -  Niterói,BRNTR,Apoio Marítimo,11731.62
2019,Rio de Janeiro -  Niterói,BRNTR,Apoio Portuário,821.304
2019,Rio de Janeiro -  Niterói,BRRIO,Apoio Portuário,35732.059
2019,Rio de Janeiro -  Niterói,BRRIO,Cabotagem,878617.08
2019,Rio de Janeiro -  Niterói,BRRIO,Interior,555514.566
2019,Rio de Janeiro -  Niterói,BRRIO,Longo Curso,6007045.443
2019,Rio de Janeiro -  Niterói,BRRJ003,Longo Curso,220424.562
2019,Rio de Janeiro -  Niterói,BRRJ008,Cabotagem,86920.068
2019,Rio de Janeiro -  Niterói,BRRJ008,Longo Curso,6997.534
2019,Rio de Janeiro -  Niterói,BRRJ010,Apoio Marítimo,29598.394
2019,Rio de Janeiro -  Niterói,BRRJ010,Cabotagem,13268503.207
2019,Rio de Janeiro -  Niterói,BRRJ010,Interior,924675.531
2019,Rio de Janeiro -  Niterói,BRRJ010,Longo Curso,1954516.328
2019,Rio de Janeiro -  Niterói,BRRJ013,Cabotagem,0.36
2019,Rio de Janeiro -  Niterói,BRRJ014,Apoio Marítimo,18721.954
2019,Rio de Janeiro -  Niterói,BRRJ015,Longo Curso,84624.204
2019,Rio de Janeiro -  Niterói,BRRJ017,Cabotagem,469111.8
2019,Rio de Janeiro -  Niterói,BRRJ019,Cabotagem,91992.27
2019,Rio de Janeiro -  Niterói,BRRJ019,Longo Curso,35276.619
2019,Rio de Janeiro -  Niterói,BRRJ056,Apoio Marítimo,149861.84
2019,Rio de Janeiro -  Niterói,BRRJ057,Apoio Marítimo,10525.064
2019,Rio de Janeiro -  Niterói,BRRJ057,Longo Curso,189345.413
2019,Santarém,BRPA017,Interior,280237.0
2019,Santarém,BRPA028,Interior,58150.457
2019,Santarém,BRSTM,Cabotagem,6170.755
2019,Santarém,BRSTM,Interior,5820016.927
2019,Santarém,BRSTM,Longo Curso,6795849.957
2019,Santos,BRSP001,Interior,15000.965
2019,Santos,BRSP001,Longo Curso,11021744.683
2019,Santos,BRSP002,Cabotagem,646723.063
2019,Santos,BRSP002,Longo Curso,536666.43
2019,Santos,BRSP004,Longo Curso,2437253.162
2019,Santos,BRSP005,Cabotagem,471316.0
2019,Santos,BRSP005,Longo Curso,207070.182
2019,Santos,BRSP008,Cabotagem,1712253.35
2019,Santos,BRSP008,Longo Curso,6232023.345
2019,Santos,BRSP009,Apoio Marítimo,225.0
2019,Santos,BRSSZ,Cabotagem,10137948.29
2019,Santos,BRSSZ,Longo Curso,96073204.33
2019,Sem complexo - Terminal Isolado,BRAC001,Interior,2206.76
2019,Sem complexo - Terminal Isolado,BRPR003,Cabotagem,1169.29
2019,Sem complexo - Terminal Isolado,BRPR003,Interior,8508.105
2019,Sem complexo - Terminal Isolado,BRRN003,Apoio Marítimo,1803.0
2019,Sem complexo - Terminal Isolado,BRRN003,Apoio Portuário,175004.4
2019,Sem complexo - Terminal Isolado,BRSP023,Interior,182902.107
2019,Suape - Recife,BRPE001,Longo Curso,828.903
2019,Suape - Recife,BRREC,Cabotagem,191361.0
2019,Suape - Recife,BRREC,Longo Curso,1221065.0
2019,Suape - Recife,BRSUA,Cabotagem,15944456.373
2019,Suape - Recife,BRSUA,Longo Curso,7947003.929
2019,São Francisco do Sul,BRSC007,Apoio Marítimo,70265.684
2019,São Francisco do Sul,BRSC007,Cabotagem,8016085.846
2019,São Francisco do Sul,BRSC007,Longo Curso,491467.935
2019,São Francisco do Sul,BRSC011,Cabotagem,500936.85
2019,São Francisco do Sul,BRSC011,Longo Curso,7501676.969
2019,São Francisco do Sul,BRSFS,Cabotagem,1911993.981
2019,São Francisco do Sul,BRSFS,Longo Curso,9282875.653
2019,São João da Barra,BRRJ020,Longo Curso,23042251.0
2019,São João da Barra,BRRJ022,Apoio Marítimo,180.24
2019,São João da Barra,BRRJ022,Longo Curso,688346.352
2019,São João da Barra,BRRJ025,Apoio Marítimo,5753.0
2019,São João da Barra,BRRJ025,Cabotagem,9950.56
2019,São João da Barra,BRRJ026,Apoio Marítimo,4365.42
2019,São João da Barra,BRRJ039,Cabotagem,10631.342
2019,São João da Barra,BRRJ051,Apoio Portuário,19.391
2019,São João da Barra,BRRJ051,Interior,26.183
2019,São João da Barra,BRRJ053,Apoio Portuário,250964.55
2019,São João da Barra,BRRJ053,Interior,0.4
2019,São João da Barra,BRRJ067,Cabotagem,9666099.382
2019,São João da Barra,BRRJ067,Longo Curso,9666099.382
2019,São Sebastião,BRSP006,Cabotagem,38596287.528
2019,São Sebastião,BRSP006,Longo Curso,4566390.754
2019,São Sebastião,BRSSO,Apoio Portuário,8595.523
2019,São Sebastião,BRSSO,Cabotagem,16921.45
2019,São Sebastião,BRSSO,Longo Curso,715013.272
2019,São Simão,BRGO001,Interior,956092.62
2019,São Simão,BRGO009,Interior,190072.018
2019,Tomé Açu,BRPA033,Interior,33623.374
2019,Vila do Conde - Belém,BRBEL,Apoio Portuário,2465.72
2019,Vila do Conde - Belém,BRBEL,Cabotagem,1236898.421
2019,Vila do Conde - Belém,BRBEL,Interior,730082.87
2019,Vila do Conde - Belém,BRBEL,Longo Curso,731684.857
2019,Vila do Conde - Belém,BRPA005,Interior,2007533.883
2019,Vila do Conde - Belém,BRPA005,Longo Curso,3475895.43
2019,Vila do Conde - Belém,BRPA006,Cabotagem,19000.88
2019,Vila do Conde - Belém,BRPA006,Longo Curso,1237661.44
2019,Vila do Conde - Belém,BRPA013,Interior,649733.063
2019,Vila do Conde - Belém,BRPA014,Cabotagem,34341.079
2019,Vila do Conde - Belém,BRPA014,Interior,35759.894
2019,Vila do Conde - Belém,BRPA014,Longo Curso,7191.0
2019,Vila do Conde - Belém,BRPA016,Interior,605050.0
2019,Vila do Conde - Belém,BRPA018,Interior,2462896.433
2019,Vila do Conde - Belém,BRPA018,Longo Curso,2776018.524
2019,Vila do Conde - Belém,BRPA043,Interior,3779467.025
2019,Vila do Conde - Belém,BRPA043,Longo Curso,4230757.172
2019,Vila do Conde - Belém,BRPA065,Interior,26939.874
2019,Vila do Conde - Belém,BRPA067,Interior,559626.964
2019,Vila do Conde - Belém,BRPA108,Interior,59799.583
2019,Vila do Conde - Belém,BRVDC,Apoio Portuário,87.72
2019,Vila do Conde - Belém,BRVDC,Cabotagem,4424977.947
2019,Vila do Conde - Belém,BRVDC,Interior,78494.958
2019,Vila do Conde - Belém,BRVDC,Longo Curso,9283748.447
2019,Vitória,BRES001,Cabotagem,3005965.147
2019,Vitória,BRES001,Longo Curso,73345595.085
2019,Vitória,BRES002,Longo Curso,388427.0
2019,Vitória,BRES003,Cabotagem,2290331.386
2019,Vitória,BRES003,Longo Curso,10099152.328
2019,Vitória,BRES004,Apoio Portuário,24.0
2019,Vitória,BRES004,Cabotagem,1655656.326
2019,Vitória,BRES004,Longo Curso,5401573.907
2019,Vitória,BRES005,Apoio Marítimo,582.75
2019,Vitória,BRES005,Apoio Portuário,322.106
2019,Vitória,BRES007,Cabotagem,572041.269
2019,Vitória,BRES020,Interior,267.618
2019,Vitória,BRVIX,Apoio Marítimo,81137.816
2019,Vitória,BRVIX,Apoio Portuário,345.339
2019,Vitória,BRVIX,Cabotagem,1183082.775
2019,Vitória,BRVIX,Longo Curso,5722354.932
2019,Vitória do Xingu,BRPA066,Interior,14244.841
2019,Óbidos,BRPA001,Cabotagem,7200337.0
2019,Óbidos,BRPA001,Longo Curso,4976549.0
2019,Óbidos,BRPA019,Cabotagem,5325566.0
2019,Óbidos,BRPA019,Longo Curso,1508286.0
2020,Almeirim,BRPA002,Longo Curso,115102.31
2020,Almeirim,BRPA004,Cabotagem,5008.673
2020,Almeirim,BRPA004,Longo Curso,205877.192
2020,Angra dos Reis,BRADR,Longo Curso,514.413
2020,Angra dos Reis,BRRJ009,Apoio Marítimo,261045.92
2020,Angra dos Reis,BRRJ009,Cabotagem,29575129.266
2020,Angra dos Reis,BRRJ009,Longo Curso,30413920.305
2020,Aracajú,BRSE001,Apoio Marítimo,8782.67
2020,Aracajú,BRSE001,Cabotagem,243391.748
2020,Aracajú,BRSE001,Longo Curso,459263.591
2020,Aracajú,BRSE002,Cabotagem,650172.82
2020,Aratu - Salvador,BRARB,Cabotagem,744475.204
2020,Aratu - Salvador,BRARB,Longo Curso,5363581.361
2020,Aratu - Salvador,BRBA002,Cabotagem,411234.718
2020,Aratu - Salvador,BRBA002,Longo Curso,61857.827
2020,Aratu - Salvador,BRBA003,Cabotagem,15966799.322
2020,Aratu - Salvador,BRBA003,Interior,190198.06
2020,Aratu - Salvador,BRBA003,Longo Curso,3616919.074
2020,Aratu - Salvador,BRBA006,Longo Curso,525285.868
2020,Aratu - Salvador,BRBA007,Longo Curso,4981978.494
2020,Aratu - Salvador,BRBA008,Longo Curso,63766.646
2020,Aratu - Salvador,BRBA009,Cabotagem,49731.0
2020,Aratu - Salvador,BRBA009,Longo Curso,889902.464
2020,Aratu - Salvador,BRSSA,Cabotagem,1896845.378
2020,Aratu - Salvador,BRSSA,Longo Curso,3276958.427
2020,Areia Branca,BRARE,Apoio Portuário,1901522.0
2020,Areia Branca,BRARE,Cabotagem,723548.0
2020,Areia Branca,BRARE,Longo Curso,1027859.0
2020,Areia Branca,BRRN004,Cabotagem,837761.2
2020,Areia Branca,BRRN005,Cabotagem,449498.1
2020,Areia Branca,BRRN006,Cabotagem,125626.1
2020,Barra do Riacho,BRES006,Longo Curso,8334028.225
2020,Barra do Riacho,BRES008,Cabotagem,562192.283
2020,Barra do Riacho,BRES010,Cabotagem,110158.533
2020,Barra do Riacho,BRES013,Cabotagem,1300.0
2020,Barra do Riacho,BRES013,Longo Curso,2996.055
2020,Cabedelo (Instalação Isolada),BRCDO,Cabotagem,490226.566
2020,Cabedelo (Instalação Isolada),BRCDO,Longo Curso,636746.776
2020,Coari (Instalação Isolada),BRAM009,Apoio Portuário,451.883
2020,Coari (Instalação Isolada),BRAM009,Cabotagem,313232.632
2020,Coari (Instalação Isolada),BRAM009,Interior,901140.813
2020,Corumbá,BRMS001,Longo Curso,370211.0
2020,Corumbá,BRMS002,Apoio Portuário,1436.0
2020,Corumbá,BRMS002,Interior,1650668.0
2020,Corumbá,BRMS005,Interior,4317.82
2020,Corumbá,BRMS005,Longo Curso,162115.467
2020,Ilhéus,BRBA004,Cabotagem,1753450.77
2020,Ilhéus,BRBA005,Cabotagem,1092766.0
2020,Ilhéus,BRIOS,Longo Curso,322094.816
2020,Imbituba,BRIBB,Cabotagem,770848.44
2020,Imbituba,BRIBB,Longo Curso,5097392.269
2020,Itaguaí,BRIGI,Apoio Portuário,237768.754
2020,Itaguaí,BRIGI,Cabotagem,1937979.928
2020,Itaguaí,BRIGI,Interior,211049.441
2020,Itaguaí,BRIGI,Longo Curso,43854995.488
2020,Itaguaí,BRRJ001,Longo Curso,23743666.01
2020,Itaguaí,BRRJ016,Cabotagem,1348817.0
2020,Itaguaí,BRRJ016,Longo Curso,6881274.666
2020,Itaguaí,BRRJ023,Cabotagem,413635.0
2020,Itaguaí,BRRJ023,Longo Curso,18906762.882
2020,Itaguaí,BRRJ054,Cabotagem,283.0
2020,Itaituba,BRPA038,Apoio Portuário,1733.948
2020,Itaituba,BRPA038,Interior,2394496.879
2020,Itaituba,BRPA045,Interior,5007339.656
2020,Itaituba,BRPA046,Interior,1919638.302
2020,Itaituba,BRPA064,Interior,139634.054
2020,Itaituba,BRPA091,Interior,80884.725
2020,Itaituba,BRPA153,Cabotagem,87382.45
2020,Itaituba,BRPA153,Longo Curso,32045.305
2020,Itaituba,BRPA214,Interior,142831.285
2020,Itajaí,BRITJ,Cabotagem,468828.288
2020,Itajaí,BRITJ,Longo Curso,5511091.102
2020,Itajaí,BRSC008,Cabotagem,621774.458
2020,Itajaí,BRSC008,Longo Curso,8611179.807
2020,Itajaí,BRSC012,Cabotagem,37957.097
2020,Itajaí,BRSC012,Longo Curso,24775.423
2020,Itajaí,BRSC013,Longo Curso,13559.176
2020,Itajaí,BRSC017,Cabotagem,46555.55
2020,Itaqui,BRIQI,Apoio Marítimo,236.525
2020,Itaqui,BRIQI,Cabotagem,3241616.534
2020,Itaqui,BRIQI,Longo Curso,22061855.127
2020,Itaqui,BRMA001,Cabotagem,10292233.937
2020,Itaqui,BRMA001,Longo Curso,4975792.738
2020,Itaqui,BRMA002,Cabotagem,4439255.0
2020,Itaqui,BRMA002,Longo Curso,186882538.0
2020,LDC Pederneiras (Instalação Isolada),BRSP011,Interior,966525.136
2020,Macapá,BRAP003,Interior,34096.0
2020,Macapá,BRMCP,Interior,290088.229
2020,Macapá,BRMCP,Longo Curso,1019893.866
2020,Maceió,BRAL001,Cabotagem,66842.483
2020,Maceió,BRAL001,Longo Curso,274058.019
2020,Maceió,BRMCZ,Cabotagem,356682.221
2020,Maceió,BRMCZ,Longo Curso,1489889.592
2020,Manaus,BRAM001,Interior,476289.995
2020,Manaus,BRAM003,Cabotagem,243386.197
2020,Manaus,BRAM004,Interior,2100.6
2020,Manaus,BRAM006,Cabotagem,5041340.725
2020,Manaus,BRAM006,Longo Curso,1619834.994
2020,Manaus,BRAM007,Interior,265337.048
2020,Manaus,BRAM008,Interior,442020.0
2020,Manaus,BRAM011,Cabotagem,2729440.327
2020,Manaus,BRAM011,Interior,1108395.189
2020,Manaus,BRAM011,Longo Curso,135929.539
2020,Manaus,BRAM012,Cabotagem,11106.025
2020,Manaus,BRAM012,Interior,191109.546
2020,Manaus,BRAM012,Longo Curso,650724.976
2020,Manaus,BRAM013,Longo Curso,85616.161
2020,Manaus,BRAM014,Cabotagem,9743.234
2020,Manaus,BRAM014,Interior,4406173.492
2020,Manaus,BRAM014,Longo Curso,4913183.288
2020,Manaus,BRAM015,Interior,2144.0
2020,Manaus,BRAM016,Interior,292148.052
2020,Manaus,BRAM017,Interior,651597.468
2020,Manaus,BRAM018,Interior,347.914
2020,Manaus,BRAM021,Interior,203725.256
2020,Manaus,BRAM021,Longo Curso,539333.918
2020,Manaus,BRAM025,Cabotagem,2079311.515
2020,Manaus,BRAM025,Interior,2315573.305
2020,Manaus,BRAM025,Longo Curso,45738.033
2020,Manaus,BRAM028,Interior,103469.55
2020,Manaus,BRAM029,Interior,126500.62
2020,Manaus,BRAM032,Apoio Portuário,1453.927
2020,Manaus,BRAM032,Cabotagem,580.07
2020,Manaus,BRAM032,Interior,100232.953
2020,Manaus,BRAM034,Interior,322.098
2020,Manaus,BRAM081,Interior,30.109
2020,Manaus,BRAM087,Interior,140996.53
2020,Manaus,BRAM104,Interior,242592.231
2020,Natal,BRNAT,Longo Curso,696894.718
2020,Natal,BRRN001,Apoio Portuário,9028.393
2020,Natal,BRRN001,Cabotagem,2348322.616
2020,Paranaguá - Antonina,BRANT,Longo Curso,938000.069
2020,Paranaguá - Antonina,BRPNG,Cabotagem,1853848.843
2020,Paranaguá - Antonina,BRPNG,Longo Curso,50233404.162
2020,Paranaguá - Antonina,BRPR002,Cabotagem,88394.38
2020,Paranaguá - Antonina,BRPR002,Longo Curso,3992610.123
2020,Pecém - Fortaleza,BRCE001,Cabotagem,8790951.875
2020,Pecém - Fortaleza,BRCE001,Longo Curso,7103338.988
2020,Pecém - Fortaleza,BRFOR,Apoio Marítimo,39018.241
2020,Pecém - Fortaleza,BRFOR,Cabotagem,1749444.615
2020,Pecém - Fortaleza,BRFOR,Longo Curso,3156323.501
2020,Porto Alegre,BRPOA,Cabotagem,340367.407
2020,Porto Alegre,BRPOA,Interior,459273.64
2020,Porto Alegre,BRPOA,Longo Curso,11251.88
2020,Porto Alegre,BRRS003,Interior,2221207.249
2020,Porto Alegre,BRRS003,Longo Curso,23660.153
2020,Porto Alegre,BRRS006,Interior,559772.0
2020,Porto Alegre,BRRS008,Apoio Marítimo,1275.08
2020,Porto Alegre,BRRS008,Apoio Portuário,3994.62
2020,Porto Alegre,BRRS008,Interior,272473.15
2020,Porto Alegre,BRRS009,Cabotagem,8691584.048
2020,Porto Alegre,BRRS009,Longo Curso,3291377.771
2020,Porto Alegre,BRRS010,Interior,237789.021
2020,Porto Alegre,BRRS013,Interior,2599057.954
2020,Porto Alegre,BRRS015,Interior,255625.157
2020,Porto Alegre,BRRS016,Cabotagem,18906.29
2020,Porto Alegre,BRRS016,Interior,20604.421
2020,Porto Alegre,BRRS022,Interior,315169.79
2020,Porto Alegre,BRRS028,Apoio Portuário,4749.33
2020,Porto Alegre,BRRS028,Interior,54753.02
2020,Porto Velho,BRPVH,Apoio Portuário,3700.449
2020,Porto Velho,BRPVH,Interior,2093532.747
2020,Porto Velho,BRRO002,Interior,343241.555
2020,Porto Velho,BRRO005,Interior,191175.18
2020,Porto Velho,BRRO006,Interior,1056846.946
2020,Porto Velho,BRRO007,Interior,389350.199
2020,Porto Velho,BRRO009,Interior,466155.113
2020,Porto Velho,BRRO010,Interior,267699.087
2020,Porto Velho,BRRO013,Interior,3079523.841
2020,Porto Velho,BRRO014,Interior,2459569.08
2020,Porto Velho,BRRO022,Apoio Portuário,574.066
2020,Porto Velho,BRRO022,Interior,118759.764
2020,Porto Velho,BRRO025,Interior,432759.356
2020,Rio Grande,BRPET,Interior,925348.363
2020,Rio Grande,BRRIG,Cabotagem,6768214.635
2020,Rio Grande,BRRIG,Interior,3362988.084
2020,Rio Grande,BRRIG,Longo Curso,14529935.682
2020,Rio Grande,BRRS001,Interior,422066.673
2020,Rio Grande,BRRS001,Longo Curso,2146247.758
2020,Rio Grande,BRRS002,Apoio Portuário,2511.054
2020,Rio Grande,BRRS002,Interior,624574.164
2020,Rio Grande,BRRS002,Longo Curso,4852638.97
2020,Rio Grande,BRRS005,Longo Curso,1951103.128
2020,Rio Grande,BRRS007,Interior,134746.154
2020,Rio Grande,BRRS007,Longo Curso,1836928.847
2020,Rio Grande,BRRS012,Interior,77171.0
2020,Rio de Janeiro -  Niterói,BRNTR,Apoio Marítimo,42736.07
2020,Rio de Janeiro -  Niterói,BRNTR,Apoio Portuário,131.0
2020,Rio de Janeiro -  Niterói,BRRIO,Cabotagem,1247332.993
2020,Rio de Janeiro -  Niterói,BRRIO,Longo Curso,7255365.235
2020,Rio de Janeiro -  Niterói,BRRJ003,Interior,12519.509
2020,Rio de Janeiro -  Niterói,BRRJ003,Longo Curso,249624.446
2020,Rio de Janeiro -  Niterói,BRRJ008,Cabotagem,162902.002
2020,Rio de Janeiro -  Niterói,BRRJ010,Apoio Marítimo,61528.786
2020,Rio de Janeiro -  Niterói,BRRJ010,Cabotagem,14907556.868
2020,Rio de Janeiro -  Niterói,BRRJ010,Interior,934598.581
2020,Rio de Janeiro -  Niterói,BRRJ010,Longo Curso,2212561.032
2020,Rio de Janeiro -  Niterói,BRRJ014,Apoio Marítimo,785.622
2020,Rio de Janeiro -  Niterói,BRRJ015,Longo Curso,87649.168
2020,Rio de Janeiro -  Niterói,BRRJ018,Cabotagem,16.41
2020,Rio de Janeiro -  Niterói,BRRJ018,Longo Curso,632387.558
2020,Rio de Janeiro -  Niterói,BRRJ019,Cabotagem,128165.694
2020,Rio de Janeiro -  Niterói,BRRJ019,Longo Curso,30861.523
2020,Rio de Janeiro -  Niterói,BRRJ056,Apoio Marítimo,246970.14
2020,Rio de Janeiro -  Niterói,BRRJ056,Apoio Portuário,612.2
2020,Rio de Janeiro -  Niterói,BRRJ057,Apoio Marítimo,17149.644
2020,Rio de Janeiro -  Niterói,BRRJ057,Longo Curso,187784.228
2020,Santarém,BRPA017,Interior,559851.0
2020,Santarém,BRSTM,Apoio Portuário,2055.0
2020,Santarém,BRSTM,Interior,7001080.737
2020,Santarém,BRSTM,Longo Curso,7423863.962
2020,Santos,BRSP001,Longo Curso,12834721.624
2020,Santos,BRSP002,Cabotagem,404986.607
2020,Santos,BRSP002,Longo Curso,429333.087
2020,Santos,BRSP004,Longo Curso,2489003.695
2020,Santos,BRSP005,Cabotagem,358803.0
2020,Santos,BRSP005,Longo Curso,282107.0
2020,Santos,BRSP008,Cabotagem,1989715.64
2020,Santos,BRSP008,Longo Curso,8534318.647
2020,Santos,BRSP009,Apoio Marítimo,163.0
2020,Santos,BRSSZ,Cabotagem,11131387.518
2020,Santos,BRSSZ,Longo Curso,103222347.593
2020,Sem complexo - Terminal Isolado,BRRN003,Apoio Portuário,9672.0
2020,Sem complexo - Terminal Isolado,BRRR001,Interior,30441.647
2020,Sem complexo - Terminal Isolado,BRSP023,Interior,278488.607
2020,Suape - Recife,BRREC,Cabotagem,51447.888
2020,Suape - Recife,BRREC,Longo Curso,1229906.112
2020,Suape - Recife,BRSUA,Cabotagem,17660884.885
2020,Suape - Recife,BRSUA,Longo Curso,8037698.329
2020,São Francisco do Sul,BRSC007,Cabotagem,9016867.042
2020,São Francisco do Sul,BRSC007,Longo Curso,124561.23
2020,São Francisco do Sul,BRSC011,Cabotagem,505548.303
2020,São Francisco do Sul,BRSC011,Longo Curso,7521013.479
2020,São Francisco do Sul,BRSFS,Cabotagem,2100772.867
2020,São Francisco do Sul,BRSFS,Longo Curso,9712371.788
2020,São João da Barra,BRRJ020,Longo Curso,23849335.0
2020,São João da Barra,BRRJ022,Longo Curso,671713.778
2020,São João da Barra,BRRJ025,Apoio Marítimo,18677.48
2020,São João da Barra,BRRJ025,Cabotagem,93401.376
2020,São João da Barra,BRRJ025,Longo Curso,1879.0
2020,São João da Barra,BRRJ026,Apoio Marítimo,3678.5
2020,São João da Barra,BRRJ039,Apoio Marítimo,306.7
2020,São João da Barra,BRRJ039,Cabotagem,7841.823
2020,São João da Barra,BRRJ053,Apoio Portuário,66310.913
2020,São João da Barra,BRRJ067,Cabotagem,15135668.923
2020,São João da Barra,BRRJ067,Longo Curso,14474571.44
2020,São Sebastião,BRSP006,Cabotagem,45124130.496
2020,São Sebastião,BRSP006,Longo Curso,7094383.747
2020,São Sebastião,BRSSO,Apoio Portuário,2574.021
2020,São Sebastião,BRSSO,Longo Curso,795690.699
2020,São Simão,BRGO001,Interior,967569.4
2020,Vila do Conde - Belém,BRBEL,Apoio Marítimo,5.61
2020,Vila do Conde - Belém,BRBEL,Apoio Portuário,43704.56
2020,Vila do Conde - Belém,BRBEL,Cabotagem,1195666.182
2020,Vila do Conde - Belém,BRBEL,Interior,929142.42
2020,Vila do Conde - Belém,BRBEL,Longo Curso,889691.32
2020,Vila do Conde - Belém,BRPA005,Interior,1468611.424
2020,Vila do Conde - Belém,BRPA005,Longo Curso,4431232.235
2020,Vila do Conde - Belém,BRPA006,Cabotagem,22508.85
2020,Vila do Conde - Belém,BRPA006,Longo Curso,911618.078
2020,Vila do Conde - Belém,BRPA013,Interior,863773.096
2020,Vila do Conde - Belém,BRPA014,Longo Curso,14467.296
2020,Vila do Conde - Belém,BRPA016,Interior,667194.0
2020,Vila do Conde - Belém,BRPA018,Apoio Portuário,8180.856
2020,Vila do Conde - Belém,BRPA018,Interior,2439032.03
2020,Vila do Conde - Belém,BRPA018,Longo Curso,1095094.49
2020,Vila do Conde - Belém,BRPA043,Interior,7401730.836
2020,Vila do Conde - Belém,BRPA043,Longo Curso,3353796.536
2020,Vila do Conde - Belém,BRPA065,Interior,43576.353
2020,Vila do Conde - Belém,BRPA067,Apoio Portuário,2553.717
2020,Vila do Conde - Belém,BRPA067,Interior,568402.554
2020,Vila do Conde - Belém,BRPA108,Interior,58844.001
2020,Vila do Conde - Belém,BRVDC,Apoio Marítimo,400.41
2020,Vila do Conde - Belém,BRVDC,Apoio Portuário,2121.9
2020,Vila do Conde - Belém,BRVDC,Cabotagem,5386221.89
2020,Vila do Conde - Belém,BRVDC,Interior,81297.56
2020,Vila do Conde - Belém,BRVDC,Longo Curso,9860915.26
2020,Vitória,BRES001,Cabotagem,4488597.647
2020,Vitória,BRES001,Longo Curso,51688519.333
2020,Vitória,BRES002,Longo Curso,976225.837
2020,Vitória,BRES003,Cabotagem,1186057.62
2020,Vitória,BRES003,Longo Curso,8888264.803
2020,Vitória,BRES004,Cabotagem,1664832.255
2020,Vitória,BRES004,Longo Curso,3772446.22
2020,Vitória,BRES005,Apoio Marítimo,582.877
2020,Vitória,BRES007,Cabotagem,448149.761
2020,Vitória,BRES020,Interior,178.5
2020,Vitória,BRVIX,Apoio Marítimo,48807.012
2020,Vitória,BRVIX,Cabotagem,1247523.704
2020,Vitória,BRVIX,Longo Curso,5649497.718
2020,Vitória do Xingu,BRPA066,Interior,18137.679
2020,Óbidos,BRPA001,Cabotagem,8054738.0
2020,Óbidos,BRPA001,Longo Curso,4394548.0
2020,Óbidos,BRPA019,Cabotagem,6645419.0
2020,Óbidos,BRPA019,Longo Curso,452845.0
2021,Almeirim,BRPA002,Longo Curso,125979.31
2021,Almeirim,BRPA004,Cabotagem,13003.013
2021,Almeirim,BRPA004,Longo Curso,136264.037
2021,Almeirim,BRPA208,Interior,2114.0
2021,Angra dos Reis,BRADR,Cabotagem,15000.0
2021,Angra dos Reis,BRADR,Longo Curso,3922.283
2021,Angra dos Reis,BRRJ009,Apoio Marítimo,102251.628
2021,Angra dos Reis,BRRJ009,Apoio Portuário,14919.0
2021,Angra dos Reis,BRRJ009,Cabotagem,32039979.466
2021,Angra dos Reis,BRRJ009,Longo Curso,31928445.168
2021,Angra dos Reis,BRRJ012,Longo Curso,167117.0
2021,Aracajú,BRSE001,Apoio Marítimo,25906.215
2021,Aracajú,BRSE001,Cabotagem,246853.561
2021,Aracajú,BRSE001,Longo Curso,767073.976
2021,Aracajú,BRSE002,Cabotagem,357753.888
2021,Aratu - Salvador,BRARB,Cabotagem,1097478.103
2021,Aratu - Salvador,BRARB,Longo Curso,6267769.642
2021,Aratu - Salvador,BRBA002,Cabotagem,490577.525
2021,Aratu - Salvador,BRBA002,Longo Curso,73427.579
2021,Aratu - Salvador,BRBA003,Cabotagem,13471618.024
2021,Aratu - Salvador,BRBA003,Interior,170078.182
2021,Aratu - Salvador,BRBA003,Longo Curso,2983862.767
2021,Aratu - Salvador,BRBA006,Longo Curso,297474.588
2021,Aratu - Salvador,BRBA007,Interior,32879.0
2021,Aratu - Salvador,BRBA007,Longo Curso,4669098.898
2021,Aratu - Salvador,BRBA008,Longo Curso,2069.14
2021,Aratu - Salvador,BRBA009,Apoio Marítimo,65531.827
2021,Aratu - Salvador,BRBA009,Longo Curso,1498929.615
2021,Aratu - Salvador,BRBA012,Longo Curso,427868.415
2021,Aratu - Salvador,BRSSA,Cabotagem,1970447.888
2021,Aratu - Salvador,BRSSA,Interior,7653.787
2021,Aratu - Salvador,BRSSA,Longo Curso,3604238.535
2021,Areia Branca,BRARE,Apoio Portuário,2067041.4
2021,Areia Branca,BRARE,Cabotagem,956845.0
2021,Areia Branca,BRARE,Longo Curso,1029745.0
2021,Areia Branca,BRRN004,Cabotagem,725826.7
2021,Areia Branca,BRRN005,Cabotagem,505338.2
2021,Areia Branca,BRRN006,Cabotagem,225070.1
2021,Barra do Riacho,BRES006,Longo Curso,6915844.507
2021,Barra do Riacho,BRES008,Cabotagem,497772.081
2021,Barra do Riacho,BRES010,Cabotagem,308128.609
2021,Barra do Riacho,BRES013,Longo Curso,8577.83
2021,Cabedelo (Instalação Isolada),BRCDO,Cabotagem,427953.181
2021,Cabedelo (Instalação Isolada),BRCDO,Longo Curso,879375.769
2021,Coari (Instalação Isolada),BRAM009,Cabotagem,263814.949
2021,Coari (Instalação Isolada),BRAM009,Interior,861229.503
2021,Corumbá,BRMS001,Longo Curso,1004707.0
2021,Corumbá,BRMS002,Interior,1916968.0
2021,Corumbá,BRMS005,Longo Curso,13918.795
2021,Forno,BRFNO,Cabotagem,19300.0
2021,Ilhéus,BRBA004,Cabotagem,155802.35
2021,Ilhéus,BRBA005,Cabotagem,1078706.0
2021,Ilhéus,BRIOS,Longo Curso,464591.071
2021,Imbituba,BRIBB,Cabotagem,904204.251
2021,Imbituba,BRIBB,Interior,115604.88
2021,Imbituba,BRIBB,Longo Curso,5852069.468
2021,Itaguaí,BRIGI,Apoio Portuário,298199.714
2021,Itaguaí,BRIGI,Cabotagem,1462353.511
2021,Itaguaí,BRIGI,Interior,130025.427
2021,Itaguaí,BRIGI,Longo Curso,49832665.421
2021,Itaguaí,BRRJ001,Longo Curso,26334411.862
2021,Itaguaí,BRRJ016,Cabotagem,320560.0
2021,Itaguaí,BRRJ016,Longo Curso,7200611.461
2021,Itaguaí,BRRJ023,Cabotagem,121951.0
2021,Itaguaí,BRRJ023,Longo Curso,17787261.09
2021,Itaguaí,BRRJ054,Cabotagem,5061.87
2021,Itaituba,BRPA038,Interior,2303935.346
2021,Itaituba,BRPA045,Interior,3956536.014
2021,Itaituba,BRPA046,Interior,1215371.867
2021,Itaituba,BRPA064,Interior,92008.339
2021,Itaituba,BRPA091,Interior,95248.954
2021,Itaituba,BRPA153,Cabotagem,119170.932
2021,Itaituba,BRPA214,Interior,219575.646
2021,Itaituba,BRPA230,Interior,10036.5
2021,Itaituba,BRPA248,Interior,720752.042
2021,Itajaí,BRITJ,Cabotagem,497055.54
2021,Itajaí,BRITJ,Longo Curso,5371556.396
2021,Itajaí,BRSC001,Longo Curso,81228.959
2021,Itajaí,BRSC008,Cabotagem,435108.276
2021,Itajaí,BRSC008,Longo Curso,11947376.235
2021,Itajaí,BRSC012,Cabotagem,70799.892
2021,Itajaí,BRSC012,Interior,4243.679
2021,Itajaí,BRSC012,Longo Curso,71222.863
2021,Itajaí,BRSC013,Apoio Marítimo,7663.176
2021,Itajaí,BRSC013,Longo Curso,7156.868
2021,Itajaí,BRSC017,Cabotagem,59198.938
2021,Itaqui,BRIQI,Cabotagem,4921755.326
2021,Itaqui,BRIQI,Longo Curso,26103863.613
2021,Itaqui,BRMA001,Cabotagem,9791038.87
2021,Itaqui,BRMA001,Longo Curso,4771006.817
2021,Itaqui,BRMA002,Cabotagem,4225308.455
2021,Itaqui,BRMA002,Longo Curso,178136526.525
2021,LDC Pederneiras (Instalação Isolada),BRSP011,Interior,526040.564
2021,Macapá,BRAP019,Interior,61887.687
2021,Macapá,BRMCP,Interior,324976.09
2021,Macapá,BRMCP,Longo Curso,2097802.616
2021,Maceió,BRAL001,Cabotagem,418215.301
2021,Maceió,BRAL001,Longo Curso,183820.241
2021,Maceió,BRMCZ,Cabotagem,338844.061
2021,Maceió,BRMCZ,Longo Curso,1804809.546
2021,Manaus,BRAM001,Interior,518006.27
2021,Manaus,BRAM003,Cabotagem,246981.722
2021,Manaus,BRAM004,Interior,2047.3
2021,Manaus,BRAM006,Cabotagem,5478901.22
2021,Manaus,BRAM006,Longo Curso,1808316.203
2021,Manaus,BRAM007,Interior,270958.629
2021,Manaus,BRAM008,Interior,549418.0
2021,Manaus,BRAM011,Cabotagem,2515164.299
2021,Manaus,BRAM011,Interior,1039966.223
2021,Manaus,BRAM011,Longo Curso,88817.104
2021,Manaus,BRAM012,Interior,178079.388
2021,Manaus,BRAM012,Longo Curso,844136.042
2021,Manaus,BRAM013,Longo Curso,59400.0
2021,Manaus,BRAM014,Interior,4513926.15
2021,Manaus,BRAM014,Longo Curso,4821545.631
2021,Manaus,BRAM016,Interior,362074.236
2021,Manaus,BRAM017,Interior,773340.333
2021,Manaus,BRAM018,Interior,2506.347
2021,Manaus,BRAM021,Interior,173512.526
2021,Manaus,BRAM021,Longo Curso,661842.582
2021,Manaus,BRAM025,Cabotagem,1996091.182
2021,Manaus,BRAM025,Interior,2079136.319
2021,Manaus,BRAM028,Interior,140001.0
2021,Manaus,BRAM029,Interior,165357.76
2021,Manaus,BRAM032,Interior,89445.206
2021,Manaus,BRAM034,Apoio Portuário,0.7
2021,Manaus,BRAM034,Interior,236.967
2021,Manaus,BRAM069,Interior,6.0
2021,Manaus,BRAM075,Interior,167828.658
2021,Manaus,BRAM081,Interior,37411.077
2021,Manaus,BRAM087,Interior,217476.883
2021,Manaus,BRAM087,Longo Curso,30955.215
2021,Manaus,BRAM104,Interior,193818.064
2021,Natal,BRNAT,Apoio Marítimo,48.9
2021,Natal,BRNAT,Apoio Portuário,65.5
2021,Natal,BRNAT,Cabotagem,3836.879
2021,Natal,BRNAT,Interior,11.37
2021,Natal,BRNAT,Longo Curso,610676.198
2021,Natal,BRRN001,Cabotagem,2374501.276
2021,Paranaguá - Antonina,BRANT,Cabotagem,30811.4
2021,Paranaguá - Antonina,BRANT,Longo Curso,1448770.019
2021,Paranaguá - Antonina,BRPNG,Cabotagem,2598352.257
2021,Paranaguá - Antonina,BRPNG,Longo Curso,49007675.729
2021,Paranaguá - Antonina,BRPR002,Cabotagem,59027.012
2021,Paranaguá - Antonina,BRPR002,Longo Curso,4028926.296
2021,Pecém - Fortaleza,BRCE001,Cabotagem,12169194.249
2021,Pecém - Fortaleza,BRCE001,Longo Curso,10231008.128
2021,Pecém - Fortaleza,BRFOR,Cabotagem,2166376.854
2021,Pecém - Fortaleza,BRFOR,Longo Curso,2707601.938
2021,Porto Alegre,BRPOA,Cabotagem,292319.966
2021,Porto Alegre,BRPOA,Interior,798740.403
2021,Porto Alegre,BRPOA,Longo Curso,10587.04
2021,Porto Alegre,BRRS003,Cabotagem,18273.847
2021,Porto Alegre,BRRS003,Interior,2879595.72
2021,Porto Alegre,BRRS003,Longo Curso,28962.938
2021,Porto Alegre,BRRS006,Interior,600738.0
2021,Porto Alegre,BRRS008,Interior,206575.03
2021,Porto Alegre,BRRS009,Cabotagem,8625606.112
2021,Porto Alegre,BRRS009,Longo Curso,5017606.86
2021,Porto Alegre,BRRS010,Interior,187036.588
2021,Porto Alegre,BRRS013,Interior,3198925.532
2021,Porto Alegre,BRRS014,Cabotagem,5502.645
2021,Porto Alegre,BRRS014,Interior,2156.974
2021,Porto Alegre,BRRS015,Interior,501705.149
2021,Porto Alegre,BRRS016,Cabotagem,5090.895
2021,Porto Alegre,BRRS016,Interior,36503.16
2021,Porto Alegre,BRRS022,Interior,268510.115
2021,Porto Alegre,BRRS030,Interior,69003.683
2021,Porto Murtinho,BRMS011,Longo Curso,218140.663
2021,Porto Velho,BRPVH,Apoio Portuário,2284.685
2021,Porto Velho,BRPVH,Interior,1804827.745
2021,Porto Velho,BRPVH,Longo Curso,12339.7
2021,Porto Velho,BRRO002,Interior,379178.061
2021,Porto Velho,BRRO003,Interior,45066.116
2021,Porto Velho,BRRO005,Interior,202878.475
2021,Porto Velho,BRRO006,Interior,764947.975
2021,Porto Velho,BRRO007,Interior,421923.07
2021,Porto Velho,BRRO009,Interior,595244.598
2021,Porto Velho,BRRO010,Interior,326708.261
2021,Porto Velho,BRRO011,Interior,7548.581
2021,Porto Velho,BRRO013,Apoio Portuário,2047.24
2021,Porto Velho,BRRO013,Interior,2848639.503
2021,Porto Velho,BRRO014,Interior,2104713.107
2021,Porto Velho,BRRO022,Apoio Portuário,561.438
2021,Porto Velho,BRRO022,Interior,89621.687
2021,Porto Velho,BRRO025,Interior,326500.563
2021,Porto Velho,BRRO030,Interior,62345.99
2021,Rio Grande,BRPET,Interior,1128865.115
2021,Rio Grande,BRRIG,Cabotagem,8421896.212
2021,Rio Grande,BRRIG,Interior,3593816.525
2021,Rio Grande,BRRIG,Longo Curso,16175379.396
2021,Rio Grande,BRRS001,Interior,403508.069
2021,Rio Grande,BRRS001,Longo Curso,2631734.259
2021,Rio Grande,BRRS002,Apoio Portuário,2298.516
2021,Rio Grande,BRRS002,Interior,664818.579
2021,Rio Grande,BRRS002,Longo Curso,6426346.476
2021,Rio Grande,BRRS005,Longo Curso,2639116.06
2021,Rio Grande,BRRS007,Interior,282511.002
2021,Rio Grande,BRRS007,Longo Curso,2523149.817
2021,Rio Grande,BRRS012,Interior,231269.0
2021,Rio de Janeiro -  Niterói,BRNTR,Apoio Marítimo,76419.699
2021,Rio de Janeiro -  Niterói,BRRIO,Apoio Portuário,43398.664
2021,Rio de Janeiro -  Niterói,BRRIO,Cabotagem,2307934.898
2021,Rio de Janeiro -  Niterói,BRRIO,Interior,448379.345
2021,Rio de Janeiro -  Niterói,BRRIO,Longo Curso,7740754.974
2021,Rio de Janeiro -  Niterói,BRRJ003,Longo Curso,197585.575
2021,Rio de Janeiro -  Niterói,BRRJ008,Cabotagem,151882.85
2021,Rio de Janeiro -  Niterói,BRRJ008,Longo Curso,24035.729
2021,Rio de Janeiro -  Niterói,BRRJ010,Cabotagem,17594104.379
2021,Rio de Janeiro -  Niterói,BRRJ010,Interior,959066.007
2021,Rio de Janeiro -  Niterói,BRRJ010,Longo Curso,3285229.67
2021,Rio de Janeiro -  Niterói,BRRJ011,Apoio Portuário,1258.996
2021,Rio de Janeiro -  Niterói,BRRJ014,Apoio Marítimo,477.983
2021,Rio de Janeiro -  Niterói,BRRJ014,Apoio Portuário,44.106
2021,Rio de Janeiro -  Niterói,BRRJ015,Longo Curso,120025.218
2021,Rio de Janeiro -  Niterói,BRRJ018,Cabotagem,59455.666
2021,Rio de Janeiro -  Niterói,BRRJ018,Longo Curso,3676138.038
2021,Rio de Janeiro -  Niterói,BRRJ019,Cabotagem,133229.389
2021,Rio de Janeiro -  Niterói,BRRJ019,Longo Curso,30827.023
2021,Rio de Janeiro -  Niterói,BRRJ056,Apoio Marítimo,168835.4
2021,Rio de Janeiro -  Niterói,BRRJ057,Apoio Marítimo,21321.578
2021,Rio de Janeiro -  Niterói,BRRJ057,Longo Curso,131715.368
2021,Santarém,BRPA017,Interior,531335.0
2021,Santarém,BRPA028,Interior,61828.107
2021,Santarém,BRPA237,Interior,78423.569
2021,Santarém,BRSTM,Apoio Marítimo,1110.96
2021,Santarém,BRSTM,Apoio Portuário,29479.51
2021,Santarém,BRSTM,Interior,4814126.098
2021,Santarém,BRSTM,Longo Curso,5697650.759
2021,Santos,BRSP001,Longo Curso,11866281.721
2021,Santos,BRSP002,Cabotagem,899192.209
2021,Santos,BRSP002,Longo Curso,682588.451
2021,Santos,BRSP004,Longo Curso,2478764.883
2021,Santos,BRSP005,Apoio Marítimo,5143.0
2021,Santos,BRSP005,Cabotagem,402044.0
2021,Santos,BRSP005,Longo Curso,146575.0
2021,Santos,BRSP008,Cabotagem,2157110.35
2021,Santos,BRSP008,Longo Curso,10100797.287
2021,Santos,BRSP009,Apoio Marítimo,99.68
2021,Santos,BRSSZ,Cabotagem,12237147.065
2021,Santos,BRSSZ,Longo Curso,101042389.908
2021,Sem complexo - Terminal Isolado,BRAM079,Apoio Portuário,2440.01
2021,Sem complexo - Terminal Isolado,BRAM079,Interior,381691.031
2021,Sem complexo - Terminal Isolado,BRRN003,Apoio Marítimo,1801.5
2021,Sem complexo - Terminal Isolado,BRRN003,Apoio Portuário,155066.9
2021,Sem complexo - Terminal Isolado,BRRR001,Interior,24513.48
2021,Sem complexo - Terminal Isolado,BRSP023,Interior,102704.503
2021,Suape - Recife,BRREC,Cabotagem,29337.682
2021,Suape - Recife,BRREC,Longo Curso,1265266.699
2021,Suape - Recife,BRSUA,Cabotagem,14884872.536
2021,Suape - Recife,BRSUA,Longo Curso,7194535.26
2021,São Francisco do Sul,BRSC007,Cabotagem,8459481.6
2021,São Francisco do Sul,BRSC007,Longo Curso,923721.36
2021,São Francisco do Sul,BRSC011,Cabotagem,29481.493
2021,São Francisco do Sul,BRSC011,Longo Curso,8664317.854
2021,São Francisco do Sul,BRSFS,Cabotagem,2579996.646
2021,São Francisco do Sul,BRSFS,Longo Curso,10829223.939
2021,São João da Barra,BRRJ020,Longo Curso,23142133.0
2021,São João da Barra,BRRJ022,Longo Curso,1496004.385
2021,São João da Barra,BRRJ025,Apoio Marítimo,7289.263
2021,São João da Barra,BRRJ025,Apoio Portuário,46.0
2021,São João da Barra,BRRJ025,Cabotagem,14164.999
2021,São João da Barra,BRRJ025,Interior,99.65
2021,São João da Barra,BRRJ026,Apoio Marítimo,112.0
2021,São João da Barra,BRRJ039,Apoio Marítimo,276.0
2021,São João da Barra,BRRJ039,Cabotagem,3089.718
2021,São João da Barra,BRRJ051,Apoio Portuário,124688.259
2021,São João da Barra,BRRJ051,Interior,3607.087
2021,São João da Barra,BRRJ067,Cabotagem,16878066.56
2021,São João da Barra,BRRJ067,Longo Curso,15764495.56
2021,São João da Barra,BRRJ074,Longo Curso,249553.612
2021,São João da Barra,BRRJ078,Apoio Marítimo,215.45
2021,São João da Barra,BRRJ078,Apoio Portuário,8.8
2021,São Sebastião,BRSP006,Cabotagem,48762457.328
2021,São Sebastião,BRSP006,Longo Curso,5707105.69
2021,São Sebastião,BRSSO,Apoio Portuário,1255.309
2021,São Sebastião,BRSSO,Longo Curso,685157.374
2021,São Simão,BRGO001,Interior,530259.822
2021,São Simão,BRGO009,Interior,159504.408
2021,São Simão,BRGO010,Interior,102704.503
2021,Vila do Conde - Belém,BRBEL,Apoio Marítimo,297.46
2021,Vila do Conde - Belém,BRBEL,Apoio Portuário,13482.18
2021,Vila do Conde - Belém,BRBEL,Cabotagem,1455293.297
2021,Vila do Conde - Belém,BRBEL,Interior,942816.768
2021,Vila do Conde - Belém,BRBEL,Longo Curso,785698.168
2021,Vila do Conde - Belém,BRPA005,Interior,207689.98
2021,Vila do Conde - Belém,BRPA005,Longo Curso,3363164.75
2021,Vila do Conde - Belém,BRPA006,Cabotagem,18039.32
2021,Vila do Conde - Belém,BRPA006,Longo Curso,766461.73
2021,Vila do Conde - Belém,BRPA013,Interior,951985.741
2021,Vila do Conde - Belém,BRPA014,Longo Curso,7092.261
2021,Vila do Conde - Belém,BRPA016,Interior,840507.0
2021,Vila do Conde - Belém,BRPA018,Apoio Portuário,2136.308
2021,Vila do Conde - Belém,BRPA018,Interior,2167049.389
2021,Vila do Conde - Belém,BRPA018,Longo Curso,3200206.092
2021,Vila do Conde - Belém,BRPA043,Apoio Marítimo,12000.0
2021,Vila do Conde - Belém,BRPA043,Interior,3807261.677
2021,Vila do Conde - Belém,BRPA043,Longo Curso,5317374.804
2021,Vila do Conde - Belém,BRPA061,Interior,490.881
2021,Vila do Conde - Belém,BRPA065,Interior,50822.875
2021,Vila do Conde - Belém,BRPA067,Apoio Portuário,2545.56
2021,Vila do Conde - Belém,BRPA067,Interior,426812.391
2021,Vila do Conde - Belém,BRPA108,Interior,66145.471
2021,Vila do Conde - Belém,BRVDC,Apoio Marítimo,200.01
2021,Vila do Conde - Belém,BRVDC,Apoio Portuário,2062.58
2021,Vila do Conde - Belém,BRVDC,Cabotagem,5759153.37
2021,Vila do Conde - Belém,BRVDC,Interior,136081.79
2021,Vila do Conde - Belém,BRVDC,Longo Curso,10521533.66
2021,Vitória,BRES001,Cabotagem,2653425.022
2021,Vitória,BRES001,Longo Curso,61486489.589
2021,Vitória,BRES002,Cabotagem,388521.0
2021,Vitória,BRES002,Longo Curso,7354015.052
2021,Vitória,BRES003,Cabotagem,931275.0
2021,Vitória,BRES003,Longo Curso,11223825.583
2021,Vitória,BRES004,Cabotagem,1882346.159
2021,Vitória,BRES004,Longo Curso,4810645.419
2021,Vitória,BRES005,Apoio Marítimo,4080.961
2021,Vitória,BRES007,Cabotagem,510650.449
2021,Vitória,BRES020,Interior,287.83
2021,Vitória,BRES023,Apoio Marítimo,5.0
2021,Vitória,BRVIX,Apoio Marítimo,53645.094
2021,Vitória,BRVIX,Cabotagem,1344904.464
2021,Vitória,BRVIX,Longo Curso,6816141.855
2021,Vitória do Xingu,BRPA066,Interior,3949.309
2021,Óbidos,BRPA001,Apoio Portuário,50923.0
2021,Óbidos,BRPA001,Cabotagem,7805714.0
2021,Óbidos,BRPA001,Longo Curso,4397442.0
2021,Óbidos,BRPA019,Cabotagem,5977862.0
2021,Óbidos,BRPA019,Longo Curso,804305.0
2022,Almeirim,BRPA002,Longo Curso,96106.22
2022,Almeirim,BRPA004,Longo Curso,75847.047
2022,Almeirim,BRPA208,Interior,23192.986
2022,Angra dos Reis,BRADR,Cabotagem,17307.937
2022,Angra dos Reis,BRADR,Longo Curso,10892.789
2022,Angra dos Reis,BRRJ009,Apoio Marítimo,150581.268
2022,Angra dos Reis,BRRJ009,Cabotagem,31794009.012
2022,Angra dos Reis,BRRJ009,Longo Curso,27842374.873
2022,Aracajú,BRSE001,Apoio Marítimo,5919.249
2022,Aracajú,BRSE001,Apoio Portuário,2.57
2022,Aracajú,BRSE001,Cabotagem,267845.355
2022,Aracajú,BRSE001,Longo Curso,803050.158
2022,Aracajú,BRSE002,Cabotagem,199335.107
2022,Aratu - Salvador,BRARB,Apoio Portuário,0.241
2022,Aratu - Salvador,BRARB,Cabotagem,1598507.515
2022,Aratu - Salvador,BRARB,Longo Curso,5394897.044
2022,Aratu - Salvador,BRBA002,Cabotagem,464199.37
2022,Aratu - Salvador,BRBA002,Longo Curso,59557.444
2022,Aratu - Salvador,BRBA003,Cabotagem,12851615.171
2022,Aratu - Salvador,BRBA003,Interior,7126.139
2022,Aratu - Salvador,BRBA003,Longo Curso,7069933.403
2022,Aratu - Salvador,BRBA006,Longo Curso,256884.604
2022,Aratu - Salvador,BRBA007,Interior,37296.366
2022,Aratu - Salvador,BRBA007,Longo Curso,5764701.499
2022,Aratu - Salvador,BRBA009,Longo Curso,882586.772
2022,Aratu - Salvador,BRBA012,Longo Curso,766076.965
2022,Aratu - Salvador,BRSSA,Cabotagem,2055816.425
2022,Aratu - Salvador,BRSSA,Longo Curso,2880751.712
2022,Areia Branca,BRARE,Apoio Portuário,2167928.6
2022,Areia Branca,BRARE,Cabotagem,695486.1
2022,Areia Branca,BRARE,Longo Curso,1490645.0
2022,Areia Branca,BRRN004,Apoio Marítimo,1025.5
2022,Areia Branca,BRRN004,Cabotagem,785668.6
2022,Areia Branca,BRRN005,Cabotagem,595631.5
2022,Areia Branca,BRRN006,Cabotagem,265094.0
2022,Barra do Riacho,BRES006,Longo Curso,7289491.951
2022,Barra do Riacho,BRES008,Cabotagem,389081.459
2022,Barra do Riacho,BRES010,Cabotagem,184601.931
2022,Barra do Riacho,BRES013,Longo Curso,4337.961
2022,Cabedelo (Instalação Isolada),BRCDO,Cabotagem,341518.764
2022,Cabedelo (Instalação Isolada),BRCDO,Longo Curso,853878.821
2022,Coari (Instalação Isolada),BRAM009,Cabotagem,239796.021
2022,Coari (Instalação Isolada),BRAM009,Interior,781796.17
2022,Corumbá,BRMS001,Longo Curso,1380242.0
2022,Corumbá,BRMS002,Interior,2869206.0
2022,Ilhéus,BRBA005,Cabotagem,1129496.0
2022,Ilhéus,BRIOS,Longo Curso,403900.166
2022,Imbituba,BRIBB,Apoio Marítimo,21236.14
2022,Imbituba,BRIBB,Cabotagem,914620.812
2022,Imbituba,BRIBB,Interior,36125.14
2022,Imbituba,BRIBB,Longo Curso,6149474.745
2022,Itaguaí,BRIGI,Apoio Portuário,88655.953
2022,Itaguaí,BRIGI,Cabotagem,1281138.427
2022,Itaguaí,BRIGI,Interior,33294.876
2022,Itaguaí,BRIGI,Longo Curso,49216374.102
2022,Itaguaí,BRRJ001,Longo Curso,27659232.0
2022,Itaguaí,BRRJ016,Cabotagem,301986.607
2022,Itaguaí,BRRJ016,Longo Curso,7601267.493
2022,Itaguaí,BRRJ023,Cabotagem,134173.194
2022,Itaguaí,BRRJ023,Longo Curso,18392770.591
2022,Itaguaí,BRRJ054,Cabotagem,529.41
2022,Itaituba,BRPA038,Apoio Portuário,1971.57
2022,Itaituba,BRPA038,Interior,3027387.702
2022,Itaituba,BRPA045,Interior,5480449.848
2022,Itaituba,BRPA045,Longo Curso,133769.755
2022,Itaituba,BRPA046,Interior,2005802.805
2022,Itaituba,BRPA064,Interior,5567.877
2022,Itaituba,BRPA091,Interior,137952.953
2022,Itaituba,BRPA153,Cabotagem,127047.336
2022,Itaituba,BRPA214,Interior,248134.586
2022,Itaituba,BRPA230,Interior,125025.239
2022,Itaituba,BRPA246,Interior,41574.55
2022,Itaituba,BRPA248,Interior,2117609.785
2022,Itaituba,BRPA249,Interior,624345.028
2022,Itajaí,BRITJ,Cabotagem,4495.358
2022,Itajaí,BRITJ,Longo Curso,4044191.147
2022,Itajaí,BRSC001,Longo Curso,83833.847
2022,Itajaí,BRSC008,Cabotagem,323884.747
2022,Itajaí,BRSC008,Longo Curso,12333996.733
2022,Itajaí,BRSC012,Cabotagem,75487.021
2022,Itajaí,BRSC012,Longo Curso,154011.17
2022,Itajaí,BRSC013,Longo Curso,60124.165
2022,Itajaí,BRSC017,Cabotagem,30609.341
2022,Itaqui,BRIQI,Cabotagem,4102052.82
2022,Itaqui,BRIQI,Longo Curso,29467656.769
2022,Itaqui,BRMA001,Cabotagem,10221412.4
2022,Itaqui,BRMA001,Longo Curso,4842185.357
2022,Itaqui,BRMA002,Cabotagem,3788176.0
2022,Itaqui,BRMA002,Longo Curso,164207007.325
2022,LDC Pederneiras (Instalação Isolada),BRSP011,Apoio Portuário,1140.644
2022,LDC Pederneiras (Instalação Isolada),BRSP011,Interior,416483.863
2022,Macapá,BRAP019,Apoio Portuário,906.534
2022,Macapá,BRAP019,Interior,106158.849
2022,Macapá,BRMCP,Interior,637692.001
2022,Macapá,BRMCP,Longo Curso,1808188.618
2022,Maceió,BRAL001,Cabotagem,501066.434
2022,Maceió,BRAL001,Longo Curso,61045.655
2022,Maceió,BRMCZ,Cabotagem,461257.507
2022,Maceió,BRMCZ,Longo Curso,1888949.109
2022,Manaus,BRAM001,Interior,557100.308
2022,Manaus,BRAM003,Cabotagem,243799.265
2022,Manaus,BRAM004,Interior,2519.1
2022,Manaus,BRAM006,Cabotagem,4416184.633
2022,Manaus,BRAM006,Longo Curso,1957664.947
2022,Manaus,BRAM007,Interior,270822.87
2022,Manaus,BRAM008,Interior,498027.0
2022,Manaus,BRAM011,Cabotagem,2824324.769
2022,Manaus,BRAM011,Interior,870894.47
2022,Manaus,BRAM011,Longo Curso,96903.481
2022,Manaus,BRAM012,Interior,111275.417
2022,Manaus,BRAM012,Longo Curso,916164.961
2022,Manaus,BRAM013,Longo Curso,73725.0
2022,Manaus,BRAM014,Apoio Marítimo,136364.169
2022,Manaus,BRAM014,Interior,4760657.402
2022,Manaus,BRAM014,Longo Curso,5101212.616
2022,Manaus,BRAM016,Interior,433138.077
2022,Manaus,BRAM017,Interior,678699.92
2022,Manaus,BRAM018,Interior,413.363
2022,Manaus,BRAM021,Apoio Portuário,767.996
2022,Manaus,BRAM021,Interior,178544.034
2022,Manaus,BRAM021,Longo Curso,286856.133
2022,Manaus,BRAM025,Apoio Portuário,2120.262
2022,Manaus,BRAM025,Cabotagem,1907058.276
2022,Manaus,BRAM025,Interior,2039802.633
2022,Manaus,BRAM025,Longo Curso,74885.635
2022,Manaus,BRAM028,Interior,97013.89
2022,Manaus,BRAM029,Interior,187708.441
2022,Manaus,BRAM032,Interior,92060.91
2022,Manaus,BRAM034,Interior,9435.2
2022,Manaus,BRAM069,Interior,69.0
2022,Manaus,BRAM075,Interior,96847.361
2022,Manaus,BRAM081,Interior,35926.907
2022,Manaus,BRAM087,Cabotagem,27946.501
2022,Manaus,BRAM087,Interior,79112.724
2022,Manaus,BRAM088,Interior,102178.188
2022,Manaus,BRAM104,Interior,39252.711
2022,Manaus,BRAM155,Interior,167187.198
2022,Natal,BRNAT,Cabotagem,8439.418
2022,Natal,BRNAT,Longo Curso,651845.542
2022,Natal,BRRN001,Cabotagem,2154375.931
2022,Paranaguá - Antonina,BRANT,Cabotagem,29569.88
2022,Paranaguá - Antonina,BRANT,Longo Curso,1269152.502
2022,Paranaguá - Antonina,BRPNG,Cabotagem,2612880.757
2022,Paranaguá - Antonina,BRPNG,Longo Curso,49402123.023
2022,Paranaguá - Antonina,BRPR002,Cabotagem,393589.281
2022,Paranaguá - Antonina,BRPR002,Longo Curso,4447950.003
2022,Pecém - Fortaleza,BRCE001,Cabotagem,10504680.005
2022,Pecém - Fortaleza,BRCE001,Longo Curso,6432689.071
2022,Pecém - Fortaleza,BRFOR,Cabotagem,1900898.283
2022,Pecém - Fortaleza,BRFOR,Longo Curso,2353898.227
2022,Porto Alegre,BRPOA,Cabotagem,223207.685
2022,Porto Alegre,BRPOA,Interior,536698.351
2022,Porto Alegre,BRPOA,Longo Curso,25857.368
2022,Porto Alegre,BRRS003,Cabotagem,1599.581
2022,Porto Alegre,BRRS003,Interior,973270.35
2022,Porto Alegre,BRRS003,Longo Curso,33355.402
2022,Porto Alegre,BRRS006,Interior,452230.0
2022,Porto Alegre,BRRS008,Interior,129331.57
2022,Porto Alegre,BRRS009,Cabotagem,7364004.536
2022,Porto Alegre,BRRS009,Longo Curso,3623729.05
2022,Porto Alegre,BRRS010,Interior,210743.477
2022,Porto Alegre,BRRS013,Interior,3130912.015
2022,Porto Alegre,BRRS014,Cabotagem,1556.205
2022,Porto Alegre,BRRS015,Interior,243254.74
2022,Porto Alegre,BRRS016,Cabotagem,2585.823
2022,Porto Alegre,BRRS016,Interior,54730.009
2022,Porto Alegre,BRRS022,Interior,62170.291
2022,Porto Alegre,BRRS030,Interior,386277.864
2022,Porto Murtinho,BRMS011,Longo Curso,331852.198
2022,Porto Velho,BRPVH,Interior,1608083.079
2022,Porto Velho,BRPVH,Longo Curso,16665.189
2022,Porto Velho,BRRO002,Interior,357769.335
2022,Porto Velho,BRRO003,Interior,81126.505
2022,Porto Velho,BRRO005,Interior,208333.554
2022,Porto Velho,BRRO006,Interior,979510.75
2022,Porto Velho,BRRO007,Interior,280231.134
2022,Porto Velho,BRRO009,Interior,460566.729
2022,Porto Velho,BRRO010,Interior,279907.477
2022,Porto Velho,BRRO011,Interior,20689.5
2022,Porto Velho,BRRO013,Interior,3194158.578
2022,Porto Velho,BRRO014,Interior,1777385.644
2022,Porto Velho,BRRO022,Apoio Portuário,1823.503
2022,Porto Velho,BRRO022,Interior,98445.35
2022,Porto Velho,BRRO025,Interior,263156.721
2022,Porto Velho,BRRO030,Interior,260653.473
2022,Rio Grande,BRPET,Interior,926816.487
2022,Rio Grande,BRRIG,Cabotagem,7371105.451
2022,Rio Grande,BRRIG,Interior,3629812.249
2022,Rio Grande,BRRIG,Longo Curso,13174510.517
2022,Rio Grande,BRRS001,Cabotagem,1500.367
2022,Rio Grande,BRRS001,Interior,312215.95
2022,Rio Grande,BRRS001,Longo Curso,2142509.134
2022,Rio Grande,BRRS002,Interior,543875.104
2022,Rio Grande,BRRS002,Longo Curso,5708333.989
2022,Rio Grande,BRRS005,Longo Curso,1679323.251
2022,Rio Grande,BRRS007,Interior,117968.14
2022,Rio Grande,BRRS007,Longo Curso,1381349.476
2022,Rio Grande,BRRS012,Cabotagem,4043.0
2022,Rio Grande,BRRS012,Interior,159385.0
2022,Rio de Janeiro -  Niterói,BRNTR,Apoio Marítimo,64572.56
2022,Rio de Janeiro -  Niterói,BRNTR,Cabotagem,1867.0
2022,Rio de Janeiro -  Niterói,BRRIO,Cabotagem,3371928.647
2022,Rio de Janeiro -  Niterói,BRRIO,Longo Curso,7914337.795
2022,Rio de Janeiro -  Niterói,BRRJ003,Apoio Marítimo,10449.424
2022,Rio de Janeiro -  Niterói,BRRJ003,Longo Curso,152052.143
2022,Rio de Janeiro -  Niterói,BRRJ008,Apoio Portuário,196.624
2022,Rio de Janeiro -  Niterói,BRRJ008,Cabotagem,168258.26
2022,Rio de Janeiro -  Niterói,BRRJ008,Longo Curso,2565.461
2022,Rio de Janeiro -  Niterói,BRRJ010,Cabotagem,13927616.309
2022,Rio de Janeiro -  Niterói,BRRJ010,Interior,1111512.2
2022,Rio de Janeiro -  Niterói,BRRJ010,Longo Curso,2118421.446
2022,Rio de Janeiro -  Niterói,BRRJ014,Apoio Marítimo,1630.675
2022,Rio de Janeiro -  Niterói,BRRJ015,Longo Curso,122278.027
2022,Rio de Janeiro -  Niterói,BRRJ018,Cabotagem,2345.002
2022,Rio de Janeiro -  Niterói,BRRJ018,Longo Curso,543884.639
2022,Rio de Janeiro -  Niterói,BRRJ019,Cabotagem,96956.856
2022,Rio de Janeiro -  Niterói,BRRJ019,Longo Curso,26409.979
2022,Rio de Janeiro -  Niterói,BRRJ027,Apoio Portuário,44.0
2022,Rio de Janeiro -  Niterói,BRRJ027,Cabotagem,44.0
2022,Rio de Janeiro -  Niterói,BRRJ027,Interior,88.0
2022,Rio de Janeiro -  Niterói,BRRJ056,Apoio Marítimo,31269.0
2022,Rio de Janeiro -  Niterói,BRRJ057,Apoio Marítimo,24302.923
2022,Rio de Janeiro -  Niterói,BRRJ057,Cabotagem,43894.84
2022,Rio de Janeiro -  Niterói,BRRJ057,Longo Curso,73204.346
2022,Rio de Janeiro -  Niterói,BRRJ080,Apoio Marítimo,23.027
2022,Santarém,BRPA017,Interior,477946.0
2022,Santarém,BRPA028,Interior,33580.025
2022,Santarém,BRPA237,Interior,184858.575
2022,Santarém,BRPA297,Interior,2764.669
2022,Santarém,BRSTM,Apoio Portuário,4.05
2022,Santarém,BRSTM,Interior,6056147.592
2022,Santarém,BRSTM,Longo Curso,7178762.74
2022,Santos,BRSP001,Longo Curso,11936520.74
2022,Santos,BRSP002,Cabotagem,907267.229
2022,Santos,BRSP002,Longo Curso,220494.015
2022,Santos,BRSP004,Longo Curso,2606316.295
2022,Santos,BRSP005,Apoio Marítimo,1802.0
2022,Santos,BRSP005,Cabotagem,440865.0
2022,Santos,BRSP005,Longo Curso,87072.0
2022,Santos,BRSP008,Cabotagem,2288727.601
2022,Santos,BRSP008,Longo Curso,11122307.685
2022,Santos,BRSP009,Apoio Marítimo,488.492
2022,Santos,BRSSZ,Cabotagem,12677055.932
2022,Santos,BRSSZ,Longo Curso,113539580.652
2022,Sem complexo - Terminal Isolado,BRAM079,Interior,467543.94
2022,Sem complexo - Terminal Isolado,BRRN003,Apoio Portuário,97146.85
2022,Sem complexo - Terminal Isolado,BRRR001,Interior,21185.748
2022,Suape - Recife,BRREC,Cabotagem,36483.731
2022,Suape - Recife,BRREC,Longo Curso,1136935.174
2022,Suape - Recife,BRSUA,Cabotagem,17501334.866
2022,Suape - Recife,BRSUA,Longo Curso,7225015.022
2022,São Francisco do Sul,BRSC007,Cabotagem,7733018.82
2022,São Francisco do Sul,BRSC007,Longo Curso,932360.23
2022,São Francisco do Sul,BRSC011,Cabotagem,22566.806
2022,São Francisco do Sul,BRSC011,Longo Curso,9754981.364
2022,São Francisco do Sul,BRSFS,Cabotagem,2200350.096
2022,São Francisco do Sul,BRSFS,Longo Curso,10450642.384
2022,São João da Barra,BRRJ020,Longo Curso,21419893.0
2022,São João da Barra,BRRJ022,Cabotagem,38700.0
2022,São João da Barra,BRRJ022,Longo Curso,1524264.37
2022,São João da Barra,BRRJ025,Apoio Marítimo,18150.891
2022,São João da Barra,BRRJ025,Cabotagem,21354.243
2022,São João da Barra,BRRJ025,Longo Curso,896.0
2022,São João da Barra,BRRJ026,Apoio Marítimo,11258.72
2022,São João da Barra,BRRJ039,Apoio Marítimo,10634.341
2022,São João da Barra,BRRJ039,Apoio Portuário,7651.906
2022,São João da Barra,BRRJ039,Cabotagem,2543.474
2022,São João da Barra,BRRJ051,Apoio Portuário,225043.922
2022,São João da Barra,BRRJ053,Cabotagem,10.0
2022,São João da Barra,BRRJ067,Cabotagem,21500125.013
2022,São João da Barra,BRRJ067,Longo Curso,21861576.033
2022,São João da Barra,BRRJ074,Longo Curso,128308.41
2022,São João da Barra,BRRJ078,Apoio Marítimo,1918.75
2022,São João da Barra,BRRJ078,Apoio Portuário,28.25
2022,São Sebastião,BRSP006,Cabotagem,52293576.473
2022,São Sebastião,BRSP006,Longo Curso,6602427.974
2022,São Sebastião,BRSSO,Apoio Portuário,1330.297
2022,São Sebastião,BRSSO,Longo Curso,903474.821
2022,São Simão,BRGO001,Interior,417268.116
2022,São Simão,BRGO009,Interior,215873.081
2022,Tomé Açu,BRPA034,Interior,51842.55
2022,Vila do Conde - Belém,BRBEL,Apoio Marítimo,848.2
2022,Vila do Conde - Belém,BRBEL,Apoio Portuário,11196.881
2022,Vila do Conde - Belém,BRBEL,Cabotagem,1370520.52
2022,Vila do Conde - Belém,BRBEL,Interior,909998.31
2022,Vila do Conde - Belém,BRBEL,Longo Curso,779845.399
2022,Vila do Conde - Belém,BRPA005,Interior,169025.64
2022,Vila do Conde - Belém,BRPA005,Longo Curso,4714789.299
2022,Vila do Conde - Belém,BRPA006,Longo Curso,957746.15
2022,Vila do Conde - Belém,BRPA013,Interior,987463.473
2022,Vila do Conde - Belém,BRPA014,Interior,49896.74
2022,Vila do Conde - Belém,BRPA014,Longo Curso,9008.64
2022,Vila do Conde - Belém,BRPA016,Interior,1912078.0
2022,Vila do Conde - Belém,BRPA018,Apoio Portuário,9641.586
2022,Vila do Conde - Belém,BRPA018,Interior,2983796.362
2022,Vila do Conde - Belém,BRPA018,Longo Curso,4064767.256
2022,Vila do Conde - Belém,BRPA043,Interior,5667952.824
2022,Vila do Conde - Belém,BRPA043,Longo Curso,7573426.546
2022,Vila do Conde - Belém,BRPA061,Interior,621.309
2022,Vila do Conde - Belém,BRPA065,Interior,81073.478
2022,Vila do Conde - Belém,BRPA065,Longo Curso,1795.679
2022,Vila do Conde - Belém,BRPA067,Interior,401644.884
2022,Vila do Conde - Belém,BRPA108,Interior,65434.658
2022,Vila do Conde - Belém,BRVDC,Apoio Marítimo,350.29
2022,Vila do Conde - Belém,BRVDC,Apoio Portuário,58439.19
2022,Vila do Conde - Belém,BRVDC,Cabotagem,5296473.29
2022,Vila do Conde - Belém,BRVDC,Interior,306537.102
2022,Vila do Conde - Belém,BRVDC,Longo Curso,12231745.61
2022,Vitória,BRES001,Cabotagem,2844084.188
2022,Vitória,BRES001,Longo Curso,65132998.011
2022,Vitória,BRES002,Cabotagem,273873.0
2022,Vitória,BRES002,Longo Curso,8061011.574
2022,Vitória,BRES003,Cabotagem,1011680.0
2022,Vitória,BRES003,Longo Curso,10006985.996
2022,Vitória,BRES004,Cabotagem,2115168.203
2022,Vitória,BRES004,Longo Curso,4700474.974
2022,Vitória,BRES005,Apoio Marítimo,6724.13
2022,Vitória,BRES005,Apoio Portuário,510.163
2022,Vitória,BRES007,Cabotagem,443100.157
2022,Vitória,BRES020,Interior,318.5
2022,Vitória,BRVIX,Apoio Marítimo,39085.514
2022,Vitória,BRVIX,Cabotagem,1909751.133
2022,Vitória,BRVIX,Longo Curso,5227427.388
2022,Vitória do Xingu,BRPA066,Interior,18048.083
2022,Óbidos,BRPA001,Cabotagem,8924237.0
2022,Óbidos,BRPA001,Interior,236994.0
2022,Óbidos,BRPA001,Longo Curso,3830276.0
2022,Óbidos,BRPA019,Cabotagem,5573994.0
2022,Óbidos,BRPA019,Longo Curso,95825.0
2023,Almeirim,BRPA002,Longo Curso,64259.949
2023,Almeirim,BRPA208,Interior,8842.739
2023,Angra dos Reis,BRADR,Apoio Marítimo,2005.68
2023,Angra dos Reis,BRADR,Cabotagem,4012.827
2023,Angra dos Reis,BRADR,Longo Curso,14697.281
2023,Angra dos Reis,BRRJ009,Apoio Marítimo,234355.003
2023,Angra dos Reis,BRRJ009,Apoio Portuário,134568.072
2023,Angra dos Reis,BRRJ009,Cabotagem,32933775.973
2023,Angra dos Reis,BRRJ009,Longo Curso,30363965.967
2023,Angra dos Reis,BRRJ012,Longo Curso,785076.27
2023,Aracajú,BRSE001,Apoio Marítimo,51136.47
2023,Aracajú,BRSE001,Apoio Portuário,11.686
2023,Aracajú,BRSE001,Cabotagem,209483.549
2023,Aracajú,BRSE001,Longo Curso,936726.171
2023,Aracajú,BRSE002,Longo Curso,293189.155
2023,Aratu - Salvador,BRARB,Cabotagem,1610770.93
2023,Aratu - Salvador,BRARB,Longo Curso,5074061.389
2023,Aratu - Salvador,BRBA002,Apoio Marítimo,8044.07
2023,Aratu - Salvador,BRBA002,Cabotagem,477005.021
2023,Aratu - Salvador,BRBA002,Longo Curso,46617.2
2023,Aratu - Salvador,BRBA003,Cabotagem,13528084.488
2023,Aratu - Salvador,BRBA003,Longo Curso,7409147.937
2023,Aratu - Salvador,BRBA006,Longo Curso,413982.748
2023,Aratu - Salvador,BRBA007,Longo Curso,5903014.605
2023,Aratu - Salvador,BRBA009,Cabotagem,55146.755
2023,Aratu - Salvador,BRBA009,Longo Curso,252459.348
2023,Aratu - Salvador,BRBA012,Longo Curso,753100.969
2023,Aratu - Salvador,BRBA013,Cabotagem,777.887
2023,Aratu - Salvador,BRSSA,Cabotagem,1789252.778
2023,Aratu - Salvador,BRSSA,Longo Curso,2887830.944
2023,Areia Branca,BRARE,Apoio Marítimo,748742.2
2023,Areia Branca,BRARE,Apoio Portuário,1169038.03
2023,Areia Branca,BRARE,Cabotagem,802343.4
2023,Areia Branca,BRARE,Longo Curso,1095324.0
2023,Areia Branca,BRRN004,Cabotagem,820848.2
2023,Areia Branca,BRRN005,Cabotagem,524831.5
2023,Areia Branca,BRRN006,Cabotagem,272424.1
2023,Barra do Riacho,BRES006,Longo Curso,7642408.395
2023,Barra do Riacho,BRES008,Cabotagem,438246.495
2023,Barra do Riacho,BRES010,Cabotagem,87601.316
2023,Barra do Riacho,BRES013,Cabotagem,1431.69
2023,Barra do Riacho,BRES013,Longo Curso,6836.4
2023,Cabedelo (Instalação Isolada),BRCDO,Cabotagem,450968.921
2023,Cabedelo (Instalação Isolada),BRCDO,Longo Curso,886027.51
2023,Coari (Instalação Isolada),BRAM009,Cabotagem,157131.845
2023,Coari (Instalação Isolada),BRAM009,Interior,814710.096
2023,Corumbá,BRMS001,Longo Curso,2290326.0
2023,Corumbá,BRMS002,Interior,3159319.0
2023,Corumbá,BRMS022,Longo Curso,840481.49
2023,Ilhéus,BRBA005,Cabotagem,1128100.0
2023,Ilhéus,BRIOS,Cabotagem,7088.033
2023,Ilhéus,BRIOS,Longo Curso,520587.026
2023,Imbituba,BRIBB,Cabotagem,862295.385
2023,Imbituba,BRIBB,Longo Curso,6834449.789
2023,Itaguaí,BRIGI,Cabotagem,894788.22
2023,Itaguaí,BRIGI,Longo Curso,54884135.038
2023,Itaguaí,BRRJ001,Longo Curso,29523094.0
2023,Itaguaí,BRRJ016,Apoio Marítimo,75962.0
2023,Itaguaí,BRRJ016,Cabotagem,339227.0
2023,Itaguaí,BRRJ016,Longo Curso,8061267.641
2023,Itaguaí,BRRJ023,Apoio Marítimo,132523.336
2023,Itaguaí,BRRJ023,Cabotagem,396006.24
2023,Itaguaí,BRRJ023,Longo Curso,26869179.443
2023,Itaguaí,BRRJ054,Cabotagem,1941.961
2023,Itaituba,BRPA038,Apoio Portuário,26862.192
2023,Itaituba,BRPA038,Interior,3247580.619
2023,Itaituba,BRPA045,Apoio Marítimo,52124.425
2023,Itaituba,BRPA045,Interior,5251281.98
2023,Itaituba,BRPA045,Longo Curso,82732.83
2023,Itaituba,BRPA046,Apoio Portuário,3341.415
2023,Itaituba,BRPA046,Interior,2572500.91
2023,Itaituba,BRPA064,Interior,1378.131
2023,Itaituba,BRPA091,Interior,141918.847
2023,Itaituba,BRPA153,Cabotagem,58693.948
2023,Itaituba,BRPA153,Interior,54472.332
2023,Itaituba,BRPA214,Interior,294546.524
2023,Itaituba,BRPA230,Interior,250636.129
2023,Itaituba,BRPA246,Interior,14854.478
2023,Itaituba,BRPA248,Interior,3069885.704
2023,Itaituba,BRPA249,Interior,423643.118
2023,Itajaí,BRITJ,Cabotagem,152.0
2023,Itajaí,BRITJ,Longo Curso,363810.469
2023,Itajaí,BRSC001,Longo Curso,82092.047
2023,Itajaí,BRSC008,Cabotagem,1719225.723
2023,Itajaí,BRSC008,Longo Curso,12515783.677
2023,Itajaí,BRSC012,Cabotagem,51289.95
2023,Itajaí,BRSC012,Longo Curso,71358.038
2023,Itajaí,BRSC013,Longo Curso,9204.443
2023,Itajaí,BRSC017,Cabotagem,9999.799
2023,Itaqui,BRIQI,Cabotagem,4499519.403
2023,Itaqui,BRIQI,Longo Curso,31830445.445
2023,Itaqui,BRMA001,Cabotagem,9338701.5
2023,Itaqui,BRMA001,Longo Curso,4020986.698
2023,Itaqui,BRMA002,Cabotagem,3857412.0
2023,Itaqui,BRMA002,Longo Curso,162477465.546
2023,LDC Pederneiras (Instalação Isolada),BRSP011,Apoio Portuário,2570.72
2023,LDC Pederneiras (Instalação Isolada),BRSP011,Interior,973745.57
2023,Macapá,BRAP019,Interior,133825.954
2023,Macapá,BRMCP,Interior,995800.879
2023,Macapá,BRMCP,Longo Curso,2626938.294
2023,Maceió,BRAL001,Cabotagem,638751.584
2023,Maceió,BRAL001,Longo Curso,45792.532
2023,Maceió,BRMCZ,Apoio Marítimo,1675.282
2023,Maceió,BRMCZ,Cabotagem,398459.384
2023,Maceió,BRMCZ,Longo Curso,2241129.14
2023,Manaus,BRAM001,Interior,564170.253
2023,Manaus,BRAM003,Cabotagem,228406.305
2023,Manaus,BRAM004,Interior,1921.675
2023,Manaus,BRAM006,Cabotagem,4516536.481
2023,Manaus,BRAM006,Longo Curso,1950359.08
2023,Manaus,BRAM007,Interior,224075.847
2023,Manaus,BRAM008,Interior,487436.0
2023,Manaus,BRAM011,Cabotagem,1172522.466
2023,Manaus,BRAM011,Interior,935355.791
2023,Manaus,BRAM011,Longo Curso,243831.392
2023,Manaus,BRAM012,Interior,131518.062
2023,Manaus,BRAM012,Longo Curso,911539.363
2023,Manaus,BRAM013,Cabotagem,18617.14
2023,Manaus,BRAM013,Longo Curso,75267.877
2023,Manaus,BRAM014,Interior,5238784.576
2023,Manaus,BRAM014,Longo Curso,6136096.911
2023,Manaus,BRAM016,Interior,499117.09
2023,Manaus,BRAM017,Interior,678943.492
2023,Manaus,BRAM018,Interior,10945.388
2023,Manaus,BRAM021,Interior,162358.98
2023,Manaus,BRAM021,Longo Curso,717299.827
2023,Manaus,BRAM025,Apoio Portuário,1831.578
2023,Manaus,BRAM025,Cabotagem,1266330.382
2023,Manaus,BRAM025,Interior,1460618.479
2023,Manaus,BRAM028,Interior,108978.92
2023,Manaus,BRAM029,Apoio Portuário,7793.65
2023,Manaus,BRAM029,Interior,260416.682
2023,Manaus,BRAM032,Interior,47334.649
2023,Manaus,BRAM034,Interior,149.152
2023,Manaus,BRAM069,Interior,91210.0
2023,Manaus,BRAM075,Interior,126476.048
2023,Manaus,BRAM081,Interior,22248.668
2023,Manaus,BRAM087,Apoio Portuário,630.23
2023,Manaus,BRAM087,Interior,247504.43
2023,Manaus,BRAM088,Interior,128881.712
2023,Manaus,BRAM091,Apoio Marítimo,2335.537
2023,Manaus,BRAM091,Apoio Portuário,1840.2
2023,Manaus,BRAM091,Interior,1051774.141
2023,Manaus,BRAM091,Longo Curso,1006990.694
2023,Manaus,BRAM104,Interior,102501.249
2023,Manaus,BRAM155,Interior,144119.34
2023,Natal,BRNAT,Cabotagem,39588.02
2023,Natal,BRNAT,Longo Curso,405193.67
2023,Natal,BRRN001,Cabotagem,1149802.13
2023,Natal,BRRN001,Longo Curso,792241.914
2023,Paranaguá - Antonina,BRANT,Cabotagem,96977.91
2023,Paranaguá - Antonina,BRANT,Longo Curso,1258648.127
2023,Paranaguá - Antonina,BRPNG,Cabotagem,2697317.488
2023,Paranaguá - Antonina,BRPNG,Longo Curso,55621557.534
2023,Paranaguá - Antonina,BRPR002,Cabotagem,196566.728
2023,Paranaguá - Antonina,BRPR002,Longo Curso,4719597.603
2023,Pecém - Fortaleza,BRCE001,Cabotagem,10778799.019
2023,Pecém - Fortaleza,BRCE001,Longo Curso,6283251.893
2023,Pecém - Fortaleza,BRFOR,Apoio Marítimo,7412.402
2023,Pecém - Fortaleza,BRFOR,Cabotagem,2196349.806
2023,Pecém - Fortaleza,BRFOR,Longo Curso,2221660.178
2023,Porto Alegre,BRPOA,Cabotagem,271103.649
2023,Porto Alegre,BRPOA,Interior,493762.875
2023,Porto Alegre,BRPOA,Longo Curso,35057.829
2023,Porto Alegre,BRRS003,Cabotagem,2152.027
2023,Porto Alegre,BRRS003,Interior,934422.071
2023,Porto Alegre,BRRS003,Longo Curso,24194.994
2023,Porto Alegre,BRRS006,Interior,699058.0
2023,Porto Alegre,BRRS008,Interior,115001.982
2023,Porto Alegre,BRRS009,Cabotagem,7322711.955
2023,Porto Alegre,BRRS009,Longo Curso,3357456.756
2023,Porto Alegre,BRRS010,Interior,195055.918
2023,Porto Alegre,BRRS013,Interior,2812985.448
2023,Porto Alegre,BRRS014,Cabotagem,3550.224
2023,Porto Alegre,BRRS014,Longo Curso,10265.576
2023,Porto Alegre,BRRS015,Interior,389399.812
2023,Porto Alegre,BRRS016,Cabotagem,2381.038
2023,Porto Alegre,BRRS016,Interior,88192.188
2023,Porto Alegre,BRRS022,Interior,5421.564
2023,Porto Alegre,BRRS030,Interior,495053.628
2023,Porto Murtinho,BRMS011,Longo Curso,1628340.013
2023,Porto Velho,BRPVH,Interior,1705254.831
2023,Porto Velho,BRPVH,Longo Curso,8407.79
2023,Porto Velho,BRRO002,Interior,303216.65
2023,Porto Velho,BRRO003,Interior,76273.253
2023,Porto Velho,BRRO005,Interior,149657.887
2023,Porto Velho,BRRO006,Interior,1098940.91
2023,Porto Velho,BRRO007,Interior,240096.579
2023,Porto Velho,BRRO009,Interior,402128.529
2023,Porto Velho,BRRO010,Interior,210319.505
2023,Porto Velho,BRRO011,Interior,25129.038
2023,Porto Velho,BRRO013,Interior,3550837.477
2023,Porto Velho,BRRO014,Interior,1969267.889
2023,Porto Velho,BRRO022,Interior,129835.955
2023,Porto Velho,BRRO025,Apoio Marítimo,1414.646
2023,Porto Velho,BRRO025,Interior,249640.577
2023,Porto Velho,BRRO030,Interior,177081.292
2023,Rio Grande,BRPET,Interior,1057094.454
2023,Rio Grande,BRRIG,Cabotagem,6911330.857
2023,Rio Grande,BRRIG,Interior,3424708.304
2023,Rio Grande,BRRIG,Longo Curso,15552320.622
2023,Rio Grande,BRRS001,Interior,244166.612
2023,Rio Grande,BRRS001,Longo Curso,2330320.541
2023,Rio Grande,BRRS002,Cabotagem,85956.385
2023,Rio Grande,BRRS002,Interior,839018.707
2023,Rio Grande,BRRS002,Longo Curso,7265513.046
2023,Rio Grande,BRRS005,Cabotagem,287858.1
2023,Rio Grande,BRRS005,Longo Curso,2231897.895
2023,Rio Grande,BRRS007,Interior,200945.416
2023,Rio Grande,BRRS007,Longo Curso,1916944.78
2023,Rio Grande,BRRS012,Cabotagem,2454.0
2023,Rio Grande,BRRS012,Interior,195946.0
2023,Rio de Janeiro -  Niterói,BRNTR,Apoio Marítimo,41968.374
2023,Rio de Janeiro -  Niterói,BRRIO,Cabotagem,3055971.063
2023,Rio de Janeiro -  Niterói,BRRIO,Longo Curso,8006359.906
2023,Rio de Janeiro -  Niterói,BRRJ003,Longo Curso,242511.585
2023,Rio de Janeiro -  Niterói,BRRJ008,Cabotagem,236127.933
2023,Rio de Janeiro -  Niterói,BRRJ008,Longo Curso,14498.578
2023,Rio de Janeiro -  Niterói,BRRJ010,Cabotagem,12822755.483
2023,Rio de Janeiro -  Niterói,BRRJ010,Interior,1064585.565
2023,Rio de Janeiro -  Niterói,BRRJ010,Longo Curso,2623404.327
2023,Rio de Janeiro -  Niterói,BRRJ014,Apoio Marítimo,611.645
2023,Rio de Janeiro -  Niterói,BRRJ014,Apoio Portuário,32.38
2023,Rio de Janeiro -  Niterói,BRRJ015,Longo Curso,96096.961
2023,Rio de Janeiro -  Niterói,BRRJ018,Longo Curso,97493.889
2023,Rio de Janeiro -  Niterói,BRRJ019,Cabotagem,143687.789
2023,Rio de Janeiro -  Niterói,BRRJ019,Longo Curso,17651.205
2023,Rio de Janeiro -  Niterói,BRRJ027,Cabotagem,88.0
2023,Rio de Janeiro -  Niterói,BRRJ057,Apoio Marítimo,31422.237
2023,Rio de Janeiro -  Niterói,BRRJ057,Cabotagem,27673.762
2023,Rio de Janeiro -  Niterói,BRRJ057,Longo Curso,42858.641
2023,Rio de Janeiro -  Niterói,BRRJ066,Apoio Marítimo,88.0
2023,Rio de Janeiro -  Niterói,BRRJ080,Apoio Marítimo,449.213
2023,Santarém,BRPA017,Interior,445081.0
2023,Santarém,BRPA028,Interior,32898.406
2023,Santarém,BRPA237,Apoio Marítimo,2951.781
2023,Santarém,BRPA237,Interior,221351.378
2023,Santarém,BRPA297,Interior,29511.215
2023,Santarém,BRSTM,Apoio Portuário,1429.0
2023,Santarém,BRSTM,Cabotagem,4204.28
2023,Santarém,BRSTM,Interior,6798377.073
2023,Santarém,BRSTM,Longo Curso,9140957.843
2023,Santos,BRSP001,Longo Curso,13239016.472
2023,Santos,BRSP002,Cabotagem,737709.441
2023,Santos,BRSP002,Longo Curso,283336.95
2023,Santos,BRSP004,Longo Curso,3740316.905
2023,Santos,BRSP005,Apoio Marítimo,2954.0
2023,Santos,BRSP005,Cabotagem,135065.0
2023,Santos,BRSP005,Longo Curso,121654.0
2023,Santos,BRSP008,Apoio Portuário,39176.0
2023,Santos,BRSP008,Cabotagem,2467194.52
2023,Santos,BRSP008,Longo Curso,10989700.17
2023,Santos,BRSP009,Apoio Marítimo,19430.021
2023,Santos,BRSP009,Apoio Portuário,43.8
2023,Santos,BRSSZ,Cabotagem,13077608.459
2023,Santos,BRSSZ,Longo Curso,122824108.311
2023,Sem complexo - Terminal Isolado,BRAM079,Interior,417694.55
2023,Sem complexo - Terminal Isolado,BRRR001,Interior,16179.634
2023,Suape - Recife,BRPE001,Longo Curso,327.0
2023,Suape - Recife,BRREC,Cabotagem,64810.27
2023,Suape - Recife,BRREC,Longo Curso,1362207.567
2023,Suape - Recife,BRSUA,Cabotagem,17270222.094
2023,Suape - Recife,BRSUA,Longo Curso,6744930.008
2023,São Francisco do Sul,BRSC007,Cabotagem,10289424.188
2023,São Francisco do Sul,BRSC007,Longo Curso,367204.47
2023,São Francisco do Sul,BRSC011,Longo Curso,11726200.546
2023,São Francisco do Sul,BRSFS,Cabotagem,3107952.897
2023,São Francisco do Sul,BRSFS,Longo Curso,13725821.709
2023,São João da Barra,BRRJ020,Longo Curso,24043285.0
2023,São João da Barra,BRRJ022,Cabotagem,63813.9
2023,São João da Barra,BRRJ022,Longo Curso,2144880.743
2023,São João da Barra,BRRJ025,Apoio Marítimo,17808.047
2023,São João da Barra,BRRJ025,Apoio Portuário,8013.34
2023,São João da Barra,BRRJ025,Cabotagem,17641.268
2023,São João da Barra,BRRJ025,Longo Curso,73.7
2023,São João da Barra,BRRJ026,Apoio Marítimo,10333.38
2023,São João da Barra,BRRJ026,Apoio Portuário,21.5
2023,São João da Barra,BRRJ039,Apoio Marítimo,19922.38
2023,São João da Barra,BRRJ039,Cabotagem,248.261
2023,São João da Barra,BRRJ051,Apoio Portuário,275307.257
2023,São João da Barra,BRRJ053,Cabotagem,364712.55
2023,São João da Barra,BRRJ067,Apoio Marítimo,139037.113
2023,São João da Barra,BRRJ067,Cabotagem,28740287.913
2023,São João da Barra,BRRJ067,Longo Curso,28498970.863
2023,São João da Barra,BRRJ074,Longo Curso,18500.31
2023,São João da Barra,BRRJ078,Apoio Marítimo,2755.494
2023,São Sebastião,BRSP006,Cabotagem,52116273.377
2023,São Sebastião,BRSP006,Longo Curso,5404485.264
2023,São Sebastião,BRSSO,Longo Curso,1004876.59
2023,São Simão,BRGO001,Apoio Portuário,2909.804
2023,São Simão,BRGO001,Interior,973760.16
2023,São Simão,BRGO009,Interior,130314.452
2023,Tomé Açu,BRPA033,Interior,52638.48
2023,Vila do Conde - Belém,BRBEL,Apoio Marítimo,1594.92
2023,Vila do Conde - Belém,BRBEL,Apoio Portuário,18719.227
2023,Vila do Conde - Belém,BRBEL,Cabotagem,1663063.665
2023,Vila do Conde - Belém,BRBEL,Interior,1249440.767
2023,Vila do Conde - Belém,BRBEL,Longo Curso,792152.38
2023,Vila do Conde - Belém,BRPA005,Longo Curso,5230523.611
2023,Vila do Conde - Belém,BRPA006,Longo Curso,604599.12
2023,Vila do Conde - Belém,BRPA013,Interior,1029344.666
2023,Vila do Conde - Belém,BRPA014,Interior,50508.29
2023,Vila do Conde - Belém,BRPA014,Longo Curso,6507.48
2023,Vila do Conde - Belém,BRPA016,Interior,430363.0
2023,Vila do Conde - Belém,BRPA018,Apoio Portuário,12928.736
2023,Vila do Conde - Belém,BRPA018,Interior,3250292.851
2023,Vila do Conde - Belém,BRPA018,Longo Curso,5197128.168
2023,Vila do Conde - Belém,BRPA043,Interior,5359931.76
2023,Vila do Conde - Belém,BRPA043,Longo Curso,7131115.012
2023,Vila do Conde - Belém,BRPA061,Interior,998.337
2023,Vila do Conde - Belém,BRPA065,Interior,63699.693
2023,Vila do Conde - Belém,BRPA067,Interior,503841.587
2023,Vila do Conde - Belém,BRPA108,Interior,46506.242
2023,Vila do Conde - Belém,BRVDC,Apoio Marítimo,840.52
2023,Vila do Conde - Belém,BRVDC,Apoio Portuário,778.79
2023,Vila do Conde - Belém,BRVDC,Cabotagem,4878747.86
2023,Vila do Conde - Belém,BRVDC,Interior,867733.82
2023,Vila do Conde - Belém,BRVDC,Longo Curso,11040370.94
2023,Vitória,BRES001,Cabotagem,2670046.318
2023,Vitória,BRES001,Longo Curso,73326685.914
2023,Vitória,BRES002,Apoio Marítimo,18652.117
2023,Vitória,BRES002,Cabotagem,116860.0
2023,Vitória,BRES002,Longo Curso,9175444.25
2023,Vitória,BRES003,Cabotagem,692142.648
2023,Vitória,BRES003,Longo Curso,9760131.193
2023,Vitória,BRES004,Cabotagem,1985379.678
2023,Vitória,BRES004,Longo Curso,5420058.028
2023,Vitória,BRES005,Apoio Marítimo,18609.898
2023,Vitória,BRES005,Apoio Portuário,11.93
2023,Vitória,BRES007,Cabotagem,509257.68
2023,Vitória,BRVIX,Apoio Marítimo,71244.376
2023,Vitória,BRVIX,Cabotagem,1906698.318
2023,Vitória,BRVIX,Longo Curso,5000978.491
2023,Vitória do Xingu,BRPA066,Interior,23903.3
2023,Óbidos,BRPA001,Cabotagem,7944717.001
2023,Óbidos,BRPA001,Longo Curso,4661775.0
2023,Óbidos,BRPA019,Cabotagem,5149987.0
2023,Óbidos,BRPA019,Longo Curso,539744.0
2024,Almeirim,BRPA002,Longo Curso,59990.115
2024,Almeirim,BRPA208,Interior,736.943
2024,Angra dos Reis,BRADR,Apoio Marítimo,287.39
2024,Angra dos Reis,BRADR,Cabotagem,7932.644
2024,Angra dos Reis,BRADR,Longo Curso,58530.543
2024,Angra dos Reis,BRRJ009,Apoio Marítimo,220403.176
2024,Angra dos Reis,BRRJ009,Apoio Portuário,140236.547
2024,Angra dos Reis,BRRJ009,Cabotagem,31565237.616
2024,Angra dos Reis,BRRJ009,Longo Curso,30795325.901
2024,Angra dos Reis,BRRJ012,Longo Curso,2671110.64
2024,Aracajú,BRSE001,Apoio Marítimo,66401.038
2024,Aracajú,BRSE001,Cabotagem,213655.915
2024,Aracajú,BRSE001,Longo Curso,589546.407
2024,Aracajú,BRSE002,Cabotagem,70060.95
2024,Aracajú,BRSE002,Longo Curso,472294.051
2024,Aratu - Salvador,BRARB,Cabotagem,1522415.393
2024,Aratu - Salvador,BRARB,Longo Curso,5038686.921
2024,Aratu - Salvador,BRBA002,Cabotagem,483307.961
2024,Aratu - Salvador,BRBA002,Longo Curso,40159.234
2024,Aratu - Salvador,BRBA003,Cabotagem,11922764.689
2024,Aratu - Salvador,BRBA003,Longo Curso,8884081.061
2024,Aratu - Salvador,BRBA006,Longo Curso,260719.147
2024,Aratu - Salvador,BRBA007,Interior,67466.392
2024,Aratu - Salvador,BRBA007,Longo Curso,5286715.999
2024,Aratu - Salvador,BRBA009,Cabotagem,58587.607
2024,Aratu - Salvador,BRBA009,Longo Curso,813272.503
2024,Aratu - Salvador,BRBA012,Longo Curso,528496.581
2024,Aratu - Salvador,BRBA013,Cabotagem,868.2
2024,Aratu - Salvador,BRSSA,Cabotagem,2446163.849
2024,Aratu - Salvador,BRSSA,Longo Curso,4157049.36
2024,Areia Branca,BRARE,Apoio Portuário,1700117.09
2024,Areia Branca,BRARE,Cabotagem,791481.0
2024,Areia Branca,BRARE,Longo Curso,880880.0
2024,Areia Branca,BRRN004,Cabotagem,670339.3
2024,Areia Branca,BRRN005,Cabotagem,309854.5
2024,Areia Branca,BRRN006,Cabotagem,265483.9
2024,Barra do Riacho,BRES006,Cabotagem,165.34
2024,Barra do Riacho,BRES006,Longo Curso,7445604.036
2024,Barra do Riacho,BRES008,Cabotagem,313570.998
2024,Barra do Riacho,BRES008,Longo Curso,55858.635
2024,Barra do Riacho,BRES010,Cabotagem,100697.554
2024,Barra do Riacho,BRES013,Cabotagem,1250.702
2024,Barra do Riacho,BRES013,Longo Curso,6095.608
2024,Cabedelo (Instalação Isolada),BRCDO,Cabotagem,555513.264
2024,Cabedelo (Instalação Isolada),BRCDO,Longo Curso,829278.352
2024,Coari (Instalação Isolada),BRAM009,Cabotagem,126591.963
2024,Coari (Instalação Isolada),BRAM009,Interior,699294.468
2024,Corumbá,BRMS001,Longo Curso,351457.693
2024,Corumbá,BRMS002,Interior,2381082.692
2024,Corumbá,BRMS022,Interior,8458.537
2024,Corumbá,BRMS022,Longo Curso,442281.648
2024,Ilhéus,BRBA005,Cabotagem,1083298.0
2024,Ilhéus,BRIOS,Longo Curso,232284.736
2024,Imbituba,BRIBB,Cabotagem,779095.458
2024,Imbituba,BRIBB,Longo Curso,7537709.431
2024,Itaguaí,BRIGI,Cabotagem,1359078.18
2024,Itaguaí,BRIGI,Longo Curso,59319162.437
2024,Itaguaí,BRRJ001,Longo Curso,32133788.0
2024,Itaguaí,BRRJ016,Cabotagem,382803.0
2024,Itaguaí,BRRJ016,Longo Curso,6993804.571
2024,Itaguaí,BRRJ023,Cabotagem,1110558.524
2024,Itaguaí,BRRJ023,Longo Curso,23608605.266
2024,Itaguaí,BRRJ054,Cabotagem,2120.0
2024,Itaituba,BRPA038,Apoio Portuário,806293.763
2024,Itaituba,BRPA038,Interior,2345120.946
2024,Itaituba,BRPA045,Interior,4552581.499
2024,Itaituba,BRPA046,Interior,1885467.733
2024,Itaituba,BRPA064,Interior,985.703
2024,Itaituba,BRPA091,Interior,59949.539
2024,Itaituba,BRPA153,Interior,90142.142
2024,Itaituba,BRPA214,Interior,230998.39
2024,Itaituba,BRPA230,Interior,395492.847
2024,Itaituba,BRPA248,Interior,3027343.925
2024,Itaituba,BRPA249,Interior,306857.41
2024,Itajaí,BRITJ,Apoio Portuário,330.933
2024,Itajaí,BRITJ,Cabotagem,91843.749
2024,Itajaí,BRITJ,Longo Curso,1054690.303
2024,Itajaí,BRSC001,Longo Curso,110684.714
2024,Itajaí,BRSC008,Cabotagem,2600954.727
2024,Itajaí,BRSC008,Longo Curso,10130455.529
2024,Itajaí,BRSC012,Cabotagem,91265.931
2024,Itajaí,BRSC012,Longo Curso,81065.971
2024,Itajaí,BRSC013,Longo Curso,22209.649
2024,Itajaí,BRSC017,Cabotagem,6007.145
2024,Itaqui,BRIQI,Cabotagem,5196393.701
2024,Itaqui,BRIQI,Longo Curso,28688100.171
2024,Itaqui,BRMA001,Cabotagem,9935275.832
2024,Itaqui,BRMA001,Interior,13684.525
2024,Itaqui,BRMA001,Longo Curso,4325274.512
2024,Itaqui,BRMA002,Cabotagem,3432817.998
2024,Itaqui,BRMA002,Longo Curso,172344635.0
2024,LDC Pederneiras (Instalação Isolada),BRSP011,Interior,971487.396
2024,Macapá,BRAP003,Interior,2400.0
2024,Macapá,BRAP019,Apoio Portuário,1152.643
2024,Macapá,BRAP019,Interior,153802.74
2024,Macapá,BRMCP,Interior,872763.022
2024,Macapá,BRMCP,Longo Curso,2285260.565
2024,Maceió,BRAL001,Cabotagem,553135.471
2024,Maceió,BRAL001,Longo Curso,26710.108
2024,Maceió,BRMCZ,Cabotagem,461283.864
2024,Maceió,BRMCZ,Longo Curso,2210860.279
2024,Manaus,BRAM001,Interior,592830.063
2024,Manaus,BRAM003,Cabotagem,170333.854
2024,Manaus,BRAM004,Apoio Marítimo,0.5
2024,Manaus,BRAM004,Interior,1697.705
2024,Manaus,BRAM006,Cabotagem,4671333.961
2024,Manaus,BRAM006,Longo Curso,2144107.47
2024,Manaus,BRAM007,Interior,189950.22
2024,Manaus,BRAM008,Interior,568949.0
2024,Manaus,BRAM011,Cabotagem,87860.822
2024,Manaus,BRAM011,Interior,466582.212
2024,Manaus,BRAM011,Longo Curso,946283.404
2024,Manaus,BRAM012,Cabotagem,264229.479
2024,Manaus,BRAM012,Interior,554334.215
2024,Manaus,BRAM012,Longo Curso,1025426.421
2024,Manaus,BRAM013,Interior,7500.0
2024,Manaus,BRAM013,Longo Curso,56773.758
2024,Manaus,BRAM014,Interior,4519167.114
2024,Manaus,BRAM014,Longo Curso,4861790.639
2024,Manaus,BRAM016,Interior,516680.683
2024,Manaus,BRAM017,Interior,698280.422
2024,Manaus,BRAM018,Interior,1110.98
2024,Manaus,BRAM021,Apoio Marítimo,3169.367
2024,Manaus,BRAM021,Interior,657476.412
2024,Manaus,BRAM021,Longo Curso,498032.381
2024,Manaus,BRAM025,Apoio Portuário,14251.578
2024,Manaus,BRAM025,Cabotagem,1337156.659
2024,Manaus,BRAM025,Interior,1661136.092
2024,Manaus,BRAM025,Longo Curso,70295.366
2024,Manaus,BRAM028,Interior,97955.61
2024,Manaus,BRAM029,Interior,221235.694
2024,Manaus,BRAM032,Interior,11701.456
2024,Manaus,BRAM034,Interior,87.423
2024,Manaus,BRAM069,Interior,87700.0
2024,Manaus,BRAM075,Interior,59298.419
2024,Manaus,BRAM081,Interior,29051.759
2024,Manaus,BRAM087,Interior,227293.539
2024,Manaus,BRAM088,Interior,124115.318
2024,Manaus,BRAM091,Interior,1946138.172
2024,Manaus,BRAM091,Longo Curso,1880786.256
2024,Manaus,BRAM104,Interior,43558.032
2024,Manaus,BRAM155,Interior,125743.882
2024,Natal,BRNAT,Cabotagem,50659.21
2024,Natal,BRNAT,Longo Curso,358070.041
2024,Natal,BRRN001,Cabotagem,210260.719
2024,Natal,BRRN001,Longo Curso,1437168.651
2024,Paranaguá - Antonina,BRANT,Cabotagem,102337.59
2024,Paranaguá - Antonina,BRANT,Longo Curso,1891248.798
2024,Paranaguá - Antonina,BRPNG,Cabotagem,3395771.519
2024,Paranaguá - Antonina,BRPNG,Longo Curso,55884477.255
2024,Paranaguá - Antonina,BRPR002,Cabotagem,88228.164
2024,Paranaguá - Antonina,BRPR002,Longo Curso,4320707.935
2024,Pecém - Fortaleza,BRCE001,Cabotagem,11472387.87
2024,Pecém - Fortaleza,BRCE001,Longo Curso,7569946.205
2024,Pecém - Fortaleza,BRFOR,Cabotagem,2275261.381
2024,Pecém - Fortaleza,BRFOR,Longo Curso,2554039.136
2024,Porto Alegre,BRPOA,Cabotagem,164725.772
2024,Porto Alegre,BRPOA,Interior,551117.781
2024,Porto Alegre,BRPOA,Longo Curso,11202.356
2024,Porto Alegre,BRRS003,Cabotagem,3800.063
2024,Porto Alegre,BRRS003,Interior,731516.584
2024,Porto Alegre,BRRS003,Longo Curso,7741.624
2024,Porto Alegre,BRRS006,Interior,552144.0
2024,Porto Alegre,BRRS008,Interior,73641.23
2024,Porto Alegre,BRRS009,Cabotagem,8315924.026
2024,Porto Alegre,BRRS009,Longo Curso,3365715.387
2024,Porto Alegre,BRRS010,Interior,73338.528
2024,Porto Alegre,BRRS013,Interior,3026238.358
2024,Porto Alegre,BRRS014,Cabotagem,769.43
2024,Porto Alegre,BRRS014,Longo Curso,2182.126
2024,Porto Alegre,BRRS015,Interior,206928.193
2024,Porto Alegre,BRRS016,Cabotagem,567.305
2024,Porto Alegre,BRRS016,Interior,45958.165
2024,Porto Alegre,BRRS022,Interior,138475.097
2024,Porto Alegre,BRRS030,Interior,369590.53
2024,Porto Murtinho,BRMS011,Longo Curso,131973.546
2024,Porto Velho,BRPVH,Interior,2017814.696
2024,Porto Velho,BRRO002,Interior,216805.048
2024,Porto Velho,BRRO003,Interior,65932.614
2024,Porto Velho,BRRO005,Interior,123139.984
2024,Porto Velho,BRRO006,Interior,933203.085
2024,Porto Velho,BRRO007,Interior,154656.132
2024,Porto Velho,BRRO009,Apoio Portuário,33081.098
2024,Porto Velho,BRRO009,Interior,340975.566
2024,Porto Velho,BRRO010,Interior,210745.348
2024,Porto Velho,BRRO011,Interior,21038.211
2024,Porto Velho,BRRO013,Interior,2591406.451
2024,Porto Velho,BRRO014,Interior,1842170.561
2024,Porto Velho,BRRO022,Interior,140987.14
2024,Porto Velho,BRRO025,Interior,247706.685
2024,Porto Velho,BRRO030,Interior,162206.97
2024,Rio Grande,BRPET,Cabotagem,2592.96
2024,Rio Grande,BRPET,Interior,870626.934
2024,Rio Grande,BRRIG,Cabotagem,8293313.209
2024,Rio Grande,BRRIG,Interior,3687235.56
2024,Rio Grande,BRRIG,Longo Curso,17338093.515
2024,Rio Grande,BRRS001,Interior,222056.864
2024,Rio Grande,BRRS001,Longo Curso,2244595.632
2024,Rio Grande,BRRS002,Interior,740152.638
2024,Rio Grande,BRRS002,Longo Curso,7338399.528
2024,Rio Grande,BRRS005,Longo Curso,571374.761
2024,Rio Grande,BRRS007,Interior,48519.264
2024,Rio Grande,BRRS007,Longo Curso,1835250.935
2024,Rio Grande,BRRS012,Interior,145267.0
2024,Rio de Janeiro -  Niterói,BRNTR,Apoio Marítimo,30283.467
2024,Rio de Janeiro -  Niterói,BRNTR,Apoio Portuário,180.0
2024,Rio de Janeiro -  Niterói,BRRIO,Apoio Marítimo,91797.021
2024,Rio de Janeiro -  Niterói,BRRIO,Apoio Portuário,10.216
2024,Rio de Janeiro -  Niterói,BRRIO,Cabotagem,4750309.62
2024,Rio de Janeiro -  Niterói,BRRIO,Longo Curso,10743617.375
2024,Rio de Janeiro -  Niterói,BRRJ003,Apoio Marítimo,1481.623
2024,Rio de Janeiro -  Niterói,BRRJ003,Longo Curso,255467.379
2024,Rio de Janeiro -  Niterói,BRRJ008,Apoio Marítimo,3541.946
2024,Rio de Janeiro -  Niterói,BRRJ008,Cabotagem,173882.105
2024,Rio de Janeiro -  Niterói,BRRJ008,Longo Curso,32118.728
2024,Rio de Janeiro -  Niterói,BRRJ010,Cabotagem,12681544.161
2024,Rio de Janeiro -  Niterói,BRRJ010,Interior,1034662.294
2024,Rio de Janeiro -  Niterói,BRRJ010,Longo Curso,2070190.37
2024,Rio de Janeiro -  Niterói,BRRJ014,Apoio Marítimo,930.234
2024,Rio de Janeiro -  Niterói,BRRJ015,Longo Curso,112317.03
2024,Rio de Janeiro -  Niterói,BRRJ018,Cabotagem,55543.623
2024,Rio de Janeiro -  Niterói,BRRJ018,Longo Curso,87673.732
2024,Rio de Janeiro -  Niterói,BRRJ019,Cabotagem,164602.962
2024,Rio de Janeiro -  Niterói,BRRJ057,Apoio Marítimo,45159.023
2024,Rio de Janeiro -  Niterói,BRRJ057,Cabotagem,64456.027
2024,Rio de Janeiro -  Niterói,BRRJ057,Longo Curso,22168.719
2024,Rio de Janeiro -  Niterói,BRRJ066,Apoio Marítimo,372.839
2024,Rio de Janeiro -  Niterói,BRRJ080,Apoio Marítimo,31.948
2024,Santarém,BRPA017,Interior,503632.0
2024,Santarém,BRPA028,Interior,6570.437
2024,Santarém,BRPA237,Interior,369747.348
2024,Santarém,BRPA297,Apoio Marítimo,589.596
2024,Santarém,BRPA297,Interior,45644.815
2024,Santarém,BRSTM,Cabotagem,29482.682
2024,Santarém,BRSTM,Interior,7364181.054
2024,Santarém,BRSTM,Longo Curso,8984603.222
2024,Santos,BRSP001,Apoio Marítimo,56020.51
2024,Santos,BRSP001,Longo Curso,13419015.434
2024,Santos,BRSP002,Cabotagem,584555.164
2024,Santos,BRSP002,Longo Curso,387655.473
2024,Santos,BRSP004,Longo Curso,3254682.75
2024,Santos,BRSP005,Cabotagem,219483.307
2024,Santos,BRSP005,Longo Curso,191499.0
2024,Santos,BRSP008,Apoio Portuário,3530410.0
2024,Santos,BRSP008,Cabotagem,1845103.91
2024,Santos,BRSP008,Longo Curso,10013944.13
2024,Santos,BRSP009,Apoio Marítimo,44631.276
2024,Santos,BRSSZ,Apoio Marítimo,104651.691
2024,Santos,BRSSZ,Cabotagem,14513062.197
2024,Santos,BRSSZ,Longo Curso,124074635.401
2024,Sem complexo - Terminal Isolado,BRAM039,Interior,26303.457
2024,Sem complexo - Terminal Isolado,BRAM079,Interior,438599.791
2024,Sem complexo - Terminal Isolado,BRRN003,Apoio Portuário,81367.4
2024,Sem complexo - Terminal Isolado,BRRN003,Cabotagem,29503.3
2024,Suape - Recife,BRREC,Cabotagem,68009.08
2024,Suape - Recife,BRREC,Longo Curso,1638837.578
2024,Suape - Recife,BRSUA,Cabotagem,17827302.172
2024,Suape - Recife,BRSUA,Longo Curso,6964930.017
2024,São Francisco do Sul,BRSC007,Cabotagem,9086402.904
2024,São Francisco do Sul,BRSC007,Longo Curso,516717.34
2024,São Francisco do Sul,BRSC011,Cabotagem,7862.172
2024,São Francisco do Sul,BRSC011,Longo Curso,13598222.64
2024,São Francisco do Sul,BRSFS,Cabotagem,2548328.554
2024,São Francisco do Sul,BRSFS,Longo Curso,14412646.618
2024,São João da Barra,BRRJ020,Longo Curso,25014985.0
2024,São João da Barra,BRRJ022,Apoio Portuário,18474.2
2024,São João da Barra,BRRJ022,Cabotagem,106555.28
2024,São João da Barra,BRRJ022,Longo Curso,1693524.354
2024,São João da Barra,BRRJ025,Apoio Marítimo,18413.842
2024,São João da Barra,BRRJ025,Apoio Portuário,5711.0
2024,São João da Barra,BRRJ025,Cabotagem,8531.896
2024,São João da Barra,BRRJ026,Apoio Marítimo,6935.817
2024,São João da Barra,BRRJ039,Apoio Marítimo,25049.79
2024,São João da Barra,BRRJ039,Cabotagem,1001.82
2024,São João da Barra,BRRJ051,Apoio Portuário,235084.801
2024,São João da Barra,BRRJ051,Cabotagem,61442.174
2024,São João da Barra,BRRJ051,Longo Curso,38619.116
2024,São João da Barra,BRRJ053,Cabotagem,666293.01
2024,São João da Barra,BRRJ067,Cabotagem,24919616.902
2024,São João da Barra,BRRJ067,Longo Curso,25317826.777
2024,São João da Barra,BRRJ074,Longo Curso,306254.975
2024,São João da Barra,BRRJ078,Apoio Marítimo,1500.834
2024,São João da Barra,BRRJ078,Apoio Portuário,310.85
2024,São Sebastião,BRSP006,Cabotagem,50003326.84
2024,São Sebastião,BRSP006,Longo Curso,3304207.894
2024,São Sebastião,BRSSO,Apoio Portuário,896.803
2024,São Sebastião,BRSSO,Cabotagem,22025.51
2024,São Sebastião,BRSSO,Longo Curso,1507230.688
2024,São Simão,BRGO001,Interior,967956.032
2024,Tomé Açu,BRPA033,Interior,23965.21
2024,Vila do Conde - Belém,BRBEL,Apoio Marítimo,2533.35
2024,Vila do Conde - Belém,BRBEL,Apoio Portuário,28760.836
2024,Vila do Conde - Belém,BRBEL,Cabotagem,1587940.635
2024,Vila do Conde - Belém,BRBEL,Interior,1266056.668
2024,Vila do Conde - Belém,BRBEL,Longo Curso,1001744.479
2024,Vila do Conde - Belém,BRPA005,Interior,737914.68
2024,Vila do Conde - Belém,BRPA005,Longo Curso,5152168.246
2024,Vila do Conde - Belém,BRPA006,Longo Curso,738597.07
2024,Vila do Conde - Belém,BRPA013,Interior,1138906.616
2024,Vila do Conde - Belém,BRPA014,Interior,60809.745
2024,Vila do Conde - Belém,BRPA016,Interior,507889.0
2024,Vila do Conde - Belém,BRPA018,Interior,2875403.038
2024,Vila do Conde - Belém,BRPA018,Longo Curso,4951743.131
2024,Vila do Conde - Belém,BRPA043,Interior,4947389.243
2024,Vila do Conde - Belém,BRPA043,Longo Curso,6570744.002
2024,Vila do Conde - Belém,BRPA061,Interior,177.802
2024,Vila do Conde - Belém,BRPA065,Interior,79394.074
2024,Vila do Conde - Belém,BRPA067,Interior,8065.268
2024,Vila do Conde - Belém,BRPA108,Interior,41931.592
2024,Vila do Conde - Belém,BRPA324,Interior,88910.026
2024,Vila do Conde - Belém,BRPA324,Longo Curso,41647.99
2024,Vila do Conde - Belém,BRVDC,Apoio Marítimo,14.0
2024,Vila do Conde - Belém,BRVDC,Apoio Portuário,1644.811
2024,Vila do Conde - Belém,BRVDC,Cabotagem,6400342.858
2024,Vila do Conde - Belém,BRVDC,Interior,1377527.559
2024,Vila do Conde - Belém,BRVDC,Longo Curso,12382970.782
2024,Vitória,BRES001,Cabotagem,2473416.655
2024,Vitória,BRES001,Longo Curso,74947757.933
2024,Vitória,BRES002,Apoio Marítimo,10408.731
2024,Vitória,BRES002,Apoio Portuário,19070.415
2024,Vitória,BRES002,Cabotagem,293779.0
2024,Vitória,BRES002,Longo Curso,9507300.78
2024,Vitória,BRES003,Cabotagem,227644.204
2024,Vitória,BRES003,Longo Curso,10154346.692
2024,Vitória,BRES004,Cabotagem,2059366.404
2024,Vitória,BRES004,Longo Curso,5074894.277
2024,Vitória,BRES005,Apoio Marítimo,48677.833
2024,Vitória,BRES007,Cabotagem,527655.516
2024,Vitória,BRVIX,Apoio Marítimo,64268.72
2024,Vitória,BRVIX,Cabotagem,2911832.077
2024,Vitória,BRVIX,Longo Curso,5286673.561
2024,Vitória do Xingu,BRPA066,Interior,26705.736
2024,Óbidos,BRPA001,Cabotagem,8223725.0
2024,Óbidos,BRPA001,Longo Curso,4827608.0
2024,Óbidos,BRPA019,Cabotagem,6381891.0
2024,Óbidos,BRPA019,Longo Curso,257055.0
2024,Óbidos,BRPA209,Apoio Portuário,1293.213
2024,Óbidos,BRPA209,Interior,82660.648
2025,Almeirim,BRPA002,Longo Curso,51652.738
2025,Almeirim,BRPA208,Interior,4522.943
2025,Angra dos Reis,BRADR,Apoio Marítimo,6473.438
2025,Angra dos Reis,BRADR,Cabotagem,10269.983
2025,Angra dos Reis,BRADR,Longo Curso,271919.059
2025,Angra dos Reis,BRRJ009,Apoio Marítimo,797.732
2025,Angra dos Reis,BRRJ009,Cabotagem,35269238.998
2025,Angra dos Reis,BRRJ009,Longo Curso,35153203.547
2025,Angra dos Reis,BRRJ012,Longo Curso,1661061.8
2025,Aracajú,BRSE001,Apoio Marítimo,26905.582
2025,Aracajú,BRSE001,Apoio Portuário,124.251
2025,Aracajú,BRSE001,Cabotagem,294941.411
2025,Aracajú,BRSE001,Longo Curso,564216.7
2025,Aracajú,BRSE002,Longo Curso,607098.325
2025,Aratu - Salvador,BRARB,Cabotagem,762733.922
2025,Aratu - Salvador,BRARB,Longo Curso,5057132.919
2025,Aratu - Salvador,BRBA002,Apoio Portuário,7068.983
2025,Aratu - Salvador,BRBA002,Cabotagem,412348.899
2025,Aratu - Salvador,BRBA002,Longo Curso,36209.489
2025,Aratu - Salvador,BRBA003,Cabotagem,12417699.554
2025,Aratu - Salvador,BRBA003,Longo Curso,7742005.633
2025,Aratu - Salvador,BRBA006,Longo Curso,807688.118
2025,Aratu - Salvador,BRBA007,Interior,9993.43
2025,Aratu - Salvador,BRBA007,Longo Curso,6834580.814
2025,Aratu - Salvador,BRBA009,Cabotagem,35699.163
2025,Aratu - Salvador,BRBA009,Longo Curso,139843.915
2025,Aratu - Salvador,BRBA012,Cabotagem,30899.369
2025,Aratu - Salvador,BRBA012,Longo Curso,730166.149
2025,Aratu - Salvador,BRBA013,Cabotagem,846.951
2025,Aratu - Salvador,BRSSA,Cabotagem,2295895.456
2025,Aratu - Salvador,BRSSA,Longo Curso,3964393.373
2025,Areia Branca,BRARE,Apoio Portuário,1683899.138
2025,Areia Branca,BRARE,Cabotagem,654627.0
2025,Areia Branca,BRARE,Longo Curso,1046074.0
2025,Areia Branca,BRRN004,Cabotagem,584006.4
2025,Areia Branca,BRRN005,Cabotagem,407988.3
2025,Areia Branca,BRRN006,Cabotagem,238343.7
2025,Barra do Riacho,BRES006,Longo Curso,7787241.326
2025,Barra do Riacho,BRES008,Cabotagem,134510.85
2025,Barra do Riacho,BRES008,Longo Curso,205154.438
2025,Barra do Riacho,BRES010,Cabotagem,81235.681
2025,Barra do Riacho,BRES010,Longo Curso,11024.253
2025,Cabedelo (Instalação Isolada),BRCDO,Cabotagem,534518.116
2025,Cabedelo (Instalação Isolada),BRCDO,Longo Curso,650559.632
2025,Coari (Instalação Isolada),BRAM009,Cabotagem,364040.236
2025,Coari (Instalação Isolada),BRAM009,Interior,480931.118
2025,Corumbá,BRMS001,Longo Curso,1314413.491
2025,Corumbá,BRMS002,Interior,5597393.256
2025,Corumbá,BRMS022,Interior,10079.91
2025,Corumbá,BRMS022,Longo Curso,2154196.154
2025,Ilhéus,BRBA005,Cabotagem,1090636.0
2025,Ilhéus,BRBA005,Interior,7242.0
2025,Ilhéus,BRIOS,Apoio Marítimo,9671.956
2025,Ilhéus,BRIOS,Longo Curso,206050.306
2025,Imbituba,BRIBB,Cabotagem,801530.441
2025,Imbituba,BRIBB,Longo Curso,6268914.06
2025,Itaguaí,BRIGI,Apoio Portuário,0.021
2025,Itaguaí,BRIGI,Cabotagem,1206377.256
2025,Itaguaí,BRIGI,Longo Curso,61693232.07
2025,Itaguaí,BRRJ001,Longo Curso,31460694.996
2025,Itaguaí,BRRJ016,Cabotagem,379183.0
2025,Itaguaí,BRRJ016,Longo Curso,6613174.668
2025,Itaguaí,BRRJ023,Cabotagem,64106.0
2025,Itaguaí,BRRJ023,Longo Curso,30530291.753
2025,Itaguaí,BRRJ054,Cabotagem,2501.0
2025,Itaituba,BRPA038,Apoio Portuário,1545886.745
2025,Itaituba,BRPA038,Interior,2326672.669
2025,Itaituba,BRPA045,Interior,5847076.646
2025,Itaituba,BRPA046,Interior,2709630.275
2025,Itaituba,BRPA064,Interior,5811.233
2025,Itaituba,BRPA091,Interior,185649.621
2025,Itaituba,BRPA153,Interior,134848.791
2025,Itaituba,BRPA214,Interior,229158.667
2025,Itaituba,BRPA230,Interior,712947.904
2025,Itaituba,BRPA248,Interior,3069238.01
2025,Itaituba,BRPA249,Interior,388687.115
2025,Itajaí,BRITJ,Cabotagem,753411.387
2025,Itajaí,BRITJ,Longo Curso,3596640.551
2025,Itajaí,BRSC001,Longo Curso,77947.521
2025,Itajaí,BRSC008,Cabotagem,2088372.364
2025,Itajaí,BRSC008,Longo Curso,8406022.34
2025,Itajaí,BRSC012,Apoio Marítimo,664.214
2025,Itajaí,BRSC012,Cabotagem,107807.074
2025,Itajaí,BRSC012,Longo Curso,87565.952
2025,Itajaí,BRSC013,Longo Curso,65522.489
2025,Itajaí,BRSC017,Cabotagem,4999.782
2025,Itaqui,BRIQI,Cabotagem,4871543.727
2025,Itaqui,BRIQI,Longo Curso,31900336.25
2025,Itaqui,BRMA001,Cabotagem,10139346.365
2025,Itaqui,BRMA001,Longo Curso,4405806.357
2025,Itaqui,BRMA002,Cabotagem,2547247.0
2025,Itaqui,BRMA002,Longo Curso,169841943.0
2025,LDC Pederneiras (Instalação Isolada),BRSP011,Interior,1143889.32
2025,Macapá,BRAP019,Apoio Marítimo,3713.828
2025,Macapá,BRAP019,Interior,250016.904
2025,Macapá,BRMCP,Interior,1182916.208
2025,Macapá,BRMCP,Longo Curso,2402674.971
2025,Maceió,BRAL001,Cabotagem,225553.362
2025,Maceió,BRAL001,Longo Curso,115845.77
2025,Maceió,BRMCZ,Apoio Marítimo,5002.94
2025,Maceió,BRMCZ,Cabotagem,552990.022
2025,Maceió,BRMCZ,Longo Curso,1952848.297
2025,Manaus,BRAM001,Interior,545803.729
2025,Manaus,BRAM003,Cabotagem,275077.224
2025,Manaus,BRAM004,Interior,83.6
2025,Manaus,BRAM006,Cabotagem,7163234.791
2025,Manaus,BRAM006,Longo Curso,1231105.821
2025,Manaus,BRAM007,Interior,131274.669
2025,Manaus,BRAM008,Interior,429884.053
2025,Manaus,BRAM011,Interior,301802.364
2025,Manaus,BRAM011,Longo Curso,1450104.136
2025,Manaus,BRAM012,Interior,1436987.35
2025,Manaus,BRAM012,Longo Curso,985745.29
2025,Manaus,BRAM013,Longo Curso,81323.389
2025,Manaus,BRAM014,Apoio Marítimo,30557.514
2025,Manaus,BRAM014,Interior,5581614.327
2025,Manaus,BRAM014,Longo Curso,6573318.998
2025,Manaus,BRAM016,Interior,568421.91
2025,Manaus,BRAM017,Interior,579376.612
2025,Manaus,BRAM021,Apoio Portuário,820.857
2025,Manaus,BRAM021,Interior,883804.713
2025,Manaus,BRAM021,Longo Curso,727005.654
2025,Manaus,BRAM025,Apoio Marítimo,3674.276
2025,Manaus,BRAM025,Cabotagem,1513535.304
2025,Manaus,BRAM025,Interior,1631761.015
2025,Manaus,BRAM025,Longo Curso,246676.851
2025,Manaus,BRAM028,Interior,80995.6
2025,Manaus,BRAM029,Interior,284691.932
2025,Manaus,BRAM034,Interior,108.416
2025,Manaus,BRAM069,Interior,43000.0
2025,Manaus,BRAM075,Interior,26393.924
2025,Manaus,BRAM081,Interior,18642.833
2025,Manaus,BRAM087,Interior,363075.44
2025,Manaus,BRAM088,Interior,237961.48
2025,Manaus,BRAM091,Interior,2898911.479
2025,Manaus,BRAM091,Longo Curso,2838672.781
2025,Manaus,BRAM104,Interior,3564.338
2025,Manaus,BRAM155,Interior,185840.182
2025,Natal,BRNAT,Cabotagem,8407.4
2025,Natal,BRNAT,Longo Curso,486556.058
2025,Natal,BRRN001,Cabotagem,265067.564
2025,Natal,BRRN001,Longo Curso,1342299.612
2025,Paranaguá - Antonina,BRANT,Cabotagem,10499.45
2025,Paranaguá - Antonina,BRANT,Longo Curso,1327774.375
2025,Paranaguá - Antonina,BRPNG,Cabotagem,3480203.588
2025,Paranaguá - Antonina,BRPNG,Longo Curso,61755342.851
2025,Paranaguá - Antonina,BRPR002,Cabotagem,78372.995
2025,Paranaguá - Antonina,BRPR002,Longo Curso,4320211.623
2025,Pecém - Fortaleza,BRCE001,Cabotagem,11228433.679
2025,Pecém - Fortaleza,BRCE001,Longo Curso,9287422.232
2025,Pecém - Fortaleza,BRFOR,Cabotagem,2402756.447
2025,Pecém - Fortaleza,BRFOR,Longo Curso,2430007.435
2025,Porto Alegre,BRPOA,Cabotagem,14688.04
2025,Porto Alegre,BRPOA,Interior,306114.546
2025,Porto Alegre,BRRS003,Cabotagem,1399.717
2025,Porto Alegre,BRRS003,Interior,853214.872
2025,Porto Alegre,BRRS003,Longo Curso,13735.772
2025,Porto Alegre,BRRS006,Apoio Portuário,3278.0
2025,Porto Alegre,BRRS006,Interior,580359.0
2025,Porto Alegre,BRRS008,Interior,128931.11
2025,Porto Alegre,BRRS009,Cabotagem,7434929.985
2025,Porto Alegre,BRRS009,Longo Curso,3271547.816
2025,Porto Alegre,BRRS010,Interior,209912.169
2025,Porto Alegre,BRRS013,Interior,2785741.77
2025,Porto Alegre,BRRS013,Longo Curso,3879.1
2025,Porto Alegre,BRRS014,Cabotagem,2989.913
2025,Porto Alegre,BRRS014,Interior,1051.802
2025,Porto Alegre,BRRS014,Longo Curso,16421.83
2025,Porto Alegre,BRRS015,Interior,302346.407
2025,Porto Alegre,BRRS016,Interior,39930.228
2025,Porto Alegre,BRRS022,Interior,186329.657
2025,Porto Alegre,BRRS030,Interior,440429.051
2025,Porto Murtinho,BRMS011,Longo Curso,373996.713
2025,Porto Velho,BRPVH,Interior,2012909.31
2025,Porto Velho,BRRO002,Interior,227753.763
2025,Porto Velho,BRRO003,Interior,70695.562
2025,Porto Velho,BRRO005,Interior,65790.92
2025,Porto Velho,BRRO006,Interior,324929.025
2025,Porto Velho,BRRO007,Interior,194992.977
2025,Porto Velho,BRRO009,Apoio Marítimo,98.683
2025,Porto Velho,BRRO009,Apoio Portuário,367411.172
2025,Porto Velho,BRRO009,Interior,29313.85
2025,Porto Velho,BRRO010,Interior,238207.005
2025,Porto Velho,BRRO011,Interior,24164.063
2025,Porto Velho,BRRO013,Apoio Portuário,1792.0
2025,Porto Velho,BRRO013,Interior,3730811.725
2025,Porto Velho,BRRO014,Interior,1699366.22
2025,Porto Velho,BRRO022,Apoio Portuário,527.032
2025,Porto Velho,BRRO022,Interior,117404.054
2025,Porto Velho,BRRO025,Interior,255534.715
2025,Porto Velho,BRRO030,Interior,157399.801
2025,Rio Grande,BRPET,Interior,1076417.546
2025,Rio Grande,BRRIG,Cabotagem,9650469.584
2025,Rio Grande,BRRIG,Interior,3851139.068
2025,Rio Grande,BRRIG,Longo Curso,18133100.532
2025,Rio Grande,BRRS001,Interior,315476.789
2025,Rio Grande,BRRS001,Longo Curso,2409875.987
2025,Rio Grande,BRRS002,Apoio Portuário,2836.188
2025,Rio Grande,BRRS002,Interior,677996.003
2025,Rio Grande,BRRS002,Longo Curso,6020519.783
2025,Rio Grande,BRRS007,Interior,174530.191
2025,Rio Grande,BRRS007,Longo Curso,2320539.582
2025,Rio Grande,BRRS012,Interior,117940.0
2025,Rio de Janeiro -  Niterói,BRNTR,Apoio Marítimo,166519.144
2025,Rio de Janeiro -  Niterói,BRNTR,Apoio Portuário,2053.96
2025,Rio de Janeiro -  Niterói,BRRIO,Apoio Marítimo,514128.992
2025,Rio de Janeiro -  Niterói,BRRIO,Apoio Portuário,2632.156
2025,Rio de Janeiro -  Niterói,BRRIO,Cabotagem,3475347.949
2025,Rio de Janeiro -  Niterói,BRRIO,Interior,203.032
2025,Rio de Janeiro -  Niterói,BRRIO,Longo Curso,12913461.123
2025,Rio de Janeiro -  Niterói,BRRJ003,Longo Curso,207340.459
2025,Rio de Janeiro -  Niterói,BRRJ008,Cabotagem,451894.198
2025,Rio de Janeiro -  Niterói,BRRJ010,Cabotagem,12407192.84
2025,Rio de Janeiro -  Niterói,BRRJ010,Interior,1062177.148
2025,Rio de Janeiro -  Niterói,BRRJ010,Longo Curso,2435294.734
2025,Rio de Janeiro -  Niterói,BRRJ014,Apoio Marítimo,1187.505
2025,Rio de Janeiro -  Niterói,BRRJ015,Longo Curso,136137.597
2025,Rio de Janeiro -  Niterói,BRRJ018,Cabotagem,17848.047
2025,Rio de Janeiro -  Niterói,BRRJ018,Longo Curso,150934.198
2025,Rio de Janeiro -  Niterói,BRRJ019,Cabotagem,123290.602
2025,Rio de Janeiro -  Niterói,BRRJ055,Apoio Marítimo,1306.035
2025,Rio de Janeiro -  Niterói,BRRJ057,Apoio Marítimo,43442.907
2025,Rio de Janeiro -  Niterói,BRRJ057,Cabotagem,84992.78
2025,Rio de Janeiro -  Niterói,BRRJ066,Apoio Marítimo,941.394
2025,Rio de Janeiro -  Niterói,BRRJ066,Apoio Portuário,122.51
2025,Rio de Janeiro -  Niterói,BRRJ080,Apoio Marítimo,65.28
2025,Santarém,BRPA017,Interior,437504.363
2025,Santarém,BRPA028,Interior,16031.315
2025,Santarém,BRPA237,Interior,253886.844
2025,Santarém,BRPA297,Interior,34733.994
2025,Santarém,BRPA297,Longo Curso,569540.435
2025,Santarém,BRSTM,Cabotagem,285010.608
2025,Santarém,BRSTM,Interior,8050027.782
2025,Santarém,BRSTM,Longo Curso,10211971.128
2025,Santos,BRSP001,Interior,55850.0
2025,Santos,BRSP001,Longo Curso,14204378.931
2025,Santos,BRSP002,Cabotagem,448365.045
2025,Santos,BRSP002,Longo Curso,334022.074
2025,Santos,BRSP004,Longo Curso,3838092.875
2025,Santos,BRSP005,Cabotagem,256345.05
2025,Santos,BRSP005,Longo Curso,207571.49
2025,Santos,BRSP008,Apoio Portuário,4983760.0
2025,Santos,BRSP008,Cabotagem,2480379.58
2025,Santos,BRSP008,Longo Curso,9004849.37
2025,Santos,BRSP009,Apoio Marítimo,62374.57
2025,Santos,BRSSZ,Apoio Marítimo,24828.0
2025,Santos,BRSSZ,Cabotagem,14196631.719
2025,Santos,BRSSZ,Longo Curso,128597613.319
2025,Sem complexo - Terminal Isolado,BRAM039,Interior,6853.1
2025,Sem complexo - Terminal Isolado,BRAM079,Interior,317540.995
2025,Sem complexo - Terminal Isolado,BRRN003,Cabotagem,238725.3
2025,Sem complexo - Terminal Isolado,BRRS025,Cabotagem,123.23
2025,Sem complexo - Terminal Isolado,BRRS025,Interior,111.18
2025,Suape - Recife,BRREC,Cabotagem,80619.224
2025,Suape - Recife,BRREC,Longo Curso,1490066.912
2025,Suape - Recife,BRSUA,Apoio Portuário,11470.99
2025,Suape - Recife,BRSUA,Cabotagem,17036776.651
2025,Suape - Recife,BRSUA,Longo Curso,7205098.504
2025,São Francisco do Sul,BRSC007,Cabotagem,9891680.328
2025,São Francisco do Sul,BRSC007,Longo Curso,369592.3
2025,São Francisco do Sul,BRSC011,Longo Curso,16158506.839
2025,São Francisco do Sul,BRSFS,Cabotagem,2454118.091
2025,São Francisco do Sul,BRSFS,Longo Curso,15086762.811
2025,São João da Barra,BRRJ020,Longo Curso,24248712.0
2025,São João da Barra,BRRJ022,Interior,116.688
2025,São João da Barra,BRRJ022,Longo Curso,2088940.701
2025,São João da Barra,BRRJ025,Apoio Marítimo,27540.68
2025,São João da Barra,BRRJ025,Apoio Portuário,7947.0
2025,São João da Barra,BRRJ025,Cabotagem,8628.0
2025,São João da Barra,BRRJ026,Apoio Marítimo,7051.109
2025,São João da Barra,BRRJ026,Apoio Portuário,3.27
2025,São João da Barra,BRRJ039,Apoio Marítimo,14795.986
2025,São João da Barra,BRRJ039,Apoio Portuário,3425.653
2025,São João da Barra,BRRJ039,Cabotagem,3285.627
2025,São João da Barra,BRRJ051,Apoio Marítimo,619.971
2025,São João da Barra,BRRJ051,Apoio Portuário,20232.59
2025,São João da Barra,BRRJ051,Cabotagem,202085.027
2025,São João da Barra,BRRJ051,Longo Curso,210490.471
2025,São João da Barra,BRRJ053,Cabotagem,734090.82
2025,São João da Barra,BRRJ067,Cabotagem,30687868.738
2025,São João da Barra,BRRJ067,Longo Curso,29751498.204
2025,São João da Barra,BRRJ074,Longo Curso,811714.017
2025,São João da Barra,BRRJ078,Apoio Marítimo,2040.494
2025,São João da Barra,BRRJ078,Apoio Portuário,93.715
2025,São Sebastião,BRSP006,Cabotagem,49237611.046
2025,São Sebastião,BRSP006,Longo Curso,4816003.881
2025,São Sebastião,BRSSO,Cabotagem,29831.12
2025,São Sebastião,BRSSO,Longo Curso,1433343.65
2025,São Simão,BRGO001,Interior,1142487.526
2025,Tomé Açu,BRPA033,Interior,8057.28
2025,Vila do Conde - Belém,BRBEL,Apoio Marítimo,4.08
2025,Vila do Conde - Belém,BRBEL,Apoio Portuário,3703.95
2025,Vila do Conde - Belém,BRBEL,Cabotagem,1529389.924
2025,Vila do Conde - Belém,BRBEL,Interior,706796.367
2025,Vila do Conde - Belém,BRBEL,Longo Curso,589044.491
2025,Vila do Conde - Belém,BRPA005,Interior,930640.146
2025,Vila do Conde - Belém,BRPA005,Longo Curso,1457940.623
2025,Vila do Conde - Belém,BRPA006,Longo Curso,464727.31
2025,Vila do Conde - Belém,BRPA013,Interior,960144.213
2025,Vila do Conde - Belém,BRPA014,Interior,6063.711
2025,Vila do Conde - Belém,BRPA016,Interior,381732.358
2025,Vila do Conde - Belém,BRPA018,Interior,3769368.078
2025,Vila do Conde - Belém,BRPA018,Longo Curso,6017703.582
2025,Vila do Conde - Belém,BRPA043,Interior,5494999.836
2025,Vila do Conde - Belém,BRPA043,Longo Curso,7663517.117
2025,Vila do Conde - Belém,BRPA061,Interior,52472.431
2025,Vila do Conde - Belém,BRPA065,Interior,39794.542
2025,Vila do Conde - Belém,BRPA108,Interior,32527.37
2025,Vila do Conde - Belém,BRPA324,Interior,274509.194
2025,Vila do Conde - Belém,BRPA324,Longo Curso,289576.465
2025,Vila do Conde - Belém,BRVDC,Apoio Marítimo,225.0
2025,Vila do Conde - Belém,BRVDC,Apoio Portuário,4196.72
2025,Vila do Conde - Belém,BRVDC,Cabotagem,5983636.56
2025,Vila do Conde - Belém,BRVDC,Interior,1785653.222
2025,Vila do Conde - Belém,BRVDC,Longo Curso,13539337.003
2025,Vitória,BRES001,Cabotagem,2667864.606
2025,Vitória,BRES001,Longo Curso,84739490.205
2025,Vitória,BRES002,Apoio Portuário,2528.454
2025,Vitória,BRES002,Cabotagem,131179.0
2025,Vitória,BRES002,Interior,52856.849
2025,Vitória,BRES002,Longo Curso,16331014.55
2025,Vitória,BRES003,Cabotagem,540168.118
2025,Vitória,BRES003,Longo Curso,9622801.615
2025,Vitória,BRES004,Cabotagem,2297161.933
2025,Vitória,BRES004,Longo Curso,4940456.167
2025,Vitória,BRES005,Apoio Marítimo,38162.743
2025,Vitória,BRES007,Cabotagem,492456.253
2025,Vitória,BRVIX,Apoio Marítimo,59727.117
2025,Vitória,BRVIX,Apoio Portuário,1632.158
2025,Vitória,BRVIX,Cabotagem,3512299.891
2025,Vitória,BRVIX,Longo Curso,3848032.005
2025,Vitória do Xingu,BRPA066,Interior,50844.266
2025,Óbidos,BRPA001,Apoio Portuário,55130.0
2025,Óbidos,BRPA001,Cabotagem,7202789.0
2025,Óbidos,BRPA001,Longo Curso,5426312.0
2025,Óbidos,BRPA019,Cabotagem,7209522.0
2025,Óbidos,BRPA019,Longo Curso,453953.0
2025,Óbidos,BRPA209,Interior,91812.101
2026,Almeirim,BRPA208,Interior,3157.098
2026,Angra dos Reis,BRADR,Apoio Marítimo,2792.699
2026,Angra dos Reis,BRADR,Longo Curso,30942.432
2026,Angra dos Reis,BRRJ009,Cabotagem,5736704.104
2026,Angra dos Reis,BRRJ009,Longo Curso,5268120.954
2026,Aracajú,BRSE001,Apoio Marítimo,2741.693
2026,Aracajú,BRSE001,Cabotagem,33034.762
2026,Aracajú,BRSE001,Longo Curso,116781.67
2026,Aracajú,BRSE002,Longo Curso,99195.902
2026,Aratu - Salvador,BRARB,Cabotagem,182258.215
2026,Aratu - Salvador,BRARB,Longo Curso,838958.804
2026,Aratu - Salvador,BRBA002,Cabotagem,65807.201
2026,Aratu - Salvador,BRBA002,Longo Curso,3128.29
2026,Aratu - Salvador,BRBA003,Cabotagem,1934216.597
2026,Aratu - Salvador,BRBA003,Longo Curso,1566340.611
2026,Aratu - Salvador,BRBA006,Longo Curso,121494.799
2026,Aratu - Salvador,BRBA007,Longo Curso,688944.252
2026,Aratu - Salvador,BRBA009,Longo Curso,29682.425
2026,Aratu - Salvador,BRBA012,Longo Curso,75630.931
2026,Aratu - Salvador,BRSSA,Cabotagem,304251.264
2026,Aratu - Salvador,BRSSA,Longo Curso,569289.76
2026,Areia Branca,BRARE,Apoio Portuário,341352.8
2026,Areia Branca,BRARE,Cabotagem,141730.0
2026,Areia Branca,BRARE,Longo Curso,190800.0
2026,Areia Branca,BRRN004,Cabotagem,133937.7
2026,Areia Branca,BRRN005,Cabotagem,114446.8
2026,Areia Branca,BRRN006,Cabotagem,48046.8
2026,Barra do Riacho,BRES006,Longo Curso,1095455.987
2026,Barra do Riacho,BRES008,Longo Curso,53532.904
2026,Barra do Riacho,BRES010,Cabotagem,22662.006
2026,Barra do Riacho,BRES010,Longo Curso,3804.292
2026,Cabedelo (Instalação Isolada),BRCDO,Cabotagem,94144.923
2026,Cabedelo (Instalação Isolada),BRCDO,Longo Curso,141235.292
2026,Coari (Instalação Isolada),BRAM009,Cabotagem,64563.36
2026,Coari (Instalação Isolada),BRAM009,Interior,78524.841
2026,Corumbá,BRMS001,Longo Curso,140433.289
2026,Corumbá,BRMS002,Interior,941036.067
2026,Corumbá,BRMS022,Longo Curso,322347.349
2026,Ilhéus,BRBA005,Cabotagem,166266.0
2026,Ilhéus,BRIOS,Longo Curso,49182.91
2026,Imbituba,BRIBB,Cabotagem,115615.056
2026,Imbituba,BRIBB,Longo Curso,1205455.875
2026,Itaguaí,BRIGI,Cabotagem,402828.714
2026,Itaguaí,BRIGI,Longo Curso,7595344.849
2026,Itaguaí,BRRJ001,Longo Curso,4353195.0
2026,Itaguaí,BRRJ016,Longo Curso,914158.552
2026,Itaguaí,BRRJ023,Longo Curso,3609294.395
2026,Itaguaí,BRRJ054,Cabotagem,350.0
2026,Itaituba,BRPA038,Apoio Portuário,92068.502
2026,Itaituba,BRPA038,Interior,306136.642
2026,Itaituba,BRPA045,Interior,527543.375
2026,Itaituba,BRPA046,Interior,316778.975
2026,Itaituba,BRPA064,Interior,1306.622
2026,Itaituba,BRPA091,Interior,24788.365
2026,Itaituba,BRPA153,Interior,20336.77
2026,Itaituba,BRPA214,Interior,64391.191
2026,Itaituba,BRPA230,Interior,150076.024
2026,Itaituba,BRPA248,Interior,506045.86
2026,Itaituba,BRPA249,Interior,64068.699
2026,Itajaí,BRITJ,Cabotagem,92049.944
2026,Itajaí,BRITJ,Longo Curso,684612.563
2026,Itajaí,BRSC008,Cabotagem,343802.292
2026,Itajaí,BRSC008,Longo Curso,1476856.424
2026,Itajaí,BRSC012,Cabotagem,13774.687
2026,Itajaí,BRSC012,Longo Curso,18529.208
2026,Itajaí,BRSC013,Longo Curso,11673.539
2026,Itaqui,BRIQI,Cabotagem,759413.938
2026,Itaqui,BRIQI,Longo Curso,3444065.398
2026,Itaqui,BRMA001,Cabotagem,1782693.484
2026,Itaqui,BRMA001,Longo Curso,762438.113
2026,Itaqui,BRMA002,Cabotagem,230194.0
2026,Itaqui,BRMA002,Longo Curso,21173886.0
2026,LDC Pederneiras (Instalação Isolada),BRSP011,Interior,4337.852
2026,Macapá,BRAP019,Apoio Portuário,3925.028
2026,Macapá,BRAP019,Interior,55639.182
2026,Macapá,BRMCP,Interior,33156.945
2026,Macapá,BRMCP,Longo Curso,369432.648
2026,Maceió,BRAL001,Longo Curso,31742.72
2026,Maceió,BRMCZ,Cabotagem,80298.558
2026,Maceió,BRMCZ,Longo Curso,300392.78
2026,Manaus,BRAM001,Interior,78349.54
2026,Manaus,BRAM003,Cabotagem,51940.232
2026,Manaus,BRAM006,Cabotagem,1234937.51
2026,Manaus,BRAM006,Longo Curso,245238.862
2026,Manaus,BRAM007,Interior,19510.9
2026,Manaus,BRAM008,Interior,60480.265
2026,Manaus,BRAM011,Interior,61382.129
2026,Manaus,BRAM011,Longo Curso,266079.35
2026,Manaus,BRAM012,Interior,150627.99
2026,Manaus,BRAM012,Longo Curso,134075.13
2026,Manaus,BRAM014,Interior,988584.147
2026,Manaus,BRAM014,Longo Curso,1197865.292
2026,Manaus,BRAM016,Interior,102024.113
2026,Manaus,BRAM017,Interior,64781.636
2026,Manaus,BRAM021,Interior,130074.298
2026,Manaus,BRAM021,Longo Curso,48755.775
2026,Manaus,BRAM025,Apoio Marítimo,35939.158
2026,Manaus,BRAM025,Cabotagem,192238.089
2026,Manaus,BRAM025,Interior,278556.26
2026,Manaus,BRAM028,Interior,11658.14
2026,Manaus,BRAM034,Interior,5.044
2026,Manaus,BRAM069,Interior,14000.0
2026,Manaus,BRAM075,Interior,1174.516
2026,Manaus,BRAM087,Cabotagem,12638.535
2026,Manaus,BRAM087,Interior,44018.968
2026,Manaus,BRAM088,Interior,36670.865
2026,Manaus,BRAM091,Interior,267458.537
2026,Manaus,BRAM091,Longo Curso,89397.21
2026,Manaus,BRAM104,Interior,20948.872
2026,Manaus,BRAM155,Interior,32552.764
2026,Natal,BRNAT,Apoio Portuário,65.0
2026,Natal,BRNAT,Cabotagem,1521.92
2026,Natal,BRNAT,Longo Curso,118422.758
2026,Natal,BRRN001,Cabotagem,20340.244
2026,Natal,BRRN001,Longo Curso,217144.126
2026,Não Classificado,BRRO040,Interior,325388.324
2026,Paranaguá - Antonina,BRANT,Longo Curso,66921.39
2026,Paranaguá - Antonina,BRPNG,Cabotagem,542213.048
2026,Paranaguá - Antonina,BRPNG,Longo Curso,8609718.513
2026,Paranaguá - Antonina,BRPR002,Longo Curso,857113.899
2026,Pecém - Fortaleza,BRCE001,Cabotagem,1719522.833
2026,Pecém - Fortaleza,BRCE001,Longo Curso,1460609.173
2026,Pecém - Fortaleza,BRFOR,Cabotagem,366858.467
2026,Pecém - Fortaleza,BRFOR,Longo Curso,384942.489
2026,Porto Alegre,BRPOA,Cabotagem,20000.7
2026,Porto Alegre,BRPOA,Interior,14606.75
2026,Porto Alegre,BRRS003,Interior,106396.658
2026,Porto Alegre,BRRS006,Interior,131013.534
2026,Porto Alegre,BRRS008,Interior,31810.95
2026,Porto Alegre,BRRS009,Cabotagem,1389727.855
2026,Porto Alegre,BRRS009,Longo Curso,491561.6
2026,Porto Alegre,BRRS010,Interior,35290.843
2026,Porto Alegre,BRRS013,Interior,264587.578
2026,Porto Alegre,BRRS014,Longo Curso,2807.391
2026,Porto Alegre,BRRS015,Interior,46167.444
2026,Porto Alegre,BRRS016,Interior,6796.703
2026,Porto Alegre,BRRS022,Interior,17797.092
2026,Porto Alegre,BRRS030,Interior,39674.68
2026,Porto Velho,BRPVH,Interior,362730.76
2026,Porto Velho,BRRO002,Interior,23683.002
2026,Porto Velho,BRRO003,Interior,11310.395
2026,Porto Velho,BRRO005,Interior,8761.132
2026,Porto Velho,BRRO007,Interior,33986.178
2026,Porto Velho,BRRO009,Apoio Marítimo,360.018
2026,Porto Velho,BRRO009,Apoio Portuário,33715.355
2026,Porto Velho,BRRO010,Interior,40274.525
2026,Porto Velho,BRRO011,Interior,3931.277
2026,Porto Velho,BRRO013,Interior,677106.412
2026,Porto Velho,BRRO014,Interior,348263.91
2026,Porto Velho,BRRO022,Interior,18054.235
2026,Porto Velho,BRRO025,Interior,43295.436
2026,Porto Velho,BRRO030,Interior,18872.354
2026,Rio Grande,BRPET,Interior,143555.49
2026,Rio Grande,BRRIG,Cabotagem,1243209.697
2026,Rio Grande,BRRIG,Interior,486431.139
2026,Rio Grande,BRRIG,Longo Curso,2475263.542
2026,Rio Grande,BRRS001,Interior,24372.489
2026,Rio Grande,BRRS001,Longo Curso,228107.587
2026,Rio Grande,BRRS002,Cabotagem,99000.0
2026,Rio Grande,BRRS002,Interior,117162.307
2026,Rio Grande,BRRS002,Longo Curso,844649.398
2026,Rio Grande,BRRS007,Interior,16581.228
2026,Rio Grande,BRRS007,Longo Curso,210128.315
2026,Rio Grande,BRRS012,Interior,24374.0
2026,Rio de Janeiro -  Niterói,BRNTR,Apoio Marítimo,33741.393
2026,Rio de Janeiro -  Niterói,BRRIO,Apoio Marítimo,98396.771
2026,Rio de Janeiro -  Niterói,BRRIO,Apoio Portuário,280.0
2026,Rio de Janeiro -  Niterói,BRRIO,Cabotagem,436757.755
2026,Rio de Janeiro -  Niterói,BRRIO,Longo Curso,1734833.568
2026,Rio de Janeiro -  Niterói,BRRJ003,Longo Curso,25946.075
2026,Rio de Janeiro -  Niterói,BRRJ008,Cabotagem,143886.992
2026,Rio de Janeiro -  Niterói,BRRJ010,Cabotagem,2150173.936
2026,Rio de Janeiro -  Niterói,BRRJ010,Interior,175466.941
2026,Rio de Janeiro -  Niterói,BRRJ010,Longo Curso,337865.37
2026,Rio de Janeiro -  Niterói,BRRJ014,Apoio Marítimo,134.938
2026,Rio de Janeiro -  Niterói,BRRJ015,Longo Curso,22009.725
2026,Rio de Janeiro -  Niterói,BRRJ018,Longo Curso,33233.378
2026,Rio de Janeiro -  Niterói,BRRJ019,Cabotagem,14700.0
2026,Rio de Janeiro -  Niterói,BRRJ057,Apoio Marítimo,9187.347
2026,Rio de Janeiro -  Niterói,BRRJ057,Cabotagem,28131.486
2026,Rio de Janeiro -  Niterói,BRRJ066,Apoio Marítimo,94.1
2026,Rio de Janeiro -  Niterói,BRRJ080,Apoio Marítimo,117.026
2026,Santarém,BRPA017,Interior,81884.275
2026,Santarém,BRPA028,Interior,700.0
2026,Santarém,BRPA237,Interior,37142.519
2026,Santarém,BRPA297,Interior,6817.974
2026,Santarém,BRPA297,Longo Curso,94537.827
2026,Santarém,BRSTM,Cabotagem,62077.609
2026,Santarém,BRSTM,Interior,1446288.325
2026,Santarém,BRSTM,Longo Curso,1396944.924
2026,Santos,BRSP001,Longo Curso,1483765.518
2026,Santos,BRSP002,Cabotagem,101511.308
2026,Santos,BRSP004,Longo Curso,474256.367
2026,Santos,BRSP005,Cabotagem,41995.0
2026,Santos,BRSP005,Longo Curso,28366.0
2026,Santos,BRSP008,Apoio Portuário,712482.0
2026,Santos,BRSP008,Cabotagem,599535.64
2026,Santos,BRSP008,Longo Curso,1511385.55
2026,Santos,BRSP009,Apoio Marítimo,76380.212
2026,Santos,BRSSZ,Apoio Marítimo,2846.28
2026,Santos,BRSSZ,Cabotagem,2249516.143
2026,Santos,BRSSZ,Longo Curso,17591227.722
2026,Sem complexo - Terminal Isolado,BRAM039,Interior,992.422
2026,Sem complexo - Terminal Isolado,BRAM079,Interior,80073.67
2026,Sem complexo - Terminal Isolado,BRRN003,Apoio Portuário,1801.6
2026,Sem complexo - Terminal Isolado,BRRN003,Cabotagem,50222.5
2026,Suape - Recife,BRREC,Cabotagem,8550.791
2026,Suape - Recife,BRREC,Longo Curso,190756.588
2026,Suape - Recife,BRSUA,Cabotagem,3088887.847
2026,Suape - Recife,BRSUA,Longo Curso,1189102.722
2026,São Francisco do Sul,BRSC007,Cabotagem,1731130.486
2026,São Francisco do Sul,BRSC011,Longo Curso,2390345.82
2026,São Francisco do Sul,BRSFS,Cabotagem,444247.375
2026,São Francisco do Sul,BRSFS,Longo Curso,1262930.232
2026,São João da Barra,BRRJ020,Longo Curso,4023581.0
2026,São João da Barra,BRRJ022,Apoio Marítimo,32859.79
2026,São João da Barra,BRRJ022,Longo Curso,306803.425
2026,São João da Barra,BRRJ025,Apoio Marítimo,1279.193
2026,São João da Barra,BRRJ025,Apoio Portuário,1648.0
2026,São João da Barra,BRRJ025,Cabotagem,756.0
2026,São João da Barra,BRRJ026,Apoio Marítimo,1552.53
2026,São João da Barra,BRRJ039,Apoio Marítimo,4122.362
2026,São João da Barra,BRRJ051,Cabotagem,42287.906
2026,São João da Barra,BRRJ051,Longo Curso,38130.096
2026,São João da Barra,BRRJ053,Cabotagem,95060.68
2026,São João da Barra,BRRJ067,Cabotagem,6984909.457
2026,São João da Barra,BRRJ067,Longo Curso,6678743.856
2026,São João da Barra,BRRJ078,Apoio Marítimo,1283.931
2026,São João da Barra,BRRJ078,Apoio Portuário,27.26
2026,São Sebastião,BRSP006,Cabotagem,7851501.585
2026,São Sebastião,BRSP006,Longo Curso,994483.987
2026,São Sebastião,BRSSO,Longo Curso,226162.92
2026,São Simão,BRGO001,Interior,37151.976
2026,Vila do Conde - Belém,BRBEL,Cabotagem,245716.829
2026,Vila do Conde - Belém,BRBEL,Interior,61660.366
2026,Vila do Conde - Belém,BRBEL,Longo Curso,27890.782
2026,Vila do Conde - Belém,BRPA005,Interior,443375.226
2026,Vila do Conde - Belém,BRPA005,Longo Curso,705067.592
2026,Vila do Conde - Belém,BRPA013,Interior,127956.354
2026,Vila do Conde - Belém,BRPA016,Interior,52332.414
2026,Vila do Conde - Belém,BRPA018,Interior,350720.546
2026,Vila do Conde - Belém,BRPA018,Longo Curso,593416.095
2026,Vila do Conde - Belém,BRPA043,Interior,594059.138
2026,Vila do Conde - Belém,BRPA043,Longo Curso,840834.416
2026,Vila do Conde - Belém,BRPA061,Interior,19378.979
2026,Vila do Conde - Belém,BRPA065,Interior,4753.4
2026,Vila do Conde - Belém,BRPA108,Interior,1489.502
2026,Vila do Conde - Belém,BRPA324,Interior,27711.621
2026,Vila do Conde - Belém,BRPA324,Longo Curso,54514.442
2026,Vila do Conde - Belém,BRVDC,Apoio Portuário,1011.82
2026,Vila do Conde - Belém,BRVDC,Cabotagem,1062796.75
2026,Vila do Conde - Belém,BRVDC,Interior,152149.85
2026,Vila do Conde - Belém,BRVDC,Longo Curso,1846524.49
2026,Vitória,BRES001,Cabotagem,524307.97
2026,Vitória,BRES001,Longo Curso,12603805.927
2026,Vitória,BRES002,Apoio Portuário,2981.44
2026,Vitória,BRES002,Cabotagem,59676.0
2026,Vitória,BRES002,Longo Curso,2167065.0
2026,Vitória,BRES003,Longo Curso,1622829.267
2026,Vitória,BRES004,Cabotagem,374334.358
2026,Vitória,BRES004,Longo Curso,947950.282
2026,Vitória,BRES005,Apoio Marítimo,4962.235
2026,Vitória,BRES007,Cabotagem,104853.173
2026,Vitória,BRVIX,Apoio Marítimo,13416.211
2026,Vitória,BRVIX,Apoio Portuário,83.822
2026,Vitória,BRVIX,Cabotagem,488321.65
2026,Vitória,BRVIX,Longo Curso,676796.259
2026,Vitória do Xingu,BRPA066,Interior,4001.346
2026,Óbidos,BRPA001,Cabotagem,1215102.0
2026,Óbidos,BRPA001,Longo Curso,672901.0
2026,Óbidos,BRPA019,Apoio Marítimo,58035.0
2026,Óbidos,BRPA019,Cabotagem,1147069.0
2026,Óbidos,BRPA019,Longo Curso,161580.0
2026,Óbidos,BRPA209,Interior,12626.063
