ano,complexo,codigo,t_espera_atracacao_h,t_operacao_h,t_atracado_h,t_estadia_h
2010,Almeirim,BRPA002,1.177,44.0,64.082,65.875
2010,Almeirim,BRPA004,0.385,66.257,68.43,68.807
2010,Angra dos Reis,BRADR,2.284,19.443,37.329,46.011
2010,Angra dos Reis,BRRJ009,70.299,30.306,50.327,122.863
2010,Angra dos Reis,BRRJ012,11.433,764.606,766.535,767.574
2010,Aracajú,BRSE001,24.706,81.776,85.477,118.813
2010,Aracajú,BRSE002,19.331,20.967,28.127,47.42
2010,Aratu - Salvador,BRARB,62.559,46.183,59.168,124.997
2010,Aratu - Salvador,BRBA002,15.887,29.431,34.719,49.325
2010,Aratu - Salvador,BRBA003,40.883,23.766,37.196,78.379
2010,Aratu - Salvador,BRBA006,6.588,175.067,183.933,190.522
2010,Aratu - Salvador,BRBA007,199.283,90.602,99.13,301.251
2010,Aratu - Salvador,BRBA008,0.726,10.774,17.004,17.773
2010,Aratu - Salvador,BRSSA,9.64,21.405,25.53,35.61
2010,Areia Branca,BRARE,5.318,5.198,5.803,10.732
2010,Barra do Riacho,BRES006,7.271,25.442,34.266,42.76
2010,Barra do Riacho,BRES008,14.183,22.182,27.089,41.272
2010,Cabedelo (Instalação Isolada),BRCDO,7.595,39.569,53.484,63.772
2010,Coari (Instalação Isolada),BRAM009,6.319,8.3,11.356,17.921
2010,Corumbá,BRMS001,0.828,3.327,58.61,59.299
2010,Corumbá,BRMS002,54.763,2.911,5.943,66.424
2010,Corumbá,BRMS003,0.1,3.059,3.875,4.027
2010,Corumbá,BRMS005,52.325,307.725,369.907,384.857
2010,Estrela,BRRS011,,8.78,11.468,11.468
2010,Forno,BRFNO,0.558,110.987,113.821,114.378
2010,Forno,BRRJ004,,,,
2010,Ilhéus,BRBA004,1.437,14.456,22.701,24.134
2010,Ilhéus,BRBA005,2.12,48.241,69.506,73.639
2010,Ilhéus,BRIOS,0.25,115.232,133.875,133.982
2010,Imbituba,BRIBB,27.152,47.463,55.973,84.9
2010,Itaguaí,BRIGI,108.825,31.395,37.32,148.924
2010,Itaguaí,BRRJ001,181.732,52.622,66.48,249.188
2010,Itaguaí,BRRJ016,36.419,74.532,91.477,127.896
2010,Itajaí,BRITJ,14.482,16.891,16.894,31.653
2010,Itajaí,BRSC001,0.067,99.997,107.053,114.694
2010,Itajaí,BRSC008,,19.017,19.017,20.075
2010,Itajaí,BRSC012,9.885,22.307,34.922,37.574
2010,Itajaí,BRSC015,17.385,14.094,25.411,42.797
2010,Itaqui,BRIQI,95.78,56.483,58.84,158.655
2010,Itaqui,BRMA001,89.888,37.292,46.959,134.748
2010,Itaqui,BRMA002,196.326,36.653,41.618,240.352
2010,Macapá,BRAP003,0.5,3.998,10.544,10.583
2010,Macapá,BRAP004,53.13,43.593,52.878,106.008
2010,Macapá,BRMCP,0.155,34.061,37.333,37.487
2010,Maceió,BRAL001,6.547,17.072,23.901,30.448
2010,Maceió,BRMCZ,37.261,41.443,51.23,109.864
2010,Manaus,BRAM001,,6.0,6.0,6.0
2010,Manaus,BRAM003,1.639,64.952,92.904,94.543
2010,Manaus,BRAM004,0.142,0.364,0.631,0.675
2010,Manaus,BRAM006,12.439,56.926,69.765,74.374
2010,Manaus,BRAM007,,6.0,6.0,6.0
2010,Manaus,BRAM008,0.767,9.399,69.494,72.709
2010,Manaus,BRAM010,0.294,89.182,202.984,203.278
2010,Manaus,BRAM011,20.59,15.756,24.074,45.483
2010,Manaus,BRAM012,9.217,40.813,47.112,48.646
2010,Manaus,BRAM013,5.529,130.702,148.733,154.262
2010,Manaus,BRAM014,0.517,5.418,5.432,5.419
2010,Manaus,BRAM015,1.0,1.0,1.0,2.0
2010,Manaus,BRAM016,1.0,13.705,13.705,9.826
2010,Natal,BRNAT,1.404,37.567,51.774,55.524
2010,Natal,BRRN001,27.626,34.036,46.036,73.662
2010,Natal,BRRN002,18.417,18.294,40.488,59.933
2010,Não Classificado,BR,,,,
2010,Paranaguá - Antonina,BRANT,144.483,141.674,159.133,303.616
2010,Paranaguá - Antonina,BRPNG,124.053,45.223,46.142,171.745
2010,Paranaguá - Antonina,BRPR002,40.861,28.922,38.565,82.477
2010,Pecém - Fortaleza,BRCE001,28.782,21.216,24.907,53.634
2010,Pecém - Fortaleza,BRFOR,17.034,36.32,47.047,64.386
2010,Porto Alegre,BRPOA,0.13,44.826,54.378,54.506
2010,Porto Alegre,BRRS003,3.119,18.759,61.655,69.748
2010,Porto Alegre,BRRS006,0.233,10.521,10.503,10.66
2010,Porto Alegre,BRRS008,0.167,6.062,16.769,16.937
2010,Porto Alegre,BRRS009,166.735,27.962,32.568,201.255
2010,Porto Alegre,BRRS010,10.152,22.917,48.44,58.616
2010,Porto Alegre,BRRS013,0.571,14.775,30.855,32.056
2010,Porto Alegre,BRRS014,0.683,14.438,27.431,28.115
2010,Porto Alegre,BRRS015,,14.612,14.922,14.922
2010,Porto Alegre,BRRS016,0.254,12.364,28.049,28.303
2010,Porto Velho,BRPVH,150.272,7.412,8.557,155.297
2010,Porto Velho,BRRO001,77.889,38.071,38.789,116.289
2010,Porto Velho,BRRO002,,6.0,6.0,6.0
2010,Porto Velho,BRRO003,0.089,7.535,7.63,7.868
2010,Porto Velho,BRRO005,,6.0,6.0,6.0
2010,Porto Velho,BRRO006,144.771,6.836,9.23,154.713
2010,Porto Velho,BRRO007,0.184,4.977,6.142,6.328
2010,Rio Grande,BRPET,0.5,31.806,50.897,51.397
2010,Rio Grande,BRRIG,21.207,22.096,31.499,53.683
2010,Rio Grande,BRRS001,46.401,73.31,83.645,129.75
2010,Rio Grande,BRRS002,24.14,17.746,26.096,50.59
2010,Rio Grande,BRRS005,42.162,87.508,98.478,148.104
2010,Rio Grande,BRRS007,50.171,33.617,46.084,80.023
2010,Rio Grande,BRRS012,3.583,26.127,40.713,40.895
2010,Rio de Janeiro -  Niterói,BRNTR,4.625,7.041,37.239,38.702
2010,Rio de Janeiro -  Niterói,BRRIO,8.376,22.006,32.455,40.01
2010,Rio de Janeiro -  Niterói,BRRJ003,22.204,15.027,30.531,52.735
2010,Rio de Janeiro -  Niterói,BRRJ005,,,,
2010,Rio de Janeiro -  Niterói,BRRJ007,1.377,28.097,37.978,40.458
2010,Rio de Janeiro -  Niterói,BRRJ008,21.477,21.59,35.452,56.93
2010,Rio de Janeiro -  Niterói,BRRJ010,53.401,20.774,29.238,55.957
2010,Rio de Janeiro -  Niterói,BRRJ011,,,,
2010,Rio de Janeiro -  Niterói,BRRJ013,2.104,84.15,629.883,645.617
2010,Rio de Janeiro -  Niterói,BRRJ014,,,,
2010,Rio de Janeiro -  Niterói,BRRJ015,11.591,12.856,21.329,32.92
2010,Rio de Janeiro -  Niterói,BRRJ017,4.593,23.055,54.193,60.768
2010,Rio de Janeiro -  Niterói,BRRJ018,30.152,25.881,86.793,116.945
2010,Rio de Janeiro -  Niterói,BRRJ019,6.491,22.689,34.182,40.673
2010,Santarém,BRPA017,,1.389,3.116,3.116
2010,Santarém,BRPA028,0.887,8.438,10.786,11.639
2010,Santarém,BRSTM,0.217,18.471,32.472,33.457
2010,Santos,BRSP001,195.699,60.29,70.69,266.389
2010,Santos,BRSP002,114.492,100.045,111.541,231.833
2010,Santos,BRSP004,,48.996,60.885,60.885
2010,Santos,BRSP005,13.837,21.357,28.372,44.28
2010,Santos,BRSSZ,75.511,39.43,39.574,87.055
2010,Suape - Recife,BRREC,8.82,138.475,142.281,154.983
2010,Suape - Recife,BRSUA,14.631,19.606,26.331,42.309
2010,São Francisco do Sul,BRSC007,30.897,26.418,29.393,60.83
2010,São Francisco do Sul,BRSFS,91.576,37.3,39.365,126.934
2010,São Sebastião,BRSP006,45.454,27.115,41.763,88.064
2010,São Sebastião,BRSSO,36.257,111.74,173.568,214.742
2010,Vila do Conde - Belém,BRBEL,0.49,21.32,23.361,23.753
2010,Vila do Conde - Belém,BRPA005,15.614,25.483,37.571,53.185
2010,Vila do Conde - Belém,BRPA006,33.61,38.722,47.411,81.021
2010,Vila do Conde - Belém,BRPA013,,6.0,6.0,6.0
2010,Vila do Conde - Belém,BRPA014,,33.172,34.061,34.256
2010,Vila do Conde - Belém,BRPA016,1.0,4.233,47.103,47.208
2010,Vila do Conde - Belém,BRVDC,32.529,42.183,52.988,54.496
2010,Vitória,BRES001,169.623,32.765,37.045,209.075
2010,Vitória,BRES002,48.973,35.774,34.85,83.955
2010,Vitória,BRES003,195.703,75.625,81.657,281.679
2010,Vitória,BRES004,87.366,36.982,55.807,145.238
2010,Vitória,BRES005,15.948,4.8,8.479,24.968
2010,Vitória,BRES007,48.206,49.473,64.697,113.6
2010,Vitória,BRES009,,0.432,0.432,0.432
2010,Vitória,BRVIX,20.375,29.323,38.017,63.08
2010,Óbidos,BRPA001,19.687,14.568,16.818,36.471
2010,Óbidos,BRPA019,7.998,23.921,30.789,38.044
2011,Almeirim,BRPA002,1.002,43.655,65.737,68.248
2011,Almeirim,BRPA004,2.356,76.214,84.675,90.48
2011,Angra dos Reis,BRADR,14.941,16.516,33.655,37.857
2011,Angra dos Reis,BRRJ009,76.149,30.983,49.563,128.013
2011,Angra dos Reis,BRRJ012,20.25,92.056,96.623,98.181
2011,Aracajú,BRSE001,26.596,93.614,94.087,150.282
2011,Aracajú,BRSE002,20.456,22.42,31.164,51.62
2011,Aratu - Salvador,BRARB,104.021,50.823,62.157,173.563
2011,Aratu - Salvador,BRBA002,10.808,26.192,31.374,43.929
2011,Aratu - Salvador,BRBA003,53.422,25.206,38.724,93.624
2011,Aratu - Salvador,BRBA006,81.689,181.304,192.151,273.84
2011,Aratu - Salvador,BRBA007,111.357,80.365,88.619,199.976
2011,Aratu - Salvador,BRBA008,0.79,12.678,19.908,20.708
2011,Aratu - Salvador,BRSSA,14.716,21.584,25.81,42.342
2011,Areia Branca,BRARE,5.053,7.053,6.729,11.777
2011,Barra do Riacho,BRES006,11.143,26.471,35.124,48.267
2011,Barra do Riacho,BRES008,36.509,24.837,32.138,71.454
2011,Cabedelo (Instalação Isolada),BRCDO,12.741,39.773,55.141,67.794
2011,Coari (Instalação Isolada),BRAM009,5.333,9.119,12.268,17.855
2011,Corumbá,BRMS001,0.713,3.444,70.276,72.127
2011,Corumbá,BRMS002,42.872,3.112,5.931,45.598
2011,Corumbá,BRMS003,0.4,2.757,3.412,3.481
2011,Corumbá,BRMS005,147.0,289.0,289.0,436.0
2011,Estrela,BRETL,8.167,27.913,36.49,37.51
2011,Estrela,BRRS004,,31.475,40.292,40.292
2011,Estrela,BRRS011,,8.628,10.717,10.764
2011,Forno,BRFNO,0.247,114.103,114.603,108.69
2011,Forno,BRRJ004,,,,
2011,Ilhéus,BRBA004,1.244,12.24,21.353,22.826
2011,Ilhéus,BRBA005,1.884,49.28,59.808,61.955
2011,Ilhéus,BRIOS,0.184,66.474,86.309,92.862
2011,Imbituba,BRIBB,41.919,45.742,57.484,104.283
2011,Itaguaí,BRIGI,101.61,30.329,36.569,141.687
2011,Itaguaí,BRRJ001,214.84,52.524,66.253,280.338
2011,Itaguaí,BRRJ016,72.577,81.387,110.561,185.262
2011,Itajaí,BRITJ,13.352,17.29,20.426,33.738
2011,Itajaí,BRSC001,,74.536,74.536,87.057
2011,Itajaí,BRSC008,9.527,16.982,16.982,24.459
2011,Itajaí,BRSC012,11.8,28.444,48.901,49.556
2011,Itajaí,BRSC017,11.148,15.63,24.954,36.102
2011,Itaqui,BRIQI,77.813,52.7,54.954,134.046
2011,Itaqui,BRMA001,69.166,31.787,39.912,108.753
2011,Itaqui,BRMA002,245.984,33.889,38.749,285.302
2011,Macapá,BRAP003,,6.294,11.088,11.11
2011,Macapá,BRAP004,100.749,50.76,60.372,173.568
2011,Macapá,BRMCP,0.086,20.026,24.91,24.997
2011,Maceió,BRAL001,11.987,18.566,25.108,38.565
2011,Maceió,BRMCZ,41.854,36.708,46.77,90.095
2011,Manaus,BRAM001,,6.0,6.0,6.0
2011,Manaus,BRAM003,2.242,67.36,86.734,88.976
2011,Manaus,BRAM004,0.099,0.538,0.906,0.992
2011,Manaus,BRAM006,3.997,47.809,57.996,58.847
2011,Manaus,BRAM007,,6.0,6.0,6.0
2011,Manaus,BRAM008,0.25,7.933,61.636,61.671
2011,Manaus,BRAM010,0.333,94.826,132.51,132.635
2011,Manaus,BRAM011,31.006,17.53,24.404,56.086
2011,Manaus,BRAM012,10.99,40.151,47.865,48.827
2011,Manaus,BRAM013,2.95,110.0,146.856,148.822
2011,Manaus,BRAM014,0.967,5.251,5.299,5.303
2011,Manaus,BRAM015,1.0,1.0,1.0,2.0
2011,Manaus,BRAM016,1.0,10.209,10.209,7.205
2011,Manaus,BRAM018,,9.0,19.0,19.0
2011,Natal,BRNAT,3.176,33.631,53.478,56.847
2011,Natal,BRRN001,35.94,36.928,48.462,87.841
2011,Natal,BRRN002,13.939,18.131,39.028,53.346
2011,Não Classificado,BR,,,,
2011,Paranaguá - Antonina,BRANT,300.779,120.563,131.922,432.702
2011,Paranaguá - Antonina,BRPNG,178.219,47.557,48.646,228.33
2011,Paranaguá - Antonina,BRPR002,48.325,31.528,41.815,89.473
2011,Pecém - Fortaleza,BRCE001,37.628,28.266,31.776,74.949
2011,Pecém - Fortaleza,BRFOR,21.205,34.508,44.611,66.829
2011,Porto Alegre,BRPOA,0.101,43.891,52.892,52.991
2011,Porto Alegre,BRRS003,13.686,14.888,59.1,75.765
2011,Porto Alegre,BRRS006,,9.049,9.052,9.052
2011,Porto Alegre,BRRS008,0.667,5.147,20.806,20.929
2011,Porto Alegre,BRRS009,107.58,29.501,34.266,144.946
2011,Porto Alegre,BRRS010,3.427,14.382,37.554,43.945
2011,Porto Alegre,BRRS013,0.631,21.993,43.402,44.262
2011,Porto Alegre,BRRS014,3.869,15.769,26.006,31.174
2011,Porto Alegre,BRRS015,0.211,12.17,12.658,12.551
2011,Porto Alegre,BRRS016,0.227,15.705,28.364,31.727
2011,Porto Velho,BRPVH,58.387,6.896,7.211,68.185
2011,Porto Velho,BRRO001,81.727,36.781,38.132,119.263
2011,Porto Velho,BRRO002,,6.0,6.0,6.0
2011,Porto Velho,BRRO003,0.083,8.061,8.17,8.252
2011,Porto Velho,BRRO005,,6.0,6.0,6.0
2011,Porto Velho,BRRO006,162.641,7.196,9.579,172.5
2011,Porto Velho,BRRO007,0.357,6.123,9.353,9.729
2011,Rio Grande,BRPET,0.5,23.489,40.425,42.8
2011,Rio Grande,BRRIG,27.958,22.866,31.888,60.445
2011,Rio Grande,BRRS001,105.415,55.864,67.419,111.954
2011,Rio Grande,BRRS002,35.621,17.587,24.195,59.698
2011,Rio Grande,BRRS005,103.626,89.318,101.664,211.043
2011,Rio Grande,BRRS007,32.833,53.87,61.899,84.626
2011,Rio Grande,BRRS012,,29.869,50.524,50.524
2011,Rio de Janeiro -  Niterói,BRNTR,12.075,13.424,31.883,35.11
2011,Rio de Janeiro -  Niterói,BRRIO,11.199,21.68,31.687,41.635
2011,Rio de Janeiro -  Niterói,BRRJ003,20.784,14.151,29.549,50.362
2011,Rio de Janeiro -  Niterói,BRRJ005,,,,
2011,Rio de Janeiro -  Niterói,BRRJ007,0.361,20.611,40.167,40.528
2011,Rio de Janeiro -  Niterói,BRRJ008,29.425,20.487,33.365,62.79
2011,Rio de Janeiro -  Niterói,BRRJ010,48.787,13.923,22.012,38.339
2011,Rio de Janeiro -  Niterói,BRRJ011,,,,
2011,Rio de Janeiro -  Niterói,BRRJ013,0.192,77.833,86.125,86.317
2011,Rio de Janeiro -  Niterói,BRRJ014,,,,
2011,Rio de Janeiro -  Niterói,BRRJ015,15.466,16.008,24.027,39.492
2011,Rio de Janeiro -  Niterói,BRRJ017,2.481,20.641,46.148,46.22
2011,Rio de Janeiro -  Niterói,BRRJ018,90.948,14.954,69.181,160.13
2011,Rio de Janeiro -  Niterói,BRRJ019,9.803,29.273,43.5,53.303
2011,Santarém,BRPA017,,1.27,3.678,3.678
2011,Santarém,BRPA028,13.133,15.757,26.139,30.243
2011,Santarém,BRSTM,0.417,24.763,26.297,26.805
2011,Santos,BRSP001,272.93,56.675,65.528,338.06
2011,Santos,BRSP002,155.168,95.723,110.746,276.142
2011,Santos,BRSP004,,63.273,79.308,79.308
2011,Santos,BRSP005,15.563,23.973,28.815,45.115
2011,Santos,BRSSZ,51.181,36.208,36.238,65.131
2011,Suape - Recife,BRREC,10.006,140.257,140.71,153.457
2011,Suape - Recife,BRSUA,22.382,24.843,32.806,58.761
2011,São Francisco do Sul,BRSC007,24.569,24.178,27.591,53.193
2011,São Francisco do Sul,BRSC011,4.076,9.207,14.141,18.618
2011,São Francisco do Sul,BRSFS,70.998,32.539,36.359,107.075
2011,São Sebastião,BRSP006,62.381,27.941,42.309,104.653
2011,São Sebastião,BRSSO,47.093,80.637,93.557,147.102
2011,Vila do Conde - Belém,BRBEL,0.561,24.594,28.129,28.582
2011,Vila do Conde - Belém,BRPA005,16.557,27.552,39.692,56.249
2011,Vila do Conde - Belém,BRPA006,20.788,40.656,52.581,73.434
2011,Vila do Conde - Belém,BRPA013,,6.0,6.0,6.0
2011,Vila do Conde - Belém,BRPA014,0.917,27.965,28.099,28.277
2011,Vila do Conde - Belém,BRPA016,0.767,3.737,36.849,36.854
2011,Vila do Conde - Belém,BRVDC,7.056,39.766,51.019,51.046
2011,Vitória,BRES001,217.039,36.04,40.406,261.016
2011,Vitória,BRES002,78.442,39.357,44.676,123.24
2011,Vitória,BRES003,308.151,82.503,87.342,398.462
2011,Vitória,BRES004,87.529,40.705,56.706,145.433
2011,Vitória,BRES005,19.392,,8.474,28.222
2011,Vitória,BRES007,59.078,55.991,64.714,117.464
2011,Vitória,BRES009,,0.408,0.408,0.408
2011,Vitória,BRVIX,30.957,32.154,40.835,77.396
2011,Óbidos,BRPA001,20.434,16.209,18.474,39.039
2011,Óbidos,BRPA019,6.031,24.502,31.242,38.151
2012,Almeirim,BRPA002,1.043,48.251,75.998,78.981
2012,Almeirim,BRPA004,2.187,69.699,86.333,88.573
2012,Angra dos Reis,BRADR,17.643,16.461,27.292,35.693
2012,Angra dos Reis,BRRJ009,94.748,31.192,54.262,149.01
2012,Angra dos Reis,BRRJ012,,116.188,116.188,116.188
2012,Aracajú,BRSE001,5.627,30.609,23.648,28.993
2012,Aracajú,BRSE002,41.685,17.721,26.921,73.126
2012,Aratu - Salvador,BRARB,97.899,48.544,60.415,158.181
2012,Aratu - Salvador,BRBA002,9.507,25.11,29.948,39.614
2012,Aratu - Salvador,BRBA003,68.457,26.266,41.005,110.464
2012,Aratu - Salvador,BRBA006,32.922,163.588,177.807,234.193
2012,Aratu - Salvador,BRBA007,214.394,72.371,79.505,293.899
2012,Aratu - Salvador,BRBA008,0.832,12.809,16.069,16.903
2012,Aratu - Salvador,BRSSA,13.659,19.405,23.325,38.283
2012,Areia Branca,BRARE,4.246,5.333,7.193,12.248
2012,Barra do Riacho,BRES006,8.81,26.536,35.537,45.717
2012,Barra do Riacho,BRES008,83.143,33.337,43.786,129.178
2012,Cabedelo (Instalação Isolada),BRCDO,18.474,40.627,56.668,77.893
2012,Coari (Instalação Isolada),BRAM009,4.205,9.229,12.403,17.059
2012,Corumbá,BRMS001,24.237,3.252,5.615,29.555
2012,Corumbá,BRMS002,39.844,2.225,17.973,58.106
2012,Corumbá,BRMS003,0.167,1.709,2.216,2.264
2012,Corumbá,BRMS005,36.0,116.306,362.5,398.5
2012,Estrela,BRETL,,48.833,51.0,51.0
2012,Estrela,BRRS011,0.292,9.161,10.934,10.937
2012,Forno,BRFNO,0.258,123.921,124.421,124.679
2012,Forno,BRRJ004,,,,
2012,Ilhéus,BRBA004,1.038,12.674,20.899,22.098
2012,Ilhéus,BRBA005,2.007,46.501,55.161,57.393
2012,Ilhéus,BRIOS,0.242,89.853,105.848,106.074
2012,Imbituba,BRIBB,35.087,41.447,48.365,85.203
2012,Itaguaí,BRIGI,109.251,31.155,37.233,150.57
2012,Itaguaí,BRRJ001,175.191,54.632,67.48,243.855
2012,Itaguaí,BRRJ016,24.998,68.697,82.806,114.564
2012,Itajaí,BRITJ,11.678,14.632,18.05,29.832
2012,Itajaí,BRSC001,,132.489,132.597,132.597
2012,Itajaí,BRSC008,10.684,18.222,18.269,28.971
2012,Itajaí,BRSC012,,34.355,54.692,54.692
2012,Itaqui,BRIQI,73.818,42.727,52.294,126.124
2012,Itaqui,BRMA001,58.836,33.156,40.971,99.806
2012,Itaqui,BRMA002,197.765,32.778,37.109,235.074
2012,Macapá,BRAP003,,3.297,12.302,12.302
2012,Macapá,BRAP004,85.538,40.987,50.697,135.641
2012,Macapá,BRMCP,0.225,20.638,25.855,27.202
2012,Maceió,BRAL001,21.459,21.483,27.132,48.56
2012,Maceió,BRMCZ,33.186,27.513,37.111,70.297
2012,Manaus,BRAM001,,2.022,8.001,8.001
2012,Manaus,BRAM003,2.298,67.343,81.277,83.575
2012,Manaus,BRAM004,0.099,0.4,0.626,0.735
2012,Manaus,BRAM006,1.534,47.251,56.073,56.894
2012,Manaus,BRAM007,,2.207,4.724,5.131
2012,Manaus,BRAM008,,10.356,79.551,79.551
2012,Manaus,BRAM010,,154.924,186.301,186.377
2012,Manaus,BRAM011,50.41,16.093,23.359,76.799
2012,Manaus,BRAM012,2.31,37.021,52.996,54.96
2012,Manaus,BRAM013,11.667,181.525,203.247,205.192
2012,Manaus,BRAM014,,5.356,5.356,5.354
2012,Manaus,BRAM015,0.998,1.001,1.002,2.0
2012,Manaus,BRAM016,1.0,6.522,6.522,5.981
2012,Manaus,BRAM018,6.0,18.423,23.654,24.115
2012,Natal,BRNAT,1.816,39.768,58.307,60.103
2012,Natal,BRRN001,44.495,36.266,49.538,104.998
2012,Natal,BRRN002,21.447,15.947,38.318,63.798
2012,Não Classificado,BR,,,,
2012,Paranaguá - Antonina,BRANT,381.373,100.262,109.75,491.979
2012,Paranaguá - Antonina,BRPNG,269.733,46.082,46.751,319.748
2012,Paranaguá - Antonina,BRPR002,61.272,35.82,46.771,109.366
2012,Pecém - Fortaleza,BRCE001,12.899,16.254,19.396,33.102
2012,Pecém - Fortaleza,BRFOR,37.483,35.86,46.062,88.763
2012,Porto Alegre,BRPOA,0.244,40.171,48.878,49.115
2012,Porto Alegre,BRRS003,10.32,21.438,56.867,67.194
2012,Porto Alegre,BRRS006,,10.809,11.061,11.061
2012,Porto Alegre,BRRS008,,5.441,14.952,14.967
2012,Porto Alegre,BRRS009,136.768,39.106,42.56,185.36
2012,Porto Alegre,BRRS010,1.875,10.822,24.511,27.799
2012,Porto Alegre,BRRS013,1.869,22.545,44.65,49.659
2012,Porto Alegre,BRRS014,5.197,12.049,21.79,27.456
2012,Porto Alegre,BRRS015,,13.128,13.767,13.767
2012,Porto Alegre,BRRS016,0.251,13.44,24.598,24.849
2012,Porto Velho,BRPVH,35.54,15.303,17.546,54.064
2012,Porto Velho,BRRO001,48.173,23.056,23.301,71.474
2012,Porto Velho,BRRO002,,1.98,4.133,4.133
2012,Porto Velho,BRRO003,0.403,8.392,20.384,21.434
2012,Porto Velho,BRRO005,,1.897,3.959,3.959
2012,Porto Velho,BRRO006,234.47,8.706,11.035,246.266
2012,Porto Velho,BRRO007,0.275,5.655,9.573,9.846
2012,Rio Grande,BRPET,0.5,28.792,38.572,39.072
2012,Rio Grande,BRRIG,32.479,23.621,33.119,67.694
2012,Rio Grande,BRRS001,110.973,54.597,68.449,114.283
2012,Rio Grande,BRRS002,57.694,23.105,30.813,89.05
2012,Rio Grande,BRRS005,150.626,59.693,74.984,128.596
2012,Rio Grande,BRRS007,41.853,43.825,51.82,81.165
2012,Rio Grande,BRRS012,,31.077,54.146,54.146
2012,Rio de Janeiro -  Niterói,BRNTR,,2.021,32.696,34.481
2012,Rio de Janeiro -  Niterói,BRRIO,19.701,22.354,32.586,50.712
2012,Rio de Janeiro -  Niterói,BRRJ003,25.513,13.054,28.391,53.383
2012,Rio de Janeiro -  Niterói,BRRJ005,,,,
2012,Rio de Janeiro -  Niterói,BRRJ007,0.358,34.229,44.004,44.363
2012,Rio de Janeiro -  Niterói,BRRJ008,41.809,20.352,36.053,77.862
2012,Rio de Janeiro -  Niterói,BRRJ010,73.425,15.147,22.462,44.736
2012,Rio de Janeiro -  Niterói,BRRJ011,,,,
2012,Rio de Janeiro -  Niterói,BRRJ013,3.263,59.171,182.738,186.0
2012,Rio de Janeiro -  Niterói,BRRJ014,,,,
2012,Rio de Janeiro -  Niterói,BRRJ015,16.905,16.632,24.747,41.652
2012,Rio de Janeiro -  Niterói,BRRJ017,1.017,32.72,53.562,54.579
2012,Rio de Janeiro -  Niterói,BRRJ018,31.784,39.845,75.41,107.195
2012,Rio de Janeiro -  Niterói,BRRJ019,16.584,39.447,52.064,88.94
2012,Santarém,BRPA017,,1.45,4.217,4.217
2012,Santarém,BRPA028,13.768,12.595,20.658,33.393
2012,Santarém,BRSTM,,10.975,51.504,51.882
2012,Santos,BRSP001,194.02,55.713,60.369,253.492
2012,Santos,BRSP002,79.021,111.028,122.655,203.52
2012,Santos,BRSP004,,73.659,88.007,88.007
2012,Santos,BRSP005,8.488,24.115,30.541,41.306
2012,Santos,BRSSZ,56.749,29.112,36.776,91.687
2012,Suape - Recife,BRPE001,9.603,69.083,72.936,82.539
2012,Suape - Recife,BRREC,7.592,151.652,158.063,166.262
2012,Suape - Recife,BRSUA,22.826,20.836,29.212,53.515
2012,São Francisco do Sul,BRSC007,43.971,23.827,26.374,71.865
2012,São Francisco do Sul,BRSC011,4.116,6.473,11.453,15.585
2012,São Francisco do Sul,BRSFS,72.711,35.734,41.491,121.397
2012,São Sebastião,BRSP006,77.885,28.934,43.04,121.727
2012,São Sebastião,BRSSO,70.753,65.568,78.535,147.973
2012,Tomé Açu,BRPA033,,25.854,25.854,25.854
2012,Vila do Conde - Belém,BRBEL,0.65,24.09,29.951,30.195
2012,Vila do Conde - Belém,BRPA005,11.479,34.263,47.546,59.025
2012,Vila do Conde - Belém,BRPA006,35.788,48.768,58.565,96.773
2012,Vila do Conde - Belém,BRPA013,,2.086,7.055,7.055
2012,Vila do Conde - Belém,BRPA014,,23.537,24.176,24.176
2012,Vila do Conde - Belém,BRPA016,,4.372,54.5,54.5
2012,Vila do Conde - Belém,BRVDC,,41.757,58.929,58.929
2012,Vitória,BRES001,181.227,35.128,39.431,223.531
2012,Vitória,BRES002,55.222,32.472,37.852,95.402
2012,Vitória,BRES003,230.863,79.325,84.488,317.341
2012,Vitória,BRES004,81.829,37.746,54.985,138.176
2012,Vitória,BRES005,29.272,7.143,9.836,39.811
2012,Vitória,BRES007,18.31,51.718,62.723,85.788
2012,Vitória,BRVIX,25.319,27.773,36.367,67.24
2012,Óbidos,BRPA001,21.185,18.632,20.938,42.288
2012,Óbidos,BRPA019,6.476,23.893,28.503,34.978
2013,Almeirim,BRPA002,1.462,53.845,77.569,79.031
2013,Almeirim,BRPA004,18.5,40.758,67.85,86.35
2013,Angra dos Reis,BRADR,15.315,11.862,20.122,32.661
2013,Angra dos Reis,BRRJ009,110.897,29.857,48.992,162.818
2013,Angra dos Reis,BRRJ012,,131.348,131.348,131.348
2013,Aracajú,BRSE001,5.017,17.545,25.42,30.462
2013,Aracajú,BRSE002,32.379,18.404,28.725,62.968
2013,Aratu - Salvador,BRARB,112.18,49.687,60.932,172.843
2013,Aratu - Salvador,BRBA002,12.946,22.174,28.635,42.49
2013,Aratu - Salvador,BRBA003,74.253,28.368,42.508,119.092
2013,Aratu - Salvador,BRBA006,176.057,252.053,259.763,452.232
2013,Aratu - Salvador,BRBA007,309.802,78.038,85.797,397.003
2013,Aratu - Salvador,BRBA008,0.809,10.852,15.435,16.246
2013,Aratu - Salvador,BRSSA,8.386,17.22,21.473,33.607
2013,Areia Branca,BRARE,1.716,4.927,5.719,7.995
2013,Barra do Riacho,BRES006,8.579,27.752,38.35,47.888
2013,Barra do Riacho,BRES008,57.612,27.656,33.372,91.307
2013,Barra do Riacho,BRES010,42.582,40.507,49.409,95.415
2013,Cabedelo (Instalação Isolada),BRCDO,21.876,47.781,64.725,87.835
2013,Coari (Instalação Isolada),BRAM009,5.622,8.991,12.103,18.412
2013,Corumbá,BRMS001,3.169,2.398,3.591,3.615
2013,Corumbá,BRMS002,33.412,2.244,15.947,49.054
2013,Corumbá,BRMS003,0.05,1.817,2.574,2.682
2013,Corumbá,BRMS005,46.333,199.542,353.25,388.0
2013,Estrela,BRETL,0.333,27.52,30.444,30.489
2013,Estrela,BRRS011,,7.774,8.79,8.701
2013,Forno,BRFNO,0.547,23.589,24.952,25.922
2013,Forno,BRRJ004,,,,
2013,Ilhéus,BRBA004,1.046,13.675,23.886,25.145
2013,Ilhéus,BRBA005,1.125,47.144,59.893,61.38
2013,Ilhéus,BRIOS,0.43,73.336,86.07,86.5
2013,Imbituba,BRIBB,57.985,58.191,67.537,125.247
2013,Itaguaí,BRIGI,105.686,33.714,39.302,145.951
2013,Itaguaí,BRRJ001,145.974,55.821,66.637,218.717
2013,Itaguaí,BRRJ016,80.321,85.566,108.237,193.756
2013,Itajaí,BRITJ,9.305,15.651,20.355,29.603
2013,Itajaí,BRSC001,,112.037,120.483,120.483
2013,Itajaí,BRSC008,20.842,20.536,20.637,42.062
2013,Itajaí,BRSC012,2.117,26.684,42.347,42.385
2013,Itaqui,BRIQI,41.141,45.94,56.402,100.27
2013,Itaqui,BRMA001,55.309,33.456,42.354,99.504
2013,Itaqui,BRMA002,209.222,32.08,36.529,246.071
2013,Macapá,BRAP003,,4.542,11.81,11.81
2013,Macapá,BRAP004,76.832,56.269,66.279,143.655
2013,Macapá,BRMCP,0.441,27.629,30.714,34.367
2013,Maceió,BRAL001,10.968,18.717,24.585,35.695
2013,Maceió,BRMCZ,22.803,24.925,37.959,60.841
2013,Manaus,BRAM001,,1.943,6.571,6.571
2013,Manaus,BRAM003,3.527,87.93,122.251,113.847
2013,Manaus,BRAM004,0.088,0.692,1.234,1.319
2013,Manaus,BRAM006,3.026,47.872,55.648,56.847
2013,Manaus,BRAM007,,1.859,4.228,4.477
2013,Manaus,BRAM008,,12.383,83.698,83.698
2013,Manaus,BRAM010,,46.767,244.297,244.297
2013,Manaus,BRAM011,42.244,17.088,24.81,69.499
2013,Manaus,BRAM012,7.04,40.542,53.8,54.971
2013,Manaus,BRAM013,9.383,205.898,230.962,236.324
2013,Manaus,BRAM014,0.5,5.285,5.353,5.354
2013,Manaus,BRAM015,1.0,1.0,1.0,2.0
2013,Manaus,BRAM016,1.0,13.268,13.268,11.384
2013,Manaus,BRAM018,5.0,20.25,26.167,28.25
2013,Manaus,BRAM025,13.497,7.632,21.882,35.716
2013,Natal,BRNAT,2.362,51.799,63.538,69.313
2013,Natal,BRRN001,81.726,35.61,53.62,135.346
2013,Natal,BRRN002,17.3,15.2,19.617,36.917
2013,Não Classificado,BR,,,,
2013,Paranaguá - Antonina,BRANT,230.138,107.025,118.518,349.212
2013,Paranaguá - Antonina,BRPNG,234.486,46.765,48.001,279.982
2013,Paranaguá - Antonina,BRPR002,68.134,31.423,44.287,111.86
2013,Pecém - Fortaleza,BRCE001,25.694,18.569,22.765,48.966
2013,Pecém - Fortaleza,BRFOR,33.187,39.323,47.804,82.676
2013,Porto Alegre,BRPOA,1.472,48.091,71.794,73.235
2013,Porto Alegre,BRRS003,4.759,19.469,32.564,36.864
2013,Porto Alegre,BRRS006,,12.955,12.918,12.918
2013,Porto Alegre,BRRS008,,6.5,19.553,19.553
2013,Porto Alegre,BRRS009,113.775,29.095,33.13,153.319
2013,Porto Alegre,BRRS010,4.484,10.416,25.357,29.841
2013,Porto Alegre,BRRS013,1.386,30.849,39.368,40.761
2013,Porto Alegre,BRRS014,1.98,13.91,25.726,27.706
2013,Porto Alegre,BRRS015,0.083,10.113,10.231,10.397
2013,Porto Alegre,BRRS016,0.307,13.867,27.206,27.513
2013,Porto Velho,BRPVH,38.244,13.51,16.429,68.061
2013,Porto Velho,BRRO001,59.893,25.668,25.401,84.554
2013,Porto Velho,BRRO002,,1.951,5.132,6.413
2013,Porto Velho,BRRO003,0.382,9.432,25.145,25.632
2013,Porto Velho,BRRO005,,2.143,6.475,8.371
2013,Porto Velho,BRRO006,137.778,6.235,7.665,147.456
2013,Porto Velho,BRRO007,0.28,5.992,9.172,9.481
2013,Rio Grande,BRPET,2.958,29.041,44.648,48.824
2013,Rio Grande,BRRIG,42.391,25.839,36.618,80.68
2013,Rio Grande,BRRS001,59.449,50.529,64.288,90.91
2013,Rio Grande,BRRS002,137.249,29.246,36.46,176.729
2013,Rio Grande,BRRS005,317.922,66.478,88.765,254.469
2013,Rio Grande,BRRS007,95.746,54.496,62.154,133.819
2013,Rio Grande,BRRS012,,46.419,51.957,51.957
2013,Rio de Janeiro -  Niterói,BRNTR,,1.988,25.426,25.426
2013,Rio de Janeiro -  Niterói,BRRIO,21.189,25.272,36.458,55.19
2013,Rio de Janeiro -  Niterói,BRRJ003,54.022,15.613,36.193,93.813
2013,Rio de Janeiro -  Niterói,BRRJ005,0.5,5.811,7.358,7.858
2013,Rio de Janeiro -  Niterói,BRRJ008,28.917,25.005,46.397,75.314
2013,Rio de Janeiro -  Niterói,BRRJ010,72.718,15.719,23.109,45.816
2013,Rio de Janeiro -  Niterói,BRRJ011,,,,
2013,Rio de Janeiro -  Niterói,BRRJ013,,,,
2013,Rio de Janeiro -  Niterói,BRRJ014,,,,
2013,Rio de Janeiro -  Niterói,BRRJ015,10.889,15.043,23.193,34.082
2013,Rio de Janeiro -  Niterói,BRRJ017,1.35,18.35,36.426,37.775
2013,Rio de Janeiro -  Niterói,BRRJ018,36.805,28.211,57.818,104.68
2013,Rio de Janeiro -  Niterói,BRRJ019,21.548,43.402,58.29,79.838
2013,Santarém,BRPA017,,1.633,8.598,8.598
2013,Santarém,BRPA028,6.295,29.054,43.747,51.357
2013,Santarém,BRSTM,,17.383,28.225,28.593
2013,Santos,BRSP001,203.254,58.388,66.823,270.077
2013,Santos,BRSP002,68.707,97.375,110.431,176.693
2013,Santos,BRSP004,,69.981,81.72,81.72
2013,Santos,BRSP005,8.992,26.614,32.455,41.26
2013,Santos,BRSP008,8.219,23.707,39.813,43.774
2013,Santos,BRSP009,0.713,10.596,12.871,13.584
2013,Santos,BRSSZ,66.263,32.734,41.14,102.492
2013,Suape - Recife,BRPE001,27.0,28.708,31.5,58.5
2013,Suape - Recife,BRREC,7.602,151.157,154.637,168.74
2013,Suape - Recife,BRSUA,25.916,21.401,30.62,58.538
2013,São Francisco do Sul,BRSC007,42.039,24.006,26.984,70.739
2013,São Francisco do Sul,BRSC011,6.88,9.719,14.332,21.256
2013,São Francisco do Sul,BRSFS,102.883,47.857,49.105,146.923
2013,São Sebastião,BRSP006,77.245,29.021,44.848,123.446
2013,São Sebastião,BRSSO,34.939,90.167,104.905,148.482
2013,Tomé Açu,BRPA033,,46.203,46.778,46.778
2013,Tomé Açu,BRPA034,,37.768,37.768,37.768
2013,Vila do Conde - Belém,BRBEL,,29.858,35.528,35.528
2013,Vila do Conde - Belém,BRPA006,44.737,44.876,55.25,99.986
2013,Vila do Conde - Belém,BRPA013,,1.982,7.747,7.747
2013,Vila do Conde - Belém,BRPA014,,29.371,29.549,29.549
2013,Vila do Conde - Belém,BRPA016,,4.597,46.798,46.798
2013,Vila do Conde - Belém,BRVDC,,43.168,58.774,58.774
2013,Vitória,BRES001,220.566,33.801,38.687,261.187
2013,Vitória,BRES002,70.98,30.734,38.526,109.947
2013,Vitória,BRES003,39.354,64.279,70.151,109.506
2013,Vitória,BRES004,62.888,43.067,58.341,125.97
2013,Vitória,BRES005,28.388,7.083,10.369,39.27
2013,Vitória,BRES007,20.845,48.083,57.741,78.586
2013,Vitória,BRVIX,14.798,23.512,32.202,50.134
2013,Óbidos,BRPA001,20.977,18.626,21.009,42.627
2013,Óbidos,BRPA019,8.253,25.512,32.028,42.359
2014,Almeirim,BRPA002,0.921,61.167,97.274,98.195
2014,Almeirim,BRPA004,1.25,44.5,56.75,58.0
2014,Angra dos Reis,BRADR,20.293,11.848,25.758,46.051
2014,Angra dos Reis,BRRJ009,103.2,28.543,44.354,151.486
2014,Angra dos Reis,BRRJ012,16.817,33.096,44.93,47.289
2014,Aracajú,BRSE001,7.061,15.396,22.343,28.593
2014,Aracajú,BRSE002,44.586,19.81,29.204,73.79
2014,Aratu - Salvador,BRARB,169.056,54.707,66.737,234.123
2014,Aratu - Salvador,BRBA002,8.961,23.543,30.902,39.151
2014,Aratu - Salvador,BRBA003,63.874,25.481,38.688,105.263
2014,Aratu - Salvador,BRBA006,68.73,212.433,229.548,298.279
2014,Aratu - Salvador,BRBA007,160.359,81.839,89.504,251.965
2014,Aratu - Salvador,BRBA008,0.767,12.707,17.059,17.826
2014,Aratu - Salvador,BRBA009,54.283,24.597,52.053,106.668
2014,Aratu - Salvador,BRSSA,10.914,21.306,26.479,38.308
2014,Areia Branca,BRARE,3.065,4.367,5.001,8.978
2014,Barra do Riacho,BRES006,11.259,27.135,37.742,50.126
2014,Barra do Riacho,BRES008,55.345,34.741,41.261,96.606
2014,Barra do Riacho,BRES010,41.843,15.533,24.62,67.825
2014,Cabedelo (Instalação Isolada),BRCDO,13.044,45.426,63.923,77.893
2014,Coari (Instalação Isolada),BRAM009,4.433,8.091,11.157,15.649
2014,Corumbá,BRMS001,1.762,2.405,3.603,3.608
2014,Corumbá,BRMS002,53.519,2.812,16.555,69.862
2014,Corumbá,BRMS003,,1.849,2.524,2.524
2014,Estrela,BRETL,0.25,84.75,85.25,85.5
2014,Estrela,BRRS004,0.371,13.756,24.228,29.142
2014,Estrela,BRRS011,,30.598,37.847,37.847
2014,Forno,BRFNO,0.496,18.843,22.251,23.821
2014,Forno,BRRJ004,,,,
2014,Ilhéus,BRBA004,1.386,13.981,23.312,25.135
2014,Ilhéus,BRBA005,1.356,45.854,61.987,63.348
2014,Ilhéus,BRIOS,0.197,108.345,130.845,151.748
2014,Imbituba,BRIBB,45.631,56.445,63.911,110.346
2014,Itaguaí,BRIGI,118.873,33.222,38.33,158.321
2014,Itaguaí,BRRJ001,176.424,54.436,68.242,245.067
2014,Itaguaí,BRRJ016,46.543,83.891,106.855,153.398
2014,Itaituba,BRPA038,159.885,5.534,17.448,164.333
2014,Itajaí,BRITJ,8.452,13.625,19.123,28.209
2014,Itajaí,BRSC001,,96.053,105.05,105.05
2014,Itajaí,BRSC008,16.952,18.353,18.532,36.278
2014,Itajaí,BRSC012,,24.126,43.823,43.823
2014,Itajaí,BRSC019,,,,
2014,Itaqui,BRIQI,76.499,48.059,57.539,132.773
2014,Itaqui,BRMA001,51.569,31.705,40.366,92.736
2014,Itaqui,BRMA002,154.173,34.186,39.025,195.198
2014,Macapá,BRAP003,,4.349,10.512,10.512
2014,Macapá,BRMCP,1.5,33.166,39.749,42.059
2014,Maceió,BRAL001,6.618,18.244,25.252,34.871
2014,Maceió,BRMCZ,25.134,28.811,42.501,71.072
2014,Manaus,BRAM001,,1.885,5.155,5.155
2014,Manaus,BRAM003,8.071,70.956,91.241,115.677
2014,Manaus,BRAM004,0.088,0.619,1.11,1.197
2014,Manaus,BRAM006,2.595,69.165,75.714,77.779
2014,Manaus,BRAM007,,1.837,4.046,4.133
2014,Manaus,BRAM008,,12.374,88.543,88.543
2014,Manaus,BRAM010,,11.989,332.022,332.156
2014,Manaus,BRAM011,63.504,16.472,24.626,88.91
2014,Manaus,BRAM012,9.575,40.217,52.879,53.9
2014,Manaus,BRAM013,8.794,184.064,209.998,216.594
2014,Manaus,BRAM014,1.333,5.138,5.142,5.212
2014,Manaus,BRAM015,1.0,1.0,1.0,2.0
2014,Manaus,BRAM016,1.0,18.232,18.232,19.232
2014,Manaus,BRAM017,,1.846,4.368,4.368
2014,Manaus,BRAM018,1.203,17.267,16.649,17.932
2014,Manaus,BRAM025,18.063,6.607,14.317,33.45
2014,Natal,BRNAT,1.954,55.104,60.869,62.768
2014,Natal,BRRN001,82.868,38.494,52.265,137.637
2014,Não Classificado,BR,,,,
2014,Paranaguá - Antonina,BRANT,115.8,97.366,107.726,223.526
2014,Paranaguá - Antonina,BRPNG,169.534,40.923,45.476,217.631
2014,Paranaguá - Antonina,BRPR002,55.968,24.854,34.223,90.301
2014,Paranaguá - Antonina,BRPR005,16.5,130.0,122.5,230.0
2014,Pecém - Fortaleza,BRCE001,55.285,26.32,31.831,88.169
2014,Pecém - Fortaleza,BRFOR,31.057,50.226,50.49,83.258
2014,Porto Alegre,BRPOA,0.516,45.748,63.298,63.808
2014,Porto Alegre,BRRS003,8.385,16.66,28.838,35.0
2014,Porto Alegre,BRRS006,,12.705,12.662,12.662
2014,Porto Alegre,BRRS008,,6.445,17.394,17.394
2014,Porto Alegre,BRRS009,119.543,31.867,35.623,152.738
2014,Porto Alegre,BRRS010,5.916,10.93,26.532,33.077
2014,Porto Alegre,BRRS013,1.211,34.346,44.318,46.326
2014,Porto Alegre,BRRS014,2.56,12.891,24.505,28.053
2014,Porto Alegre,BRRS015,,8.869,9.207,9.207
2014,Porto Alegre,BRRS016,0.313,13.133,28.316,28.629
2014,Porto Velho,BRPVH,35.578,13.377,14.555,45.854
2014,Porto Velho,BRRO001,52.752,29.04,29.54,88.638
2014,Porto Velho,BRRO002,,1.847,4.015,4.493
2014,Porto Velho,BRRO003,0.248,7.326,40.002,40.25
2014,Porto Velho,BRRO005,,1.878,4.456,5.423
2014,Porto Velho,BRRO006,412.533,8.606,9.863,422.704
2014,Porto Velho,BRRO007,0.201,6.761,10.226,10.428
2014,Rio Grande,BRPET,0.49,25.403,55.36,66.509
2014,Rio Grande,BRRIG,40.782,26.133,36.479,80.053
2014,Rio Grande,BRRS001,167.393,65.669,76.891,150.107
2014,Rio Grande,BRRS002,115.964,31.958,41.611,159.124
2014,Rio Grande,BRRS005,248.628,80.145,97.28,283.428
2014,Rio Grande,BRRS007,52.052,56.374,65.283,115.719
2014,Rio Grande,BRRS012,,50.613,53.324,54.613
2014,Rio de Janeiro -  Niterói,BRNTR,0.261,2.295,20.966,20.967
2014,Rio de Janeiro -  Niterói,BRRIO,22.008,22.34,32.274,49.122
2014,Rio de Janeiro -  Niterói,BRRJ003,40.083,15.041,26.828,68.237
2014,Rio de Janeiro -  Niterói,BRRJ005,0.5,4.566,8.604,9.257
2014,Rio de Janeiro -  Niterói,BRRJ007,0.083,35.5,37.083,37.167
2014,Rio de Janeiro -  Niterói,BRRJ008,33.892,22.576,42.533,76.425
2014,Rio de Janeiro -  Niterói,BRRJ010,78.901,15.878,23.409,48.211
2014,Rio de Janeiro -  Niterói,BRRJ011,,,,
2014,Rio de Janeiro -  Niterói,BRRJ013,0.208,1.278,133.097,133.306
2014,Rio de Janeiro -  Niterói,BRRJ014,,16.127,58.413,58.413
2014,Rio de Janeiro -  Niterói,BRRJ015,29.236,17.431,24.491,53.727
2014,Rio de Janeiro -  Niterói,BRRJ017,3.84,46.499,57.247,59.771
2014,Rio de Janeiro -  Niterói,BRRJ018,41.467,27.799,59.985,100.657
2014,Rio de Janeiro -  Niterói,BRRJ019,12.725,49.498,62.07,74.795
2014,Rio de Janeiro -  Niterói,BRRJ021,27.828,19.067,34.417,57.078
2014,Rio de Janeiro -  Niterói,BRRJ024,0.383,3.119,15.202,15.567
2014,Santarém,BRPA017,,1.604,5.238,5.238
2014,Santarém,BRPA028,9.207,100.357,119.559,133.556
2014,Santarém,BRSTM,,27.586,36.686,36.686
2014,Santos,BRSP001,104.59,69.422,78.958,188.952
2014,Santos,BRSP002,40.468,120.759,136.13,179.224
2014,Santos,BRSP004,,74.51,88.337,88.337
2014,Santos,BRSP005,11.226,25.698,31.166,42.419
2014,Santos,BRSP008,7.408,10.816,21.111,27.78
2014,Santos,BRSP009,10.417,27.771,37.082,49.226
2014,Santos,BRSSZ,48.054,30.641,39.503,84.347
2014,Suape - Recife,BRPE001,5.352,30.249,38.992,43.897
2014,Suape - Recife,BRREC,5.523,161.033,169.825,177.297
2014,Suape - Recife,BRSUA,24.325,25.609,34.215,59.722
2014,São Francisco do Sul,BRSC007,29.506,21.236,24.157,53.877
2014,São Francisco do Sul,BRSC011,8.291,7.251,13.966,22.733
2014,São Francisco do Sul,BRSFS,100.702,54.682,53.126,149.247
2014,São João da Barra,BRRJ020,26.822,44.722,56.944,83.767
2014,São João da Barra,BRRJ026,,55.5,77.5,104.5
2014,São Sebastião,BRSP006,58.618,27.454,42.262,104.673
2014,São Sebastião,BRSSO,34.539,75.097,84.477,124.431
2014,Tomé Açu,BRPA033,,35.294,35.231,35.231
2014,Tomé Açu,BRPA034,,12.476,12.476,12.476
2014,Vila do Conde - Belém,BRBEL,,28.11,34.022,34.022
2014,Vila do Conde - Belém,BRPA005,38.667,165.756,181.761,220.428
2014,Vila do Conde - Belém,BRPA006,42.159,46.935,57.31,102.466
2014,Vila do Conde - Belém,BRPA013,,1.902,7.881,7.881
2014,Vila do Conde - Belém,BRPA014,,35.739,35.92,35.92
2014,Vila do Conde - Belém,BRPA016,,5.323,66.628,66.628
2014,Vila do Conde - Belém,BRPA018,119.195,7.366,12.606,136.403
2014,Vila do Conde - Belém,BRVDC,,42.25,57.124,57.124
2014,Vitória,BRES001,147.218,33.042,37.102,186.004
2014,Vitória,BRES002,103.372,33.067,42.812,151.988
2014,Vitória,BRES003,149.22,74.172,79.009,229.225
2014,Vitória,BRES004,75.512,45.804,63.939,139.727
2014,Vitória,BRES005,28.615,6.669,10.145,39.142
2014,Vitória,BRES007,11.555,46.29,55.498,67.054
2014,Vitória,BRVIX,18.316,27.193,37.668,58.395
2014,Óbidos,BRPA001,23.242,19.391,21.759,45.25
2014,Óbidos,BRPA019,3.613,26.084,32.376,36.005
2015,Almeirim,BRPA002,0.851,42.536,71.677,72.542
2015,Almeirim,BRPA004,1.509,93.679,121.676,123.077
2015,Angra dos Reis,BRADR,49.0,20.454,31.817,83.069
2015,Angra dos Reis,BRRJ009,113.561,33.971,53.04,167.704
2015,Angra dos Reis,BRRJ012,5.457,18.632,373.774,375.873
2015,Aracajú,BRSE001,31.907,23.601,21.06,26.871
2015,Aracajú,BRSE002,38.189,24.306,35.954,79.958
2015,Aratu - Salvador,BRARB,59.226,49.702,59.905,126.929
2015,Aratu - Salvador,BRBA002,10.25,25.303,31.662,41.912
2015,Aratu - Salvador,BRBA003,55.182,22.897,36.28,91.331
2015,Aratu - Salvador,BRBA006,28.268,205.285,220.915,249.182
2015,Aratu - Salvador,BRBA007,221.113,77.768,85.448,307.335
2015,Aratu - Salvador,BRBA008,0.772,13.481,17.035,17.823
2015,Aratu - Salvador,BRBA009,38.145,26.893,57.626,98.07
2015,Aratu - Salvador,BRSSA,7.502,18.048,22.925,32.015
2015,Areia Branca,BRARE,5.119,5.291,6.057,10.445
2015,Barra do Riacho,BRES006,10.066,26.184,35.848,46.385
2015,Barra do Riacho,BRES008,40.686,39.501,46.509,87.195
2015,Barra do Riacho,BRES010,121.751,25.941,42.452,164.203
2015,Cabedelo (Instalação Isolada),BRCDO,16.096,45.254,68.223,87.468
2015,Coari (Instalação Isolada),BRAM009,4.272,7.109,10.006,14.35
2015,Corumbá,BRMS001,11.598,3.572,5.331,5.431
2015,Corumbá,BRMS002,47.931,2.927,17.302,64.909
2015,Corumbá,BRMS003,0.41,1.85,2.214,2.372
2015,Corumbá,BRMS005,170.538,92.007,215.36,364.581
2015,Forno,BRFNO,0.586,12.803,13.811,14.393
2015,Forno,BRRJ004,,,,
2015,Forno,BRRJ050,,,,
2015,Ilhéus,BRBA004,1.469,15.31,24.459,26.052
2015,Ilhéus,BRBA005,1.044,44.288,54.508,55.992
2015,Ilhéus,BRIOS,0.408,74.188,89.743,89.427
2015,Imbituba,BRIBB,27.938,56.055,66.528,94.466
2015,Itaguaí,BRIGI,66.744,33.515,39.044,107.225
2015,Itaguaí,BRRJ001,105.594,49.331,63.173,168.767
2015,Itaguaí,BRRJ016,33.566,91.093,110.07,149.351
2015,Itaguaí,BRRJ023,20.15,88.579,103.25,140.7
2015,Itaituba,BRPA038,203.371,5.002,6.468,209.524
2015,Itajaí,BRITJ,8.15,11.066,17.605,25.841
2015,Itajaí,BRSC001,2.706,117.458,143.644,144.658
2015,Itajaí,BRSC008,13.633,16.727,16.791,30.899
2015,Itajaí,BRSC012,11.31,31.352,57.101,70.481
2015,Itajaí,BRSC013,156.708,17.708,41.583,210.467
2015,Itajaí,BRSC017,114.75,47.667,67.75,182.5
2015,Itajaí,BRSC019,,,,
2015,Itaqui,BRIQI,56.784,49.276,59.269,116.83
2015,Itaqui,BRMA001,49.857,32.166,40.106,91.414
2015,Itaqui,BRMA002,124.346,30.404,34.662,159.016
2015,Macapá,BRAP003,,4.069,10.458,10.458
2015,Macapá,BRMCP,18.578,19.89,22.473,27.282
2015,Maceió,BRAL001,14.91,17.329,23.228,38.889
2015,Maceió,BRMCZ,30.573,30.678,43.205,75.152
2015,Manaus,BRAM001,,2.009,6.672,6.672
2015,Manaus,BRAM003,8.839,83.913,105.905,112.315
2015,Manaus,BRAM004,0.389,0.459,1.747,2.983
2015,Manaus,BRAM006,3.004,68.295,75.347,77.908
2015,Manaus,BRAM007,,1.86,4.205,4.553
2015,Manaus,BRAM008,,12.353,115.957,115.957
2015,Manaus,BRAM010,,10.75,306.337,306.337
2015,Manaus,BRAM011,78.026,18.515,27.62,105.547
2015,Manaus,BRAM012,4.038,19.488,31.953,32.932
2015,Manaus,BRAM013,6.161,173.219,188.081,171.248
2015,Manaus,BRAM014,0.45,5.16,5.264,5.335
2015,Manaus,BRAM015,1.0,1.0,1.0,2.0
2015,Manaus,BRAM016,1.0,20.536,20.536,21.536
2015,Manaus,BRAM017,,1.92,4.663,4.663
2015,Manaus,BRAM018,1.0,14.43,13.887,14.887
2015,Manaus,BRAM025,25.957,6.701,13.662,41.459
2015,Manaus,BRAM028,,24.0,24.0,24.0
2015,Manaus,BRMAO,1.107,179.036,223.607,224.714
2015,Natal,BRNAT,2.19,56.885,66.791,73.537
2015,Natal,BRRN001,73.026,34.993,47.885,121.207
2015,Não Classificado,BR,,,,
2015,Paranaguá - Antonina,BRANT,208.313,137.988,155.238,369.979
2015,Paranaguá - Antonina,BRPNG,225.852,40.843,46.84,277.076
2015,Paranaguá - Antonina,BRPR002,58.457,26.072,35.488,93.686
2015,Paranaguá - Antonina,BRPR005,5.675,24.762,48.65,54.325
2015,Pecém - Fortaleza,BRCE001,53.739,32.877,38.06,98.468
2015,Pecém - Fortaleza,BRFOR,24.527,45.829,45.829,71.216
2015,Porto Alegre,BRPOA,1.511,53.768,81.684,82.949
2015,Porto Alegre,BRRS003,7.496,15.144,31.363,38.863
2015,Porto Alegre,BRRS006,,13.701,14.037,14.037
2015,Porto Alegre,BRRS008,,8.177,24.154,24.154
2015,Porto Alegre,BRRS009,123.531,27.7,30.356,156.189
2015,Porto Alegre,BRRS010,12.864,16.328,41.315,62.647
2015,Porto Alegre,BRRS013,0.766,23.455,28.956,29.586
2015,Porto Alegre,BRRS014,3.793,12.265,23.178,26.971
2015,Porto Alegre,BRRS015,,8.97,9.229,9.356
2015,Porto Alegre,BRRS016,0.333,12.304,23.732,24.065
2015,Porto Velho,BRPVH,22.662,15.13,18.802,44.121
2015,Porto Velho,BRRO001,81.427,49.285,50.808,130.942
2015,Porto Velho,BRRO002,,1.843,4.011,4.258
2015,Porto Velho,BRRO003,0.224,19.263,58.12,58.311
2015,Porto Velho,BRRO005,,1.868,4.377,4.377
2015,Porto Velho,BRRO006,810.795,3.768,9.235,820.035
2015,Porto Velho,BRRO007,0.188,5.925,10.069,10.438
2015,Porto Velho,BRRO013,,2.242,2.242,2.242
2015,Porto Velho,BRRO014,13.567,71.119,71.982,89.82
2015,Rio Grande,BRPET,0.5,33.325,59.048,59.465
2015,Rio Grande,BRRIG,54.398,23.622,32.06,88.805
2015,Rio Grande,BRRS001,146.492,55.856,67.963,132.774
2015,Rio Grande,BRRS002,84.641,27.648,35.525,118.822
2015,Rio Grande,BRRS005,229.448,86.275,103.407,303.133
2015,Rio Grande,BRRS007,45.281,52.669,62.133,105.852
2015,Rio Grande,BRRS012,12.85,47.183,52.313,52.691
2015,Rio de Janeiro -  Niterói,BRNTR,0.717,1.125,65.029,70.488
2015,Rio de Janeiro -  Niterói,BRRIO,29.976,20.764,32.787,53.759
2015,Rio de Janeiro -  Niterói,BRRJ003,30.189,22.42,35.534,67.521
2015,Rio de Janeiro -  Niterói,BRRJ005,,,,
2015,Rio de Janeiro -  Niterói,BRRJ007,,,,
2015,Rio de Janeiro -  Niterói,BRRJ008,30.813,21.431,40.974,72.972
2015,Rio de Janeiro -  Niterói,BRRJ010,66.441,14.497,20.766,39.356
2015,Rio de Janeiro -  Niterói,BRRJ011,,,,
2015,Rio de Janeiro -  Niterói,BRRJ014,0.443,21.507,42.837,42.926
2015,Rio de Janeiro -  Niterói,BRRJ015,22.208,18.808,32.012,59.4
2015,Rio de Janeiro -  Niterói,BRRJ017,0.8,71.131,82.0,82.8
2015,Rio de Janeiro -  Niterói,BRRJ018,29.667,30.569,74.223,103.891
2015,Rio de Janeiro -  Niterói,BRRJ019,14.231,41.348,49.565,63.796
2015,Rio de Janeiro -  Niterói,BRRJ021,43.094,16.633,44.808,87.903
2015,Rio de Janeiro -  Niterói,BRRJ024,1.222,2.069,17.213,17.417
2015,Santarém,BRPA017,,2.053,6.697,6.697
2015,Santarém,BRPA028,6.218,200.809,202.911,206.201
2015,Santarém,BRSTM,,25.549,31.259,31.605
2015,Santos,BRSP001,88.859,53.916,60.527,149.386
2015,Santos,BRSP002,47.785,129.273,141.723,195.343
2015,Santos,BRSP004,,82.213,91.262,91.262
2015,Santos,BRSP005,8.168,25.085,31.58,40.436
2015,Santos,BRSP008,7.797,9.727,21.014,28.521
2015,Santos,BRSP009,1.61,86.902,93.814,95.432
2015,Santos,BRSSZ,59.555,30.77,39.577,96.123
2015,Sem complexo - Terminal Isolado,BRRS025,,33.5,,
2015,Suape - Recife,BRPE001,3.639,34.972,38.194,41.833
2015,Suape - Recife,BRREC,6.897,176.722,178.639,190.5
2015,Suape - Recife,BRSUA,28.975,22.955,33.12,65.133
2015,São Francisco do Sul,BRSC007,31.353,22.059,26.052,57.385
2015,São Francisco do Sul,BRSC011,9.381,7.995,15.06,24.547
2015,São Francisco do Sul,BRSFS,121.359,59.89,58.492,175.186
2015,São João da Barra,BRRJ020,105.87,40.565,68.905,178.927
2015,São João da Barra,BRRJ022,67.375,116.629,152.713,220.088
2015,São João da Barra,BRRJ025,1.625,3.241,74.132,101.737
2015,São João da Barra,BRRJ026,1.574,5.21,9.176,10.839
2015,São João da Barra,BRRJ039,1.287,4.942,105.324,106.611
2015,São Sebastião,BRSP006,62.011,28.269,42.757,105.874
2015,São Sebastião,BRSSO,14.487,87.467,96.5,112.878
2015,Tomé Açu,BRPA033,,27.712,27.714,27.714
2015,Tomé Açu,BRPA034,,12.458,12.458,12.458
2015,Vila do Conde - Belém,BRBEL,,23.36,28.65,28.65
2015,Vila do Conde - Belém,BRPA005,99.476,160.189,178.631,324.724
2015,Vila do Conde - Belém,BRPA006,49.462,55.596,67.229,116.461
2015,Vila do Conde - Belém,BRPA013,,1.887,7.388,7.388
2015,Vila do Conde - Belém,BRPA014,,36.896,37.078,37.988
2015,Vila do Conde - Belém,BRPA016,,5.052,79.616,79.616
2015,Vila do Conde - Belém,BRPA018,57.458,5.098,10.2,68.46
2015,Vila do Conde - Belém,BRVDC,,41.259,56.8,56.8
2015,Vitória,BRES001,181.227,35.73,39.754,222.909
2015,Vitória,BRES002,59.946,29.52,37.312,100.362
2015,Vitória,BRES003,254.85,83.627,88.042,342.892
2015,Vitória,BRES004,76.801,49.117,61.725,139.433
2015,Vitória,BRES005,27.627,4.599,7.59,35.419
2015,Vitória,BRES007,19.737,44.898,53.696,73.433
2015,Vitória,BRES020,,18.573,18.253,18.253
2015,Vitória,BRES023,,,,
2015,Vitória,BRVIX,13.315,30.679,41.666,55.721
2015,Óbidos,BRPA001,21.841,18.364,20.149,42.244
2015,Óbidos,BRPA019,4.334,25.436,30.408,37.224
2016,Almeirim,BRPA002,0.954,42.576,70.521,71.399
2016,Almeirim,BRPA004,1.237,81.179,95.254,96.492
2016,Angra dos Reis,BRADR,,,,
2016,Angra dos Reis,BRRJ009,110.533,31.415,50.19,160.61
2016,Angra dos Reis,BRRJ012,1.365,34.472,59.384,60.568
2016,Aracajú,BRSE001,19.384,26.259,26.004,33.726
2016,Aracajú,BRSE002,30.989,20.431,28.87,59.859
2016,Aratu - Salvador,BRARB,76.673,44.461,56.595,134.965
2016,Aratu - Salvador,BRBA002,11.03,26.015,32.404,42.797
2016,Aratu - Salvador,BRBA003,54.751,24.701,39.166,95.557
2016,Aratu - Salvador,BRBA006,19.065,176.169,187.63,206.694
2016,Aratu - Salvador,BRBA007,79.641,78.327,85.474,165.115
2016,Aratu - Salvador,BRBA008,0.736,10.872,14.858,15.628
2016,Aratu - Salvador,BRBA009,68.837,34.598,64.727,70.569
2016,Aratu - Salvador,BRSSA,6.143,16.748,21.91,28.393
2016,Areia Branca,BRARE,10.665,6.705,7.699,18.43
2016,Barra do Riacho,BRES006,12.003,27.736,39.512,52.524
2016,Barra do Riacho,BRES008,34.624,38.385,46.949,81.574
2016,Barra do Riacho,BRES010,86.682,28.215,40.662,124.037
2016,Barra do Riacho,BRES013,146.433,159.283,302.792,449.225
2016,Cabedelo (Instalação Isolada),BRCDO,14.546,43.148,58.955,73.501
2016,Coari (Instalação Isolada),BRAM009,4.001,7.221,10.189,14.422
2016,Corumbá,BRMS001,6.146,3.434,5.359,5.394
2016,Corumbá,BRMS002,65.321,3.775,21.152,86.442
2016,Forno,BRFNO,0.511,33.739,34.761,35.272
2016,Forno,BRRJ004,,,,
2016,Forno,BRRJ050,,,,
2016,Ilhéus,BRBA004,1.383,16.79,24.638,26.131
2016,Ilhéus,BRBA005,1.505,41.852,59.535,61.343
2016,Ilhéus,BRIOS,0.448,132.214,149.151,164.19
2016,Imbituba,BRIBB,65.857,73.432,81.742,147.024
2016,Itaguaí,BRIGI,82.551,33.329,38.34,120.945
2016,Itaguaí,BRRJ001,115.227,50.561,60.551,176.373
2016,Itaguaí,BRRJ016,6.074,98.593,126.205,129.774
2016,Itaguaí,BRRJ023,25.345,40.948,47.954,73.298
2016,Itaguaí,BRRJ054,1.0,,,84.0
2016,Itaituba,BRPA038,129.055,3.999,4.835,134.166
2016,Itaituba,BRPA045,,55.667,55.667,55.667
2016,Itajaí,BRITJ,3.961,10.222,16.577,20.039
2016,Itajaí,BRSC001,5.578,134.757,145.705,147.986
2016,Itajaí,BRSC008,10.022,15.004,15.004,25.011
2016,Itajaí,BRSC012,37.524,49.859,85.488,142.557
2016,Itajaí,BRSC013,18.717,20.0,25.45,44.167
2016,Itajaí,BRSC017,49.733,21.0,48.008,97.742
2016,Itajaí,BRSC019,,,,
2016,Itaqui,BRIQI,26.324,47.497,58.319,85.649
2016,Itaqui,BRMA001,63.029,33.882,42.194,105.681
2016,Itaqui,BRMA002,92.0,28.992,33.327,125.327
2016,LDC Pederneiras (Instalação Isolada),BRSP011,0.017,10.15,10.151,10.151
2016,Macapá,BRAP003,,4.39,11.926,11.926
2016,Macapá,BRMCP,16.605,91.101,93.478,119.11
2016,Maceió,BRAL001,10.959,12.864,24.065,35.031
2016,Maceió,BRMCZ,20.201,37.276,45.481,65.895
2016,Manaus,BRAM001,,1.989,6.092,6.092
2016,Manaus,BRAM003,8.982,103.055,116.36,125.342
2016,Manaus,BRAM004,0.196,0.746,1.528,3.205
2016,Manaus,BRAM006,1.009,59.53,65.396,66.257
2016,Manaus,BRAM007,,1.854,4.026,4.592
2016,Manaus,BRAM008,,16.895,101.461,101.461
2016,Manaus,BRAM010,,15.0,199.0,199.0
2016,Manaus,BRAM011,87.594,19.51,28.621,118.49
2016,Manaus,BRAM012,10.52,15.471,21.335,22.101
2016,Manaus,BRAM013,2.429,177.265,218.246,219.46
2016,Manaus,BRAM014,0.5,5.33,5.328,5.329
2016,Manaus,BRAM015,1.0,1.0,1.0,2.0
2016,Manaus,BRAM016,1.0,20.95,20.95,21.95
2016,Manaus,BRAM017,,1.902,4.92,4.92
2016,Manaus,BRAM018,1.0,6.732,6.732,7.614
2016,Manaus,BRAM025,29.522,6.034,12.152,42.635
2016,Manaus,BRAM028,,24.0,24.0,24.0
2016,Manaus,BRAM032,4.336,55.458,56.365,60.674
2016,Manaus,BRMAO,37.417,99.253,104.453,134.387
2016,Natal,BRNAT,3.927,59.269,68.059,71.932
2016,Natal,BRRN001,41.596,34.62,46.092,87.493
2016,Não Classificado,BR,,,,
2016,Paranaguá - Antonina,BRANT,126.263,146.62,163.176,307.872
2016,Paranaguá - Antonina,BRPNG,199.425,38.703,44.829,248.437
2016,Paranaguá - Antonina,BRPR002,98.682,28.194,38.087,137.476
2016,Paranaguá - Antonina,BRPR005,3.706,51.472,65.628,69.333
2016,Pecém - Fortaleza,BRCE001,110.625,58.678,67.455,186.322
2016,Pecém - Fortaleza,BRFOR,26.724,51.644,51.644,78.493
2016,Porto Alegre,BRPOA,34.611,49.568,76.596,77.21
2016,Porto Alegre,BRRS003,6.79,11.602,34.609,40.366
2016,Porto Alegre,BRRS006,,12.543,12.529,12.563
2016,Porto Alegre,BRRS008,,10.435,32.862,32.862
2016,Porto Alegre,BRRS009,155.364,28.644,32.037,190.201
2016,Porto Alegre,BRRS010,2.949,11.066,26.504,29.422
2016,Porto Alegre,BRRS013,4.393,15.242,18.484,23.347
2016,Porto Alegre,BRRS014,3.964,9.891,21.966,25.929
2016,Porto Alegre,BRRS015,,10.631,10.836,10.836
2016,Porto Alegre,BRRS016,0.395,9.891,24.107,24.386
2016,Porto Velho,BRPVH,3.428,11.076,12.109,19.398
2016,Porto Velho,BRRO001,96.246,58.517,58.517,158.859
2016,Porto Velho,BRRO002,,1.835,4.034,4.034
2016,Porto Velho,BRRO003,0.433,18.112,66.926,69.631
2016,Porto Velho,BRRO005,,1.846,4.088,4.179
2016,Porto Velho,BRRO006,302.844,6.172,8.316,313.435
2016,Porto Velho,BRRO007,0.164,4.533,7.934,8.186
2016,Porto Velho,BRRO013,,3.091,3.086,3.121
2016,Porto Velho,BRRO014,3.534,53.815,55.357,59.681
2016,Rio Grande,BRPET,0.5,20.089,25.474,25.497
2016,Rio Grande,BRRIG,52.423,23.969,31.821,86.259
2016,Rio Grande,BRRS001,164.738,52.457,66.727,140.425
2016,Rio Grande,BRRS002,50.836,24.968,35.555,87.299
2016,Rio Grande,BRRS005,295.56,96.036,104.175,390.079
2016,Rio Grande,BRRS007,52.733,52.553,62.823,122.215
2016,Rio Grande,BRRS012,1.902,49.824,51.567,56.184
2016,Rio de Janeiro -  Niterói,BRNTR,14.395,6.77,37.09,55.3
2016,Rio de Janeiro -  Niterói,BRRIO,28.159,17.88,28.39,45.079
2016,Rio de Janeiro -  Niterói,BRRJ003,30.069,19.744,28.861,59.073
2016,Rio de Janeiro -  Niterói,BRRJ005,,,,
2016,Rio de Janeiro -  Niterói,BRRJ007,,,,
2016,Rio de Janeiro -  Niterói,BRRJ008,34.251,26.47,43.871,78.122
2016,Rio de Janeiro -  Niterói,BRRJ010,57.456,15.124,21.369,36.962
2016,Rio de Janeiro -  Niterói,BRRJ011,,,,
2016,Rio de Janeiro -  Niterói,BRRJ013,0.25,0.5,38.25,38.5
2016,Rio de Janeiro -  Niterói,BRRJ014,0.333,20.22,21.649,21.657
2016,Rio de Janeiro -  Niterói,BRRJ015,11.512,22.561,26.686,38.198
2016,Rio de Janeiro -  Niterói,BRRJ017,2.727,66.549,82.445,84.685
2016,Rio de Janeiro -  Niterói,BRRJ018,16.518,18.941,51.348,67.867
2016,Rio de Janeiro -  Niterói,BRRJ019,36.76,47.199,58.654,95.415
2016,Rio de Janeiro -  Niterói,BRRJ024,0.455,1.972,2.285,2.701
2016,Rio de Janeiro -  Niterói,BRRJ055,0.667,2.0,15.056,15.722
2016,Rio de Janeiro -  Niterói,BRRJ056,31.538,27.747,34.478,62.255
2016,Santarém,BRPA017,,2.909,14.327,14.327
2016,Santarém,BRPA028,5.161,138.68,143.622,147.738
2016,Santarém,BRSTM,,26.297,30.196,30.196
2016,Santos,BRSP001,114.243,53.53,65.754,184.222
2016,Santos,BRSP002,16.078,141.161,161.39,177.468
2016,Santos,BRSP004,,82.009,92.222,92.222
2016,Santos,BRSP005,9.11,28.54,34.798,44.745
2016,Santos,BRSP008,8.305,10.761,24.258,32.082
2016,Santos,BRSP009,2.423,147.412,149.559,151.843
2016,Santos,BRSSZ,61.43,31.208,40.367,97.567
2016,Suape - Recife,BRPE001,22.833,56.824,71.929,91.5
2016,Suape - Recife,BRREC,7.52,177.938,183.143,190.72
2016,Suape - Recife,BRSUA,26.245,22.352,32.047,58.698
2016,São Francisco do Sul,BRSC007,52.192,21.158,24.311,76.503
2016,São Francisco do Sul,BRSC011,11.487,8.361,15.011,26.707
2016,São Francisco do Sul,BRSFS,115.823,71.636,70.273,179.89
2016,São João da Barra,BRRJ020,108.319,48.191,68.091,171.178
2016,São João da Barra,BRRJ022,10.717,80.18,93.077,103.793
2016,São João da Barra,BRRJ025,2.075,9.438,107.588,109.663
2016,São João da Barra,BRRJ026,2.001,4.898,8.17,10.202
2016,São João da Barra,BRRJ039,1.066,4.652,51.617,52.591
2016,São João da Barra,BRRJ051,,,,
2016,São João da Barra,BRRJ053,,,,
2016,São João da Barra,BRRJ067,53.508,33.052,72.117,125.625
2016,São Sebastião,BRSP006,69.133,30.921,49.449,120.938
2016,São Sebastião,BRSSO,2.156,111.252,121.341,123.497
2016,São Simão,BRGO001,0.167,4.694,5.083,5.288
2016,São Simão,BRGO009,0.371,14.619,14.619,13.665
2016,Tomé Açu,BRPA033,,70.453,70.453,70.453
2016,Vila do Conde - Belém,BRBEL,,23.959,27.647,27.647
2016,Vila do Conde - Belém,BRPA005,39.489,29.315,32.511,68.094
2016,Vila do Conde - Belém,BRPA006,54.522,60.242,73.125,131.238
2016,Vila do Conde - Belém,BRPA013,,1.865,6.372,6.372
2016,Vila do Conde - Belém,BRPA014,,31.605,31.605,31.605
2016,Vila do Conde - Belém,BRPA016,,5.702,102.181,102.181
2016,Vila do Conde - Belém,BRPA018,50.703,4.556,8.79,60.89
2016,Vila do Conde - Belém,BRPA043,42.668,67.436,83.519,123.741
2016,Vila do Conde - Belém,BRVDC,,39.216,49.186,49.186
2016,Vitória,BRES001,194.73,34.829,38.574,235.037
2016,Vitória,BRES002,13.754,33.411,38.158,51.912
2016,Vitória,BRES003,194.778,104.437,108.304,310.327
2016,Vitória,BRES004,90.383,48.347,56.213,148.294
2016,Vitória,BRES005,20.285,4.501,7.435,27.633
2016,Vitória,BRES007,14.432,38.794,45.511,59.943
2016,Vitória,BRES020,,28.608,28.608,28.608
2016,Vitória,BRES023,,,,
2016,Vitória,BRVIX,15.727,34.359,44.903,62.55
2016,Óbidos,BRPA001,30.222,19.352,21.656,53.125
2016,Óbidos,BRPA019,4.432,26.878,33.795,38.227
2017,Almeirim,BRPA002,0.911,49.34,70.931,71.842
2017,Almeirim,BRPA004,1.355,90.89,115.64,116.996
2017,Angra dos Reis,BRADR,11.0,27.667,32.083,43.083
2017,Angra dos Reis,BRRJ009,96.86,31.604,50.44,143.516
2017,Angra dos Reis,BRRJ012,1.388,1039.912,1094.471,1095.858
2017,Aracajú,BRSE001,3.621,10.792,17.529,19.994
2017,Aracajú,BRSE002,26.734,22.191,31.797,58.531
2017,Aratu - Salvador,BRARB,123.617,48.12,59.258,184.533
2017,Aratu - Salvador,BRBA002,10.993,26.027,32.629,44.253
2017,Aratu - Salvador,BRBA003,47.21,24.197,41.235,88.374
2017,Aratu - Salvador,BRBA006,21.502,102.452,125.98,147.482
2017,Aratu - Salvador,BRBA007,183.678,74.417,82.453,266.131
2017,Aratu - Salvador,BRBA008,0.793,15.136,18.163,18.943
2017,Aratu - Salvador,BRBA009,39.094,24.173,48.462,87.556
2017,Aratu - Salvador,BRSSA,4.364,16.489,21.94,27.611
2017,Areia Branca,BRARE,12.267,6.201,6.662,19.791
2017,Barra do Riacho,BRES006,16.066,32.809,44.281,62.663
2017,Barra do Riacho,BRES008,36.613,25.835,33.91,70.523
2017,Barra do Riacho,BRES010,25.862,25.546,36.842,62.704
2017,Barra do Riacho,BRES013,70.869,41.806,75.097,145.967
2017,Cabedelo (Instalação Isolada),BRCDO,15.481,37.804,53.937,73.044
2017,Coari (Instalação Isolada),BRAM009,4.404,6.545,9.295,13.726
2017,Corumbá,BRMS001,12.833,3.78,6.021,6.09
2017,Corumbá,BRMS002,70.02,3.617,16.417,86.544
2017,Corumbá,BRMS005,,189.85,189.85,189.85
2017,Forno,BRFNO,,,,
2017,Forno,BRRJ004,,,,
2017,Forno,BRRJ050,,,,
2017,Ilhéus,BRBA004,1.194,21.149,31.846,33.286
2017,Ilhéus,BRBA005,0.84,42.3,57.451,58.011
2017,Ilhéus,BRIOS,0.352,132.875,154.641,182.333
2017,Imbituba,BRIBB,60.264,56.285,65.52,119.638
2017,Itaguaí,BRIGI,50.472,33.828,39.042,92.634
2017,Itaguaí,BRRJ001,90.655,51.706,61.703,152.957
2017,Itaguaí,BRRJ016,35.273,109.23,135.023,208.153
2017,Itaguaí,BRRJ023,23.223,31.522,36.956,58.782
2017,Itaguaí,BRRJ054,1.0,5.433,5.767,6.767
2017,Itaituba,BRPA038,155.824,3.549,4.91,161.228
2017,Itaituba,BRPA045,,47.889,47.889,47.889
2017,Itaituba,BRPA064,65.394,149.683,183.476,253.875
2017,Itaituba,BRPA068,183.534,43.593,57.289,233.796
2017,Itajaí,BRITJ,9.216,9.723,15.509,24.769
2017,Itajaí,BRSC001,,110.713,138.29,138.29
2017,Itajaí,BRSC008,10.625,10.437,15.426,26.619
2017,Itajaí,BRSC012,25.833,61.152,85.16,125.717
2017,Itajaí,BRSC017,15.729,20.421,27.654,42.072
2017,Itajaí,BRSC019,,,,
2017,Itajaí,BRSC026,,,,
2017,Itaqui,BRIQI,73.169,47.363,58.043,133.562
2017,Itaqui,BRMA001,74.452,35.652,43.624,118.834
2017,Itaqui,BRMA002,103.254,28.446,32.975,136.449
2017,LDC Pederneiras (Instalação Isolada),BRSP011,,11.111,11.088,11.088
2017,Macapá,BRAP003,,3.995,10.949,10.949
2017,Macapá,BRMCP,15.852,27.355,32.503,38.588
2017,Maceió,BRAL001,16.906,17.884,25.153,43.604
2017,Maceió,BRMCZ,21.766,40.387,49.772,74.161
2017,Manaus,BRAM001,,1.856,5.798,5.798
2017,Manaus,BRAM003,7.138,106.32,119.423,128.989
2017,Manaus,BRAM004,0.184,0.72,0.898,1.083
2017,Manaus,BRAM006,0.895,53.942,61.555,61.669
2017,Manaus,BRAM007,,1.856,4.417,4.954
2017,Manaus,BRAM008,,13.654,80.491,80.491
2017,Manaus,BRAM011,84.252,21.648,33.461,117.662
2017,Manaus,BRAM012,11.065,28.221,36.249,36.918
2017,Manaus,BRAM013,7.35,152.342,182.9,187.494
2017,Manaus,BRAM014,0.167,5.366,5.401,5.5
2017,Manaus,BRAM015,1.0,1.0,1.0,2.0
2017,Manaus,BRAM016,1.0,27.834,27.834,28.834
2017,Manaus,BRAM017,,1.877,4.89,4.89
2017,Manaus,BRAM018,1.0,12.32,12.32,13.32
2017,Manaus,BRAM021,24.212,21.322,23.014,42.505
2017,Manaus,BRAM025,26.501,5.882,11.922,39.788
2017,Manaus,BRAM028,,24.0,24.0,24.0
2017,Manaus,BRAM032,5.412,75.122,79.212,89.955
2017,Manaus,BRAM034,1.0,37.362,37.457,37.465
2017,Manaus,BRMAO,1.0,273.0,303.0,304.0
2017,Natal,BRNAT,6.281,57.584,67.704,73.123
2017,Natal,BRRN001,42.962,35.806,47.15,91.578
2017,Não Classificado,BR,,,,
2017,Paranaguá - Antonina,BRANT,175.301,141.922,154.917,342.22
2017,Paranaguá - Antonina,BRPNG,112.103,40.91,47.098,161.186
2017,Paranaguá - Antonina,BRPR002,122.745,39.165,50.789,174.433
2017,Pecém - Fortaleza,BRCE001,65.21,59.05,66.587,131.838
2017,Pecém - Fortaleza,BRFOR,29.34,55.719,56.034,85.631
2017,Porto Alegre,BRPOA,,45.981,71.235,71.235
2017,Porto Alegre,BRRS003,6.438,9.329,23.531,28.297
2017,Porto Alegre,BRRS006,,12.333,12.59,12.59
2017,Porto Alegre,BRRS008,,9.542,21.502,21.636
2017,Porto Alegre,BRRS009,165.729,32.427,37.54,206.942
2017,Porto Alegre,BRRS010,3.698,10.727,28.704,34.502
2017,Porto Alegre,BRRS013,2.08,11.501,13.911,16.158
2017,Porto Alegre,BRRS014,2.023,9.968,21.712,23.735
2017,Porto Alegre,BRRS015,,9.298,9.459,9.603
2017,Porto Alegre,BRRS016,0.424,10.071,28.615,29.199
2017,Porto Alegre,BRRS022,22.529,19.991,49.484,72.215
2017,Porto Velho,BRPVH,2.202,10.579,14.009,18.043
2017,Porto Velho,BRRO001,38.433,75.861,75.861,170.137
2017,Porto Velho,BRRO002,,1.872,4.213,4.538
2017,Porto Velho,BRRO003,0.384,15.669,65.342,69.55
2017,Porto Velho,BRRO005,,1.912,4.903,4.903
2017,Porto Velho,BRRO006,175.54,8.277,9.676,185.358
2017,Porto Velho,BRRO007,0.151,5.019,8.458,8.609
2017,Porto Velho,BRRO010,30.613,17.768,19.95,50.568
2017,Porto Velho,BRRO013,,2.395,2.398,2.437
2017,Porto Velho,BRRO014,3.272,38.523,39.599,42.871
2017,Porto Velho,BRRO016,119.018,3.78,6.574,48.145
2017,Porto Velho,BRRO022,9.634,12.851,14.095,26.307
2017,Porto Velho,BRRO025,155.116,111.028,109.828,201.57
2017,Rio Grande,BRPET,3.025,9.914,13.372,13.715
2017,Rio Grande,BRRIG,38.222,23.423,31.848,71.862
2017,Rio Grande,BRRS001,149.19,51.407,67.885,127.38
2017,Rio Grande,BRRS002,56.698,24.341,34.234,92.199
2017,Rio Grande,BRRS005,128.183,78.631,100.026,228.209
2017,Rio Grande,BRRS007,71.433,59.573,68.815,144.71
2017,Rio Grande,BRRS012,1.214,58.171,67.603,68.304
2017,Rio de Janeiro -  Niterói,BRNTR,19.841,2.753,9.946,40.678
2017,Rio de Janeiro -  Niterói,BRRIO,33.259,19.888,30.726,47.04
2017,Rio de Janeiro -  Niterói,BRRJ003,49.592,18.12,31.323,80.915
2017,Rio de Janeiro -  Niterói,BRRJ005,,,,
2017,Rio de Janeiro -  Niterói,BRRJ007,,,,
2017,Rio de Janeiro -  Niterói,BRRJ008,29.023,40.568,55.154,84.881
2017,Rio de Janeiro -  Niterói,BRRJ010,54.988,15.0,21.824,37.87
2017,Rio de Janeiro -  Niterói,BRRJ011,,,,
2017,Rio de Janeiro -  Niterói,BRRJ013,,,,
2017,Rio de Janeiro -  Niterói,BRRJ014,,10.847,27.769,27.769
2017,Rio de Janeiro -  Niterói,BRRJ015,19.672,20.217,27.473,47.483
2017,Rio de Janeiro -  Niterói,BRRJ017,2.662,60.074,94.1,95.697
2017,Rio de Janeiro -  Niterói,BRRJ018,3.983,75.933,204.083,208.067
2017,Rio de Janeiro -  Niterói,BRRJ019,33.682,66.765,88.038,124.202
2017,Rio de Janeiro -  Niterói,BRRJ024,,,,
2017,Rio de Janeiro -  Niterói,BRRJ055,0.333,4.167,6.667,7.0
2017,Rio de Janeiro -  Niterói,BRRJ056,26.163,28.436,35.426,58.414
2017,Rio de Janeiro -  Niterói,BRRJ057,72.586,20.661,30.019,102.664
2017,Santarém,BRPA017,,3.642,18.01,18.01
2017,Santarém,BRPA028,1.663,162.161,174.045,181.061
2017,Santarém,BRSTM,,19.899,22.596,22.596
2017,Santos,BRSP001,154.971,50.957,66.224,229.392
2017,Santos,BRSP002,32.245,113.963,136.75,168.995
2017,Santos,BRSP004,0.917,72.034,82.951,83.028
2017,Santos,BRSP005,10.581,29.547,34.98,49.445
2017,Santos,BRSP008,8.441,12.845,24.608,32.114
2017,Santos,BRSP009,5.448,102.871,106.253,157.005
2017,Santos,BRSSZ,68.32,32.465,42.114,105.297
2017,Sem complexo - Terminal Isolado,BRAC001,3789.0,5.0,7.0,3796.0
2017,Sem complexo - Terminal Isolado,BRPR003,0.5,313.7,602.0,602.5
2017,Suape - Recife,BRPE001,10.724,117.533,145.51,156.233
2017,Suape - Recife,BRREC,6.901,142.124,149.351,156.255
2017,Suape - Recife,BRSUA,33.065,23.924,33.492,68.724
2017,São Francisco do Sul,BRSC007,32.07,21.781,24.333,56.359
2017,São Francisco do Sul,BRSC011,10.185,10.217,16.433,27.246
2017,São Francisco do Sul,BRSFS,143.044,71.274,70.063,211.86
2017,São João da Barra,BRRJ020,112.018,32.811,45.766,158.047
2017,São João da Barra,BRRJ022,22.88,59.934,76.201,99.081
2017,São João da Barra,BRRJ025,1.814,5.12,99.889,101.703
2017,São João da Barra,BRRJ026,0.885,10.758,210.583,211.479
2017,São João da Barra,BRRJ039,1.073,5.877,87.688,89.608
2017,São João da Barra,BRRJ051,1.264,19.759,31.082,32.809
2017,São João da Barra,BRRJ053,,,,
2017,São João da Barra,BRRJ067,49.562,22.961,53.982,111.744
2017,São Sebastião,BRSP006,70.953,34.641,51.025,123.762
2017,São Sebastião,BRSSO,10.008,136.312,146.659,164.266
2017,São Simão,BRGO001,,3.796,3.874,4.196
2017,São Simão,BRGO008,0.406,6.266,6.266,5.323
2017,São Simão,BRGO009,0.399,6.691,6.695,7.091
2017,Tomé Açu,BRPA033,,59.441,59.441,59.441
2017,Tomé Açu,BRPA034,,30.333,30.333,30.333
2017,Vila do Conde - Belém,BRBEL,,19.82,25.083,25.083
2017,Vila do Conde - Belém,BRPA005,35.249,14.691,20.851,53.966
2017,Vila do Conde - Belém,BRPA006,42.809,63.544,75.451,119.76
2017,Vila do Conde - Belém,BRPA013,,1.806,6.78,6.78
2017,Vila do Conde - Belém,BRPA014,,35.345,35.345,35.345
2017,Vila do Conde - Belém,BRPA016,,6.286,67.784,67.784
2017,Vila do Conde - Belém,BRPA018,49.321,4.673,9.335,58.552
2017,Vila do Conde - Belém,BRPA043,276.751,69.717,75.754,221.154
2017,Vila do Conde - Belém,BRPA065,9.604,44.292,80.217,89.821
2017,Vila do Conde - Belém,BRPA067,0.442,10.172,10.233,10.256
2017,Vila do Conde - Belém,BRVDC,,49.118,62.635,63.113
2017,Vitória,BRES001,145.92,32.489,35.773,183.933
2017,Vitória,BRES002,37.275,44.904,52.624,89.899
2017,Vitória,BRES003,365.198,89.209,92.401,463.177
2017,Vitória,BRES004,114.332,53.762,62.867,177.434
2017,Vitória,BRES005,6.171,10.062,11.604,17.775
2017,Vitória,BRES007,24.288,44.346,50.264,76.825
2017,Vitória,BRES020,,12.0,12.0,12.0
2017,Vitória,BRES023,,,,
2017,Vitória,BRVIX,19.709,41.054,50.819,73.662
2017,Óbidos,BRPA001,29.555,21.4,23.809,54.211
2017,Óbidos,BRPA019,5.268,35.947,42.59,48.946
2017,Óbidos,BRPA036,1.583,2.572,2.972,3.917
2018,Almeirim,BRPA002,0.839,39.805,57.506,58.339
2018,Almeirim,BRPA004,0.85,109.806,136.843,153.167
2018,Angra dos Reis,BRRJ009,67.649,32.979,55.403,123.244
2018,Angra dos Reis,BRRJ012,0.383,,,
2018,Aracajú,BRSE001,5.087,22.212,21.802,24.259
2018,Aracajú,BRSE002,31.302,22.475,34.575,70.298
2018,Aratu - Salvador,BRARB,111.8,46.234,56.891,169.686
2018,Aratu - Salvador,BRBA002,16.765,28.661,35.113,52.674
2018,Aratu - Salvador,BRBA003,40.111,23.872,39.094,79.208
2018,Aratu - Salvador,BRBA006,1.975,150.043,163.743,165.639
2018,Aratu - Salvador,BRBA007,145.191,78.091,86.325,239.444
2018,Aratu - Salvador,BRBA008,0.842,16.86,20.374,21.216
2018,Aratu - Salvador,BRBA009,43.57,26.343,43.411,66.233
2018,Aratu - Salvador,BRSSA,3.558,16.854,21.366,26.637
2018,Areia Branca,BRARE,11.576,6.708,7.748,18.917
2018,Barra do Riacho,BRES006,10.143,25.601,35.223,46.326
2018,Barra do Riacho,BRES008,22.645,32.492,39.738,62.383
2018,Barra do Riacho,BRES010,23.545,46.186,62.585,88.792
2018,Barra do Riacho,BRES013,4.067,117.6,133.4,137.467
2018,Cabedelo (Instalação Isolada),BRCDO,17.467,45.425,61.201,78.669
2018,Coari (Instalação Isolada),BRAM009,4.758,7.02,9.984,15.175
2018,Corumbá,BRMS001,0.233,5.626,9.067,9.144
2018,Corumbá,BRMS002,54.461,3.425,22.225,76.507
2018,Corumbá,BRMS005,2.976,189.315,204.069,227.847
2018,Estrela,BRRS004,0.625,58.358,48.5,66.0
2018,Forno,BRFNO,,,,
2018,Forno,BRRJ004,,,,
2018,Forno,BRRJ050,,,,
2018,Ilhéus,BRBA004,1.142,12.69,19.918,21.248
2018,Ilhéus,BRBA005,0.826,40.605,56.295,57.116
2018,Ilhéus,BRIOS,0.572,166.734,183.859,184.396
2018,Imbituba,BRIBB,60.089,54.505,61.989,122.208
2018,Itaguaí,BRIGI,65.39,35.642,42.038,109.062
2018,Itaguaí,BRRJ001,137.478,58.553,69.097,207.571
2018,Itaguaí,BRRJ016,71.336,89.923,108.862,179.865
2018,Itaguaí,BRRJ023,21.494,30.27,35.343,56.837
2018,Itaguaí,BRRJ054,0.667,2.958,33.792,34.458
2018,Itaituba,BRPA038,179.288,2.718,3.884,183.811
2018,Itaituba,BRPA045,0.359,48.153,48.495,48.639
2018,Itaituba,BRPA046,50.023,7.778,19.029,69.631
2018,Itaituba,BRPA064,9.668,221.467,296.336,305.853
2018,Itajaí,BRITJ,10.91,12.599,17.594,29.17
2018,Itajaí,BRSC001,43.919,118.646,169.6,212.943
2018,Itajaí,BRSC008,9.102,7.915,16.435,25.803
2018,Itajaí,BRSC012,16.338,46.967,63.293,79.63
2018,Itajaí,BRSC017,18.519,17.376,21.6,40.119
2018,Itajaí,BRSC019,,,,
2018,Itajaí,BRSC026,,,,
2018,Itaqui,BRIQI,99.658,47.877,57.823,156.152
2018,Itaqui,BRMA001,108.856,38.009,45.527,156.662
2018,Itaqui,BRMA002,132.852,28.635,33.204,166.131
2018,Macapá,BRAP003,0.083,3.837,10.681,10.71
2018,Macapá,BRMCP,10.061,30.088,35.576,46.083
2018,Maceió,BRAL001,16.437,16.018,25.488,41.066
2018,Maceió,BRMCZ,17.55,37.994,46.889,70.636
2018,Manaus,BRAM001,0.017,1.754,7.06,7.066
2018,Manaus,BRAM003,5.657,100.726,102.55,108.207
2018,Manaus,BRAM004,0.167,0.384,0.616,0.783
2018,Manaus,BRAM006,1.18,50.194,58.341,62.138
2018,Manaus,BRAM007,0.017,1.802,4.135,4.458
2018,Manaus,BRAM008,0.084,11.514,86.358,86.388
2018,Manaus,BRAM011,69.78,22.309,34.135,105.46
2018,Manaus,BRAM012,2.406,28.683,37.477,38.359
2018,Manaus,BRAM013,0.642,82.855,115.336,115.519
2018,Manaus,BRAM014,0.034,5.005,5.042,5.056
2018,Manaus,BRAM015,1.0,1.147,1.441,2.441
2018,Manaus,BRAM016,1.0,28.094,28.783,29.704
2018,Manaus,BRAM017,0.017,1.814,5.491,5.496
2018,Manaus,BRAM018,1.0,9.624,10.161,11.161
2018,Manaus,BRAM021,22.275,19.637,27.628,43.968
2018,Manaus,BRAM025,24.762,5.227,10.562,35.589
2018,Manaus,BRAM028,1.0,21.914,24.0,24.245
2018,Manaus,BRAM032,0.56,91.287,91.684,92.247
2018,Manaus,BRAM034,1.488,69.465,85.331,89.272
2018,Manaus,BRAM081,1.47,68.628,73.435,75.083
2018,Manaus,BRAM087,27.893,6.083,10.923,44.21
2018,Manaus,BRMAO,1.0,200.0,200.0,201.0
2018,Natal,BRNAT,3.622,68.835,76.865,82.313
2018,Natal,BRRN001,27.762,38.947,48.998,76.801
2018,Não Classificado,BR,,,,
2018,Paranaguá - Antonina,BRANT,129.215,116.236,130.264,259.479
2018,Paranaguá - Antonina,BRPNG,128.706,39.693,45.725,178.225
2018,Paranaguá - Antonina,BRPR002,76.008,35.643,46.432,126.497
2018,Pecém - Fortaleza,BRCE001,41.364,51.67,60.411,105.001
2018,Pecém - Fortaleza,BRFOR,34.088,52.822,56.574,91.519
2018,Porto Alegre,BRPOA,0.038,52.14,71.873,71.888
2018,Porto Alegre,BRRS003,4.919,8.283,19.379,22.095
2018,Porto Alegre,BRRS006,,14.362,15.19,16.372
2018,Porto Alegre,BRRS008,0.034,6.288,13.849,13.781
2018,Porto Alegre,BRRS009,112.948,34.516,38.407,151.777
2018,Porto Alegre,BRRS010,3.041,10.143,27.862,29.815
2018,Porto Alegre,BRRS013,3.446,13.766,16.484,20.362
2018,Porto Alegre,BRRS014,1.975,10.254,27.391,29.366
2018,Porto Alegre,BRRS015,0.221,9.556,9.68,9.722
2018,Porto Alegre,BRRS016,0.352,10.661,31.189,31.541
2018,Porto Alegre,BRRS022,15.823,26.81,64.191,80.085
2018,Porto Velho,BRPVH,1.308,7.047,9.179,10.671
2018,Porto Velho,BRRO002,0.017,1.894,4.579,4.79
2018,Porto Velho,BRRO003,0.499,14.586,108.754,109.027
2018,Porto Velho,BRRO005,0.017,1.873,4.536,4.542
2018,Porto Velho,BRRO006,212.005,8.014,9.124,221.728
2018,Porto Velho,BRRO007,0.159,5.698,9.733,9.891
2018,Porto Velho,BRRO010,27.683,15.71,20.977,42.255
2018,Porto Velho,BRRO013,0.106,2.129,2.231,2.318
2018,Porto Velho,BRRO014,1.056,20.987,21.952,23.007
2018,Porto Velho,BRRO016,106.018,3.384,6.627,34.928
2018,Porto Velho,BRRO022,0.401,16.497,18.163,31.006
2018,Porto Velho,BRRO025,230.962,106.278,107.848,340.739
2018,Rio Grande,BRPET,0.136,10.027,13.131,13.474
2018,Rio Grande,BRRIG,33.236,23.511,30.824,66.916
2018,Rio Grande,BRRS001,88.973,48.195,65.95,122.479
2018,Rio Grande,BRRS002,61.423,26.489,37.659,100.202
2018,Rio Grande,BRRS005,62.296,101.414,114.014,176.309
2018,Rio Grande,BRRS007,64.537,51.529,58.793,125.096
2018,Rio Grande,BRRS012,0.204,39.946,47.206,48.29
2018,Rio de Janeiro -  Niterói,BRNTR,24.803,0.997,28.013,69.97
2018,Rio de Janeiro -  Niterói,BRRIO,23.777,19.749,34.775,51.182
2018,Rio de Janeiro -  Niterói,BRRJ003,58.4,19.016,33.482,92.26
2018,Rio de Janeiro -  Niterói,BRRJ005,,,,
2018,Rio de Janeiro -  Niterói,BRRJ007,,,,
2018,Rio de Janeiro -  Niterói,BRRJ008,21.762,36.646,49.694,74.509
2018,Rio de Janeiro -  Niterói,BRRJ010,33.821,17.461,25.008,45.415
2018,Rio de Janeiro -  Niterói,BRRJ011,,,,
2018,Rio de Janeiro -  Niterói,BRRJ014,0.256,18.571,37.391,37.536
2018,Rio de Janeiro -  Niterói,BRRJ015,30.418,23.607,30.367,57.478
2018,Rio de Janeiro -  Niterói,BRRJ017,7.046,36.611,75.324,94.691
2018,Rio de Janeiro -  Niterói,BRRJ018,13.531,34.052,71.09,84.621
2018,Rio de Janeiro -  Niterói,BRRJ019,43.087,88.293,102.537,145.623
2018,Rio de Janeiro -  Niterói,BRRJ024,,,,
2018,Rio de Janeiro -  Niterói,BRRJ055,,,,
2018,Rio de Janeiro -  Niterói,BRRJ056,9.602,16.033,21.953,31.381
2018,Rio de Janeiro -  Niterói,BRRJ057,37.423,12.423,19.355,56.777
2018,Santarém,BRPA017,0.083,3.972,13.993,14.017
2018,Santarém,BRPA028,23.933,161.298,179.959,188.269
2018,Santarém,BRSTM,0.135,21.629,24.653,24.657
2018,Santos,BRSP001,196.907,72.424,90.442,293.02
2018,Santos,BRSP002,66.075,135.456,157.562,235.0
2018,Santos,BRSP004,1.048,65.809,78.361,80.079
2018,Santos,BRSP005,12.466,32.251,41.077,52.911
2018,Santos,BRSP008,8.764,14.979,25.252,35.086
2018,Santos,BRSP009,,,,
2018,Santos,BRSSZ,58.163,35.189,44.84,98.822
2018,Sem complexo - Terminal Isolado,BRAC001,537.429,28.667,35.429,572.857
2018,Sem complexo - Terminal Isolado,BRPR003,41.856,191.228,463.944,500.431
2018,Sem complexo - Terminal Isolado,BRRN003,0.979,4.814,18.454,38.166
2018,Suape - Recife,BRPE001,17.656,104.181,132.372,150.028
2018,Suape - Recife,BRREC,5.897,136.209,145.845,154.378
2018,Suape - Recife,BRSUA,27.148,23.452,32.871,62.158
2018,São Francisco do Sul,BRSC007,22.391,21.115,24.594,46.985
2018,São Francisco do Sul,BRSC011,10.821,11.062,18.351,29.76
2018,São Francisco do Sul,BRSFS,107.624,77.85,74.556,181.408
2018,São João da Barra,BRRJ020,41.063,32.693,39.796,80.86
2018,São João da Barra,BRRJ022,15.19,55.989,95.525,110.715
2018,São João da Barra,BRRJ025,1.1,3.74,59.294,60.394
2018,São João da Barra,BRRJ026,1.723,10.954,32.755,34.478
2018,São João da Barra,BRRJ039,1.068,3.609,109.717,112.48
2018,São João da Barra,BRRJ051,0.771,10.332,15.417,16.188
2018,São João da Barra,BRRJ053,0.017,8.278,12.198,12.214
2018,São João da Barra,BRRJ067,41.111,22.85,40.058,85.146
2018,São Sebastião,BRSP006,30.951,30.084,45.09,77.86
2018,São Sebastião,BRSSO,30.028,112.161,123.141,154.266
2018,São Simão,BRGO001,0.066,3.27,8.278,9.052
2018,São Simão,BRGO008,0.38,5.502,5.502,5.882
2018,São Simão,BRGO009,0.367,5.006,5.02,5.397
2018,Tomé Açu,BRPA033,0.017,45.363,54.862,54.868
2018,Vila do Conde - Belém,BRBEL,0.536,21.806,28.602,28.732
2018,Vila do Conde - Belém,BRPA005,20.163,11.197,15.661,35.729
2018,Vila do Conde - Belém,BRPA006,46.184,67.346,79.526,129.132
2018,Vila do Conde - Belém,BRPA013,0.017,1.854,6.976,6.981
2018,Vila do Conde - Belém,BRPA014,0.017,45.952,63.805,63.812
2018,Vila do Conde - Belém,BRPA016,0.083,7.008,69.642,69.671
2018,Vila do Conde - Belém,BRPA018,72.824,4.695,9.378,83.466
2018,Vila do Conde - Belém,BRPA043,85.956,63.313,71.642,135.962
2018,Vila do Conde - Belém,BRPA065,5.143,113.576,147.45,163.05
2018,Vila do Conde - Belém,BRPA067,0.547,9.757,10.078,10.271
2018,Vila do Conde - Belém,BRPA108,18.103,54.283,94.71,112.813
2018,Vila do Conde - Belém,BRVDC,15.228,57.48,76.48,78.149
2018,Vitória,BRES001,214.231,33.639,37.232,254.007
2018,Vitória,BRES002,9.717,27.232,38.272,47.988
2018,Vitória,BRES003,430.666,93.797,97.023,532.264
2018,Vitória,BRES004,88.231,55.427,64.09,153.218
2018,Vitória,BRES005,2.991,12.542,15.865,23.704
2018,Vitória,BRES007,30.061,37.592,47.203,83.672
2018,Vitória,BRES020,,,,
2018,Vitória,BRES023,,,,
2018,Vitória,BRVIX,17.287,43.757,54.712,73.468
2018,Óbidos,BRPA001,16.819,20.109,22.547,39.568
2018,Óbidos,BRPA019,4.605,30.044,34.513,39.146
2018,Óbidos,BRPA036,0.424,2.024,2.819,3.243
2019,Almeirim,BRPA002,0.865,53.931,75.879,76.745
2019,Almeirim,BRPA004,0.667,59.319,79.595,80.274
2019,Angra dos Reis,BRADR,1.6,71.667,115.5,117.1
2019,Angra dos Reis,BRRJ009,86.173,32.633,52.697,138.87
2019,Angra dos Reis,BRRJ012,3.778,13.139,37.556,41.333
2019,Aracajú,BRSE001,4.6,23.594,22.913,31.451
2019,Aracajú,BRSE002,32.646,23.97,40.319,72.965
2019,Aratu - Salvador,BRARB,83.46,44.438,55.183,137.757
2019,Aratu - Salvador,BRBA002,15.56,24.89,30.586,46.146
2019,Aratu - Salvador,BRBA003,46.232,23.422,37.569,84.081
2019,Aratu - Salvador,BRBA006,6.231,174.019,193.328,199.558
2019,Aratu - Salvador,BRBA007,145.66,75.206,83.259,230.378
2019,Aratu - Salvador,BRBA008,0.833,14.332,17.82,18.738
2019,Aratu - Salvador,BRBA009,4.308,14.083,31.967,36.275
2019,Aratu - Salvador,BRSSA,3.103,17.625,22.168,25.039
2019,Areia Branca,BRARE,8.498,6.517,6.962,15.897
2019,Barra do Riacho,BRES006,7.683,26.676,34.575,43.818
2019,Barra do Riacho,BRES008,35.021,25.624,34.044,69.065
2019,Barra do Riacho,BRES010,17.657,42.274,55.401,92.436
2019,Barra do Riacho,BRES013,249.167,465.0,595.583,
2019,Cabedelo (Instalação Isolada),BRCDO,18.331,43.425,59.024,77.356
2019,Coari (Instalação Isolada),BRAM009,4.293,7.067,10.07,14.362
2019,Corumbá,BRMS001,0.398,5.343,7.883,8.285
2019,Corumbá,BRMS002,28.659,2.32,30.459,62.689
2019,Corumbá,BRMS005,1.593,242.951,308.056,309.648
2019,Forno,BRFNO,,,,
2019,Forno,BRRJ050,,,,
2019,Ilhéus,BRBA004,1.277,16.139,23.948,25.249
2019,Ilhéus,BRBA005,1.152,36.722,52.677,53.994
2019,Ilhéus,BRIOS,11.538,158.719,186.92,235.2
2019,Imbituba,BRIBB,57.131,67.304,75.936,125.771
2019,Itaguaí,BRIGI,65.753,34.009,40.859,107.38
2019,Itaguaí,BRRJ001,184.73,52.384,61.331,248.533
2019,Itaguaí,BRRJ016,89.612,99.41,120.714,243.195
2019,Itaguaí,BRRJ023,44.354,33.996,41.257,85.611
2019,Itaguaí,BRRJ054,1.5,16.0,17.5,19.5
2019,Itaituba,BRPA038,78.945,3.464,4.625,83.803
2019,Itaituba,BRPA045,0.484,36.164,39.109,39.739
2019,Itaituba,BRPA046,54.886,7.251,8.312,66.156
2019,Itaituba,BRPA064,54.8,328.25,422.104,488.604
2019,Itaituba,BRPA091,13.237,37.683,38.858,217.798
2019,Itajaí,BRITJ,10.602,13.123,18.123,28.941
2019,Itajaí,BRSC001,12.14,96.783,124.04,136.18
2019,Itajaí,BRSC008,10.841,8.085,16.61,27.686
2019,Itajaí,BRSC012,14.531,54.632,74.94,101.517
2019,Itajaí,BRSC013,4.067,,,114.339
2019,Itajaí,BRSC017,24.25,18.56,28.023,52.273
2019,Itajaí,BRSC019,,,,
2019,Itajaí,BRSC026,,,,
2019,Itaqui,BRIQI,108.904,47.919,58.972,169.654
2019,Itaqui,BRMA001,82.438,37.546,44.895,130.671
2019,Itaqui,BRMA002,183.631,33.541,38.046,223.235
2019,Macapá,BRAP003,0.083,3.811,10.984,11.068
2019,Macapá,BRMCP,6.606,28.292,35.106,52.306
2019,Maceió,BRAL001,22.831,20.523,29.237,56.444
2019,Maceió,BRMCZ,13.83,38.32,48.257,61.525
2019,Manaus,BRAM001,0.017,1.834,6.651,6.623
2019,Manaus,BRAM003,4.304,110.782,118.973,123.277
2019,Manaus,BRAM004,0.542,0.328,1.026,1.69
2019,Manaus,BRAM006,1.281,50.905,57.5,58.922
2019,Manaus,BRAM007,0.017,1.755,4.374,4.391
2019,Manaus,BRAM008,0.083,10.347,77.166,77.249
2019,Manaus,BRAM011,40.705,21.174,32.027,75.521
2019,Manaus,BRAM012,0.53,15.461,20.391,21.054
2019,Manaus,BRAM013,6.329,90.967,125.356,131.685
2019,Manaus,BRAM014,0.035,8.029,14.665,14.818
2019,Manaus,BRAM015,1.0,1.5,2.5,3.5
2019,Manaus,BRAM016,1.0,24.124,26.124,27.124
2019,Manaus,BRAM017,0.017,1.774,4.86,4.844
2019,Manaus,BRAM018,1.0,8.495,10.495,11.495
2019,Manaus,BRAM021,2.525,46.249,53.787,59.119
2019,Manaus,BRAM025,26.34,5.397,10.94,37.428
2019,Manaus,BRAM028,1.0,15.5,24.0,25.0
2019,Manaus,BRAM029,0.715,16.259,17.343,18.057
2019,Manaus,BRAM032,0.387,54.984,59.981,60.371
2019,Manaus,BRAM034,0.732,51.873,81.907,109.493
2019,Manaus,BRAM081,1.182,83.281,93.786,106.875
2019,Manaus,BRAM087,8.742,7.346,11.928,23.341
2019,Manaus,BRMAO,,,,
2019,Natal,BRNAT,3.116,72.316,84.37,87.486
2019,Natal,BRRN001,34.409,46.373,58.702,94.644
2019,Não Classificado,BR,,,,
2019,Paranaguá - Antonina,BRANT,120.805,134.182,147.633,268.438
2019,Paranaguá - Antonina,BRPNG,92.578,38.577,44.755,138.905
2019,Paranaguá - Antonina,BRPR002,80.486,43.143,55.992,141.862
2019,Pecém - Fortaleza,BRCE001,53.364,46.101,54.185,112.676
2019,Pecém - Fortaleza,BRFOR,40.678,48.766,57.982,101.253
2019,Porto Alegre,BRPOA,0.402,53.045,74.937,75.339
2019,Porto Alegre,BRRS003,4.735,8.601,22.686,27.416
2019,Porto Alegre,BRRS006,,13.078,15.103,17.11
2019,Porto Alegre,BRRS008,0.033,8.458,25.387,25.541
2019,Porto Alegre,BRRS009,91.238,33.358,37.735,136.479
2019,Porto Alegre,BRRS010,2.457,10.708,26.431,31.254
2019,Porto Alegre,BRRS013,2.732,12.606,15.161,18.084
2019,Porto Alegre,BRRS014,2.444,13.206,25.208,27.653
2019,Porto Alegre,BRRS015,0.189,8.706,9.12,9.309
2019,Porto Alegre,BRRS016,0.47,13.711,42.658,43.128
2019,Porto Alegre,BRRS022,1.239,20.465,47.855,49.093
2019,Porto Alegre,BRRS028,2.253,20.578,50.747,53.0
2019,Porto Velho,BRPVH,1.446,6.542,8.013,9.766
2019,Porto Velho,BRRO002,0.017,1.855,4.307,4.323
2019,Porto Velho,BRRO003,,,,
2019,Porto Velho,BRRO005,0.017,1.844,4.097,4.114
2019,Porto Velho,BRRO006,41.455,9.27,10.729,53.052
2019,Porto Velho,BRRO007,0.162,5.628,9.634,9.854
2019,Porto Velho,BRRO010,43.322,13.711,16.701,78.038
2019,Porto Velho,BRRO013,0.096,1.946,2.161,2.309
2019,Porto Velho,BRRO014,0.554,14.242,15.276,15.83
2019,Porto Velho,BRRO016,187.083,2.694,5.847,190.412
2019,Porto Velho,BRRO022,0.382,17.924,19.751,43.866
2019,Porto Velho,BRRO025,86.553,62.543,64.378,150.977
2019,Rio Grande,BRPET,0.085,9.952,11.533,11.943
2019,Rio Grande,BRRIG,28.141,22.515,29.747,59.647
2019,Rio Grande,BRRS001,10.507,38.011,59.66,70.123
2019,Rio Grande,BRRS002,46.763,22.986,33.868,84.586
2019,Rio Grande,BRRS005,61.649,92.706,110.07,171.719
2019,Rio Grande,BRRS007,44.129,62.586,71.11,123.553
2019,Rio Grande,BRRS012,1.081,38.628,41.478,43.191
2019,Rio de Janeiro -  Niterói,BRNTR,18.866,0.776,27.494,50.693
2019,Rio de Janeiro -  Niterói,BRRIO,16.582,21.708,36.122,54.935
2019,Rio de Janeiro -  Niterói,BRRJ003,41.865,22.399,37.841,81.876
2019,Rio de Janeiro -  Niterói,BRRJ005,,,,
2019,Rio de Janeiro -  Niterói,BRRJ007,,,,
2019,Rio de Janeiro -  Niterói,BRRJ008,23.519,32.479,45.567,69.086
2019,Rio de Janeiro -  Niterói,BRRJ010,22.992,16.1,23.63,47.453
2019,Rio de Janeiro -  Niterói,BRRJ011,,,,
2019,Rio de Janeiro -  Niterói,BRRJ013,0.167,9.667,22.667,22.833
2019,Rio de Janeiro -  Niterói,BRRJ014,0.411,27.424,52.793,53.195
2019,Rio de Janeiro -  Niterói,BRRJ015,19.172,26.091,34.947,61.887
2019,Rio de Janeiro -  Niterói,BRRJ017,10.324,33.288,48.328,65.328
2019,Rio de Janeiro -  Niterói,BRRJ019,23.46,92.287,110.487,133.947
2019,Rio de Janeiro -  Niterói,BRRJ024,,,,
2019,Rio de Janeiro -  Niterói,BRRJ041,,,,
2019,Rio de Janeiro -  Niterói,BRRJ055,,,,
2019,Rio de Janeiro -  Niterói,BRRJ056,5.375,11.712,14.954,20.329
2019,Rio de Janeiro -  Niterói,BRRJ057,24.561,14.98,24.79,50.928
2019,Santarém,BRPA017,0.083,3.882,5.882,5.965
2019,Santarém,BRPA028,20.146,137.703,141.49,161.636
2019,Santarém,BRSTM,0.038,24.666,28.359,28.582
2019,Santos,BRSP001,205.638,79.234,92.442,300.846
2019,Santos,BRSP002,61.054,146.662,168.166,233.25
2019,Santos,BRSP004,0.783,64.297,75.991,76.881
2019,Santos,BRSP005,5.395,32.099,37.746,43.216
2019,Santos,BRSP008,10.336,11.134,18.628,29.542
2019,Santos,BRSP009,0.25,6.0,23.883,24.133
2019,Santos,BRSSZ,64.175,35.298,45.132,106.208
2019,Sem complexo - Terminal Isolado,BRAC001,37.5,10.5,23.5,61.0
2019,Sem complexo - Terminal Isolado,BRPR003,0.267,222.544,660.99,1008.933
2019,Sem complexo - Terminal Isolado,BRRN003,1.13,4.634,19.567,24.541
2019,Sem complexo - Terminal Isolado,BRSP023,8.131,50.907,53.022,61.153
2019,Suape - Recife,BRPE001,12.5,6.5,42.5,55.0
2019,Suape - Recife,BRREC,5.481,124.924,132.192,138.403
2019,Suape - Recife,BRSUA,27.945,22.462,31.822,60.606
2019,São Francisco do Sul,BRSC007,24.222,21.278,24.822,49.033
2019,São Francisco do Sul,BRSC011,6.849,9.503,16.283,23.419
2019,São Francisco do Sul,BRSFS,85.812,73.439,71.875,160.092
2019,São João da Barra,BRRJ020,66.308,29.784,46.64,113.128
2019,São João da Barra,BRRJ022,26.121,43.1,57.861,83.982
2019,São João da Barra,BRRJ025,1.056,27.385,135.431,136.487
2019,São João da Barra,BRRJ026,1.805,19.145,24.195,26.212
2019,São João da Barra,BRRJ039,2.093,2.611,104.289,106.475
2019,São João da Barra,BRRJ051,0.541,12.199,15.395,15.935
2019,São João da Barra,BRRJ053,0.28,6.514,11.26,11.597
2019,São João da Barra,BRRJ067,66.848,28.382,48.193,115.041
2019,São Sebastião,BRSP006,39.992,27.571,41.889,83.44
2019,São Sebastião,BRSSO,8.717,168.16,177.899,186.616
2019,São Simão,BRGO001,0.033,3.042,16.248,17.303
2019,São Simão,BRGO009,0.264,5.41,5.509,5.773
2019,Tomé Açu,BRPA033,0.017,8.433,62.767,63.583
2019,Vila do Conde - Belém,BRBEL,0.481,17.447,23.951,24.213
2019,Vila do Conde - Belém,BRPA005,21.249,9.126,15.094,37.647
2019,Vila do Conde - Belém,BRPA006,35.152,64.651,80.749,114.984
2019,Vila do Conde - Belém,BRPA013,0.017,1.935,7.229,7.226
2019,Vila do Conde - Belém,BRPA014,0.038,25.579,89.368,89.407
2019,Vila do Conde - Belém,BRPA016,0.083,7.464,58.641,58.724
2019,Vila do Conde - Belém,BRPA018,89.294,4.592,7.879,98.566
2019,Vila do Conde - Belém,BRPA043,130.06,73.881,83.325,225.565
2019,Vila do Conde - Belém,BRPA065,0.525,42.528,84.877,85.385
2019,Vila do Conde - Belém,BRPA067,0.51,9.166,10.837,11.447
2019,Vila do Conde - Belém,BRPA108,5.431,59.628,90.226,106.594
2019,Vila do Conde - Belém,BRVDC,27.044,56.507,68.519,76.518
2019,Vitória,BRES001,205.258,38.515,42.73,253.608
2019,Vitória,BRES002,56.494,48.627,61.4,117.894
2019,Vitória,BRES003,361.228,83.896,89.189,450.849
2019,Vitória,BRES004,76.203,58.846,67.331,143.754
2019,Vitória,BRES005,1.262,9.667,16.9,26.464
2019,Vitória,BRES007,12.521,38.105,45.872,66.109
2019,Vitória,BRES020,0.017,12.139,12.29,12.307
2019,Vitória,BRES023,,,,
2019,Vitória,BRVIX,22.635,45.705,57.2,83.851
2019,Vitória do Xingu,BRPA066,1.0,31.417,34.25,35.25
2019,Óbidos,BRPA001,9.864,22.264,25.578,36.665
2019,Óbidos,BRPA019,4.121,27.61,32.084,36.219
2020,Almeirim,BRPA002,0.981,60.625,81.965,82.946
2020,Almeirim,BRPA004,0.735,78.735,97.02,97.755
2020,Angra dos Reis,BRADR,2.458,2.25,15.042,17.5
2020,Angra dos Reis,BRRJ009,68.479,30.938,47.851,116.33
2020,Aracajú,BRSE001,2.048,26.982,25.969,31.726
2020,Aracajú,BRSE002,64.294,26.353,37.412,101.706
2020,Aratu - Salvador,BRARB,81.266,42.49,53.528,136.293
2020,Aratu - Salvador,BRBA002,26.54,24.524,30.768,55.37
2020,Aratu - Salvador,BRBA003,19.667,24.091,37.539,57.267
2020,Aratu - Salvador,BRBA006,1.007,191.841,204.429,205.436
2020,Aratu - Salvador,BRBA007,291.933,78.833,86.83,381.634
2020,Aratu - Salvador,BRBA008,0.889,10.301,13.041,13.938
2020,Aratu - Salvador,BRBA009,17.505,31.633,48.943,66.447
2020,Aratu - Salvador,BRSSA,4.346,18.211,22.024,27.493
2020,Areia Branca,BRARE,8.083,6.896,7.54,16.429
2020,Areia Branca,BRRN004,0.083,4.653,8.419,8.503
2020,Areia Branca,BRRN005,0.083,4.461,7.59,7.674
2020,Areia Branca,BRRN006,0.083,4.192,5.345,5.428
2020,Barra do Riacho,BRES006,7.278,26.291,35.197,43.321
2020,Barra do Riacho,BRES008,43.915,25.666,32.906,76.821
2020,Barra do Riacho,BRES010,12.904,35.042,46.018,58.922
2020,Barra do Riacho,BRES013,5.083,128.0,165.417,170.5
2020,Cabedelo (Instalação Isolada),BRCDO,14.432,49.803,66.73,87.699
2020,Coari (Instalação Isolada),BRAM009,5.644,6.589,9.5,15.354
2020,Corumbá,BRMS001,0.481,3.997,6.431,6.913
2020,Corumbá,BRMS002,26.452,1.627,25.008,52.745
2020,Corumbá,BRMS005,0.593,20.605,24.556,25.149
2020,Forno,BRFNO,,,,
2020,Forno,BRRJ050,,,,
2020,Ilhéus,BRBA004,1.3,17.155,25.145,26.711
2020,Ilhéus,BRBA005,1.277,41.466,58.188,59.851
2020,Ilhéus,BRIOS,5.583,155.117,185.883,201.708
2020,Imbituba,BRIBB,67.353,65.326,76.004,143.619
2020,Itaguaí,BRIGI,82.303,41.898,49.203,135.903
2020,Itaguaí,BRRJ001,151.454,55.554,66.898,219.681
2020,Itaguaí,BRRJ016,89.9,89.282,104.122,229.405
2020,Itaguaí,BRRJ023,74.708,35.1,45.294,134.15
2020,Itaguaí,BRRJ054,2.0,6.5,22.0,24.0
2020,Itaituba,BRPA038,70.409,2.376,3.486,81.483
2020,Itaituba,BRPA045,0.983,27.786,27.821,28.804
2020,Itaituba,BRPA046,53.641,7.114,7.933,64.823
2020,Itaituba,BRPA064,90.411,258.491,267.893,354.705
2020,Itaituba,BRPA091,52.941,39.503,46.44,107.51
2020,Itaituba,BRPA153,7.533,125.71,165.226,274.267
2020,Itaituba,BRPA214,3.202,111.365,132.143,187.306
2020,Itajaí,BRITJ,8.549,16.353,21.375,29.856
2020,Itajaí,BRSC001,,,,
2020,Itajaí,BRSC008,8.509,8.156,14.913,23.693
2020,Itajaí,BRSC012,11.704,45.551,62.095,80.727
2020,Itajaí,BRSC013,8.924,9.34,29.695,38.619
2020,Itajaí,BRSC017,20.487,18.458,23.58,44.217
2020,Itajaí,BRSC019,,,,
2020,Itajaí,BRSC026,,,,
2020,Itaqui,BRIQI,146.583,51.363,61.331,208.243
2020,Itaqui,BRMA001,78.341,36.431,43.345,124.163
2020,Itaqui,BRMA002,197.519,37.668,42.414,241.947
2020,LDC Pederneiras (Instalação Isolada),BRSP011,0.017,5.382,32.747,32.763
2020,Macapá,BRAP003,0.083,4.27,10.495,10.578
2020,Macapá,BRMCP,3.668,28.973,34.655,44.585
2020,Maceió,BRAL001,5.738,21.848,31.223,38.268
2020,Maceió,BRMCZ,33.491,48.65,58.826,92.536
2020,Manaus,BRAM001,0.017,1.931,7.136,7.135
2020,Manaus,BRAM003,3.456,103.888,109.763,113.219
2020,Manaus,BRAM004,0.745,0.425,1.276,2.021
2020,Manaus,BRAM006,1.123,59.045,67.112,68.237
2020,Manaus,BRAM007,0.017,1.871,5.35,5.367
2020,Manaus,BRAM008,0.083,10.653,89.642,89.725
2020,Manaus,BRAM011,46.282,18.338,27.474,74.227
2020,Manaus,BRAM012,0.56,18.465,24.437,24.997
2020,Manaus,BRAM013,5.131,109.493,135.426,140.557
2020,Manaus,BRAM014,0.215,5.619,5.803,43.194
2020,Manaus,BRAM015,1.0,1.5,2.5,3.5
2020,Manaus,BRAM016,1.0,18.609,20.609,21.609
2020,Manaus,BRAM017,0.017,1.884,5.331,5.323
2020,Manaus,BRAM018,1.0,7.625,9.625,10.625
2020,Manaus,BRAM021,7.322,36.986,41.493,48.684
2020,Manaus,BRAM025,30.686,5.352,11.601,42.673
2020,Manaus,BRAM028,1.0,15.5,24.0,25.0
2020,Manaus,BRAM029,26.146,25.719,27.427,53.573
2020,Manaus,BRAM032,17.14,49.47,67.155,84.295
2020,Manaus,BRAM034,,45.6,94.822,141.368
2020,Manaus,BRAM081,0.451,73.433,83.333,83.861
2020,Manaus,BRAM087,0.346,5.482,8.255,13.128
2020,Manaus,BRAM104,8.062,7.061,11.408,19.496
2020,Manaus,BRMAO,,,,
2020,Natal,BRNAT,2.821,66.068,81.201,83.771
2020,Natal,BRRN001,52.312,33.989,45.628,97.949
2020,Não Classificado,BR,,,,
2020,Paranaguá - Antonina,BRANT,125.674,119.096,133.014,266.965
2020,Paranaguá - Antonina,BRPNG,151.106,40.118,45.958,200.452
2020,Paranaguá - Antonina,BRPR002,61.161,33.833,45.539,109.186
2020,Pecém - Fortaleza,BRCE001,36.809,41.095,48.741,85.259
2020,Pecém - Fortaleza,BRFOR,39.277,42.237,54.02,96.174
2020,Porto Alegre,BRPOA,0.411,42.521,67.152,67.563
2020,Porto Alegre,BRRS003,4.318,7.765,21.185,26.914
2020,Porto Alegre,BRRS006,,11.983,14.011,16.025
2020,Porto Alegre,BRRS008,0.12,6.488,12.356,12.496
2020,Porto Alegre,BRRS009,39.302,24.085,27.955,67.269
2020,Porto Alegre,BRRS010,2.498,9.827,23.995,26.493
2020,Porto Alegre,BRRS013,3.481,10.911,13.311,17.531
2020,Porto Alegre,BRRS015,0.199,10.652,10.885,11.085
2020,Porto Alegre,BRRS016,0.362,10.898,29.253,29.615
2020,Porto Alegre,BRRS022,2.08,17.066,50.45,52.531
2020,Porto Alegre,BRRS028,3.31,18.714,61.548,64.857
2020,Porto Velho,BRPVH,0.903,16.814,19.348,20.451
2020,Porto Velho,BRRO002,0.017,1.869,4.561,4.577
2020,Porto Velho,BRRO003,,,,
2020,Porto Velho,BRRO005,0.017,1.839,4.305,4.322
2020,Porto Velho,BRRO006,83.454,7.809,9.338,98.629
2020,Porto Velho,BRRO007,0.142,4.868,8.456,8.668
2020,Porto Velho,BRRO009,0.881,5.254,8.613,9.494
2020,Porto Velho,BRRO010,50.263,13.02,15.555,74.102
2020,Porto Velho,BRRO013,0.034,1.877,1.915,1.977
2020,Porto Velho,BRRO014,0.346,16.648,18.427,18.774
2020,Porto Velho,BRRO022,20.024,31.783,49.821,75.437
2020,Porto Velho,BRRO025,4.334,7.705,9.121,13.455
2020,Rio Grande,BRPET,0.101,9.57,11.296,11.788
2020,Rio Grande,BRRIG,29.301,23.855,30.893,63.334
2020,Rio Grande,BRRS001,5.855,32.315,49.724,58.229
2020,Rio Grande,BRRS002,44.849,24.918,37.066,83.409
2020,Rio Grande,BRRS005,61.234,71.508,79.965,141.199
2020,Rio Grande,BRRS007,31.805,58.954,67.986,118.301
2020,Rio Grande,BRRS012,0.266,9.184,20.902,21.167
2020,Rio de Janeiro -  Niterói,BRNTR,23.719,0.497,43.07,86.283
2020,Rio de Janeiro -  Niterói,BRRIO,13.461,22.746,34.717,52.248
2020,Rio de Janeiro -  Niterói,BRRJ003,52.413,22.568,41.173,93.377
2020,Rio de Janeiro -  Niterói,BRRJ005,,,,
2020,Rio de Janeiro -  Niterói,BRRJ007,,,,
2020,Rio de Janeiro -  Niterói,BRRJ008,28.73,30.128,42.608,71.272
2020,Rio de Janeiro -  Niterói,BRRJ010,13.859,16.235,24.709,40.076
2020,Rio de Janeiro -  Niterói,BRRJ011,,,,
2020,Rio de Janeiro -  Niterói,BRRJ013,,,,
2020,Rio de Janeiro -  Niterói,BRRJ014,0.187,21.556,35.445,35.632
2020,Rio de Janeiro -  Niterói,BRRJ015,26.797,22.881,32.936,72.669
2020,Rio de Janeiro -  Niterói,BRRJ017,,,,
2020,Rio de Janeiro -  Niterói,BRRJ018,6.8,28.3,65.105,71.905
2020,Rio de Janeiro -  Niterói,BRRJ019,16.975,75.674,90.246,118.517
2020,Rio de Janeiro -  Niterói,BRRJ041,,,,
2020,Rio de Janeiro -  Niterói,BRRJ055,,,,
2020,Rio de Janeiro -  Niterói,BRRJ056,2.505,7.976,10.439,12.954
2020,Rio de Janeiro -  Niterói,BRRJ057,28.135,17.075,26.072,55.682
2020,Santarém,BRPA017,0.083,4.666,23.699,23.782
2020,Santarém,BRSTM,0.039,17.291,19.174,19.203
2020,Santos,BRSP001,173.251,72.418,85.106,261.796
2020,Santos,BRSP002,52.265,126.674,149.05,201.315
2020,Santos,BRSP004,0.692,67.865,84.149,84.842
2020,Santos,BRSP005,5.05,31.058,39.492,47.213
2020,Santos,BRSP008,15.038,15.107,23.682,39.762
2020,Santos,BRSP009,0.083,4.917,5.083,5.167
2020,Santos,BRSSZ,77.67,36.083,46.228,121.957
2020,Sem complexo - Terminal Isolado,BRAC001,,,,
2020,Sem complexo - Terminal Isolado,BRRN003,1.25,4.592,21.347,25.056
2020,Sem complexo - Terminal Isolado,BRRR001,27.274,121.617,192.033,370.458
2020,Sem complexo - Terminal Isolado,BRSP023,12.621,57.517,58.933,71.554
2020,Suape - Recife,BRPE001,,,,
2020,Suape - Recife,BRREC,6.896,133.412,138.051,149.488
2020,Suape - Recife,BRSUA,25.666,23.897,32.883,60.597
2020,São Francisco do Sul,BRSC007,3.868,21.673,24.133,28.001
2020,São Francisco do Sul,BRSC011,5.854,11.589,17.276,23.282
2020,São Francisco do Sul,BRSFS,56.963,66.095,66.407,123.725
2020,São João da Barra,BRRJ020,58.877,27.438,44.052,102.929
2020,São João da Barra,BRRJ022,28.269,55.538,67.265,109.257
2020,São João da Barra,BRRJ025,1.626,65.93,119.556,121.182
2020,São João da Barra,BRRJ026,2.803,16.501,23.699,27.332
2020,São João da Barra,BRRJ039,0.917,12.05,134.75,135.667
2020,São João da Barra,BRRJ051,,,,
2020,São João da Barra,BRRJ053,0.254,6.349,11.303,11.61
2020,São João da Barra,BRRJ067,64.796,28.39,46.387,111.279
2020,São Sebastião,BRSP006,50.818,29.094,43.961,94.93
2020,São Sebastião,BRSSO,1.08,125.096,138.717,139.796
2020,São Simão,BRGO001,0.048,2.795,15.639,16.426
2020,Vila do Conde - Belém,BRBEL,0.842,16.342,21.411,26.151
2020,Vila do Conde - Belém,BRPA005,23.282,10.006,14.986,40.113
2020,Vila do Conde - Belém,BRPA006,40.24,71.581,86.41,123.976
2020,Vila do Conde - Belém,BRPA013,0.017,1.864,6.66,6.363
2020,Vila do Conde - Belém,BRPA014,0.067,24.492,37.883,37.95
2020,Vila do Conde - Belém,BRPA016,0.083,7.825,64.037,64.12
2020,Vila do Conde - Belém,BRPA018,81.172,3.148,4.737,88.188
2020,Vila do Conde - Belém,BRPA043,80.343,57.139,63.701,148.658
2020,Vila do Conde - Belém,BRPA065,1.14,31.742,72.381,73.521
2020,Vila do Conde - Belém,BRPA067,0.511,1.355,10.363,10.985
2020,Vila do Conde - Belém,BRPA108,14.348,73.528,128.225,179.371
2020,Vila do Conde - Belém,BRVDC,25.353,52.746,64.563,75.069
2020,Vitória,BRES001,203.988,40.788,47.084,258.182
2020,Vitória,BRES002,9.624,40.491,46.039,55.663
2020,Vitória,BRES003,285.333,93.239,97.654,387.617
2020,Vitória,BRES004,48.121,61.675,71.148,124.538
2020,Vitória,BRES005,8.148,12.367,18.583,27.024
2020,Vitória,BRES007,10.856,40.61,46.163,57.019
2020,Vitória,BRES020,0.017,4.844,4.877,4.894
2020,Vitória,BRES023,,,,
2020,Vitória,BRVIX,20.731,40.235,50.769,74.778
2020,Vitória do Xingu,BRPA066,1.931,43.627,47.931,49.863
2020,Óbidos,BRPA001,8.37,21.08,24.159,33.437
2020,Óbidos,BRPA019,2.773,24.038,28.075,30.848
2020,Óbidos,BRPA209,,,,
2021,Almeirim,BRPA002,0.721,71.531,97.052,97.773
2021,Almeirim,BRPA004,0.7,78.55,95.289,95.989
2021,Almeirim,BRPA208,0.083,80.0,153.917,154.0
2021,Angra dos Reis,BRADR,4.289,19.792,85.417,89.706
2021,Angra dos Reis,BRRJ009,71.013,26.305,44.895,115.908
2021,Angra dos Reis,BRRJ012,,6.75,378.767,451.283
2021,Aracajú,BRSE001,4.84,30.252,28.299,39.267
2021,Aracajú,BRSE002,24.28,15.536,31.65,68.6
2021,Aratu - Salvador,BRARB,75.047,41.023,51.057,125.075
2021,Aratu - Salvador,BRBA002,16.11,23.345,30.26,46.645
2021,Aratu - Salvador,BRBA003,51.21,23.856,36.843,88.991
2021,Aratu - Salvador,BRBA006,30.801,137.43,147.563,223.603
2021,Aratu - Salvador,BRBA007,234.344,77.124,85.333,319.677
2021,Aratu - Salvador,BRBA008,0.8,5.967,9.2,10.0
2021,Aratu - Salvador,BRBA009,15.157,24.394,40.445,55.602
2021,Aratu - Salvador,BRBA012,23.838,48.672,69.275,93.113
2021,Aratu - Salvador,BRSSA,4.644,20.69,24.839,31.816
2021,Areia Branca,BRARE,10.415,7.256,7.713,18.691
2021,Areia Branca,BRRN004,0.139,4.659,8.207,8.346
2021,Areia Branca,BRRN005,0.084,4.811,8.858,8.941
2021,Areia Branca,BRRN006,0.085,4.818,6.265,6.35
2021,Barra do Riacho,BRES006,16.369,38.692,53.736,69.043
2021,Barra do Riacho,BRES008,15.324,27.664,35.336,50.66
2021,Barra do Riacho,BRES010,25.452,19.167,29.174,54.626
2021,Barra do Riacho,BRES013,16.625,173.325,208.375,225.0
2021,Cabedelo (Instalação Isolada),BRCDO,17.607,44.762,59.423,81.98
2021,Coari (Instalação Isolada),BRAM009,4.669,6.467,9.516,14.297
2021,Corumbá,BRMS001,1.043,3.292,5.235,6.279
2021,Corumbá,BRMS002,16.836,2.206,22.398,39.823
2021,Corumbá,BRMS005,12.378,134.359,173.745,186.123
2021,Forno,BRFNO,2.333,80.0,94.667,97.0
2021,Forno,BRRJ004,,,,
2021,Ilhéus,BRBA004,2.193,19.823,27.686,33.272
2021,Ilhéus,BRBA005,0.615,42.852,60.891,61.657
2021,Ilhéus,BRIOS,4.929,147.327,171.433,184.468
2021,Imbituba,BRIBB,92.156,71.93,79.943,174.221
2021,Itaguaí,BRIGI,96.625,44.217,51.198,154.385
2021,Itaguaí,BRRJ001,238.268,59.341,68.732,310.994
2021,Itaguaí,BRRJ016,108.708,94.062,106.817,248.989
2021,Itaguaí,BRRJ023,47.851,30.232,39.759,100.902
2021,Itaguaí,BRRJ054,0.5,,,
2021,Itaituba,BRPA038,105.916,3.062,4.47,110.52
2021,Itaituba,BRPA045,1.0,41.955,42.002,43.002
2021,Itaituba,BRPA046,55.186,7.889,10.05,70.455
2021,Itaituba,BRPA064,128.917,305.826,321.666,417.387
2021,Itaituba,BRPA091,90.465,52.549,101.23,248.518
2021,Itaituba,BRPA153,2.5,190.675,201.625,489.926
2021,Itaituba,BRPA214,1.503,105.318,131.516,150.329
2021,Itaituba,BRPA230,90.477,44.183,49.597,140.073
2021,Itaituba,BRPA248,1.068,4.616,50.455,57.265
2021,Itajaí,BRITJ,9.95,16.536,22.347,32.59
2021,Itajaí,BRSC001,20.483,84.715,109.572,154.084
2021,Itajaí,BRSC008,13.612,10.688,17.258,30.999
2021,Itajaí,BRSC012,7.64,44.944,65.385,73.197
2021,Itajaí,BRSC013,3.387,6.667,8.865,23.952
2021,Itajaí,BRSC017,8.344,19.432,26.07,38.65
2021,Itajaí,BRSC019,,,,
2021,Itajaí,BRSC026,,,,
2021,Itaqui,BRIQI,213.192,51.434,61.837,278.881
2021,Itaqui,BRMA001,94.312,39.059,45.082,139.668
2021,Itaqui,BRMA002,239.732,39.226,43.78,280.431
2021,LDC Pederneiras (Instalação Isolada),BRSP011,0.017,6.696,35.381,35.403
2021,Macapá,BRAP019,74.617,89.956,110.632,206.436
2021,Macapá,BRMCP,0.98,35.878,99.645,109.116
2021,Maceió,BRAL001,20.204,15.102,24.253,43.296
2021,Maceió,BRMCZ,25.724,52.342,62.731,91.153
2021,Manaus,BRAM001,0.017,1.909,6.447,6.463
2021,Manaus,BRAM003,2.783,96.322,129.205,131.988
2021,Manaus,BRAM004,0.712,0.427,1.289,2.001
2021,Manaus,BRAM006,1.291,63.099,69.067,70.898
2021,Manaus,BRAM007,0.017,1.8,4.824,4.84
2021,Manaus,BRAM008,0.083,9.041,67.714,67.797
2021,Manaus,BRAM011,34.629,18.096,27.206,63.619
2021,Manaus,BRAM012,0.445,21.473,26.279,26.721
2021,Manaus,BRAM013,3.29,97.96,125.757,129.047
2021,Manaus,BRAM014,0.749,4.97,4.994,45.569
2021,Manaus,BRAM016,1.0,18.621,20.621,21.621
2021,Manaus,BRAM017,0.017,1.869,5.871,5.887
2021,Manaus,BRAM018,1.0,20.415,19.462,20.462
2021,Manaus,BRAM021,2.772,26.919,31.913,38.204
2021,Manaus,BRAM025,29.058,5.474,11.336,41.179
2021,Manaus,BRAM028,0.995,15.497,23.931,24.926
2021,Manaus,BRAM029,3.019,20.757,21.663,24.681
2021,Manaus,BRAM032,28.438,12.499,39.154,67.648
2021,Manaus,BRAM034,,25.135,73.946,121.622
2021,Manaus,BRAM069,1.0,88.0,90.0,91.0
2021,Manaus,BRAM075,1.0,10.767,12.767,13.767
2021,Manaus,BRAM081,0.754,61.913,66.153,65.92
2021,Manaus,BRAM087,0.195,5.701,7.936,18.117
2021,Manaus,BRAM104,4.192,8.15,12.9,17.092
2021,Manaus,BRMAO,,,,
2021,Natal,BRNAT,0.883,42.35,60.221,61.104
2021,Natal,BRRN001,65.321,28.648,45.005,110.256
2021,Não Classificado,BR,,,,
2021,Paranaguá - Antonina,BRANT,210.75,115.626,129.245,346.787
2021,Paranaguá - Antonina,BRPNG,170.26,44.77,49.948,224.736
2021,Paranaguá - Antonina,BRPR002,48.531,33.525,42.039,91.955
2021,Pecém - Fortaleza,BRCE001,61.261,48.25,57.275,119.738
2021,Pecém - Fortaleza,BRFOR,47.339,43.401,56.528,109.641
2021,Porto Alegre,BRPOA,0.304,33.614,51.143,51.447
2021,Porto Alegre,BRRS003,5.264,7.475,22.437,28.352
2021,Porto Alegre,BRRS006,,12.361,14.367,16.401
2021,Porto Alegre,BRRS008,0.172,8.14,8.328,8.5
2021,Porto Alegre,BRRS009,93.969,25.258,29.703,127.196
2021,Porto Alegre,BRRS010,3.342,10.285,25.113,32.498
2021,Porto Alegre,BRRS013,2.587,9.777,11.922,14.522
2021,Porto Alegre,BRRS014,1.56,9.525,21.923,23.483
2021,Porto Alegre,BRRS015,0.276,9.147,9.589,9.995
2021,Porto Alegre,BRRS016,0.504,15.558,36.37,37.003
2021,Porto Alegre,BRRS022,1.0,15.5,66.0,67.0
2021,Porto Alegre,BRRS030,0.167,20.321,20.74,20.906
2021,Porto Murtinho,BRMS011,37.742,89.173,90.082,127.824
2021,Porto Velho,BRPVH,2.116,17.135,18.728,21.407
2021,Porto Velho,BRRO002,0.017,1.885,4.668,4.685
2021,Porto Velho,BRRO003,0.474,36.381,91.099,92.625
2021,Porto Velho,BRRO005,0.017,1.851,4.171,4.187
2021,Porto Velho,BRRO006,54.135,5.844,7.018,61.153
2021,Porto Velho,BRRO007,0.171,4.58,8.655,8.833
2021,Porto Velho,BRRO009,0.574,5.006,8.214,8.788
2021,Porto Velho,BRRO010,35.925,12.255,22.864,78.881
2021,Porto Velho,BRRO011,2.609,14.25,25.361,27.97
2021,Porto Velho,BRRO013,0.034,2.477,2.513,2.562
2021,Porto Velho,BRRO014,0.21,16.577,19.389,19.599
2021,Porto Velho,BRRO022,26.99,11.699,35.078,63.157
2021,Porto Velho,BRRO025,1.979,7.947,9.415,11.395
2021,Porto Velho,BRRO030,106.451,4.26,9.711,116.215
2021,Rio Grande,BRPET,0.127,10.529,13.417,13.576
2021,Rio Grande,BRRIG,43.221,25.508,33.583,79.518
2021,Rio Grande,BRRS001,30.87,39.232,62.487,95.522
2021,Rio Grande,BRRS002,55.925,23.074,35.981,94.986
2021,Rio Grande,BRRS005,126.238,87.746,99.23,225.468
2021,Rio Grande,BRRS007,48.075,50.558,59.139,113.342
2021,Rio Grande,BRRS012,0.172,12.299,24.62,24.864
2021,Rio de Janeiro -  Niterói,BRNTR,34.024,0.59,69.104,122.616
2021,Rio de Janeiro -  Niterói,BRRIO,18.591,25.263,39.96,61.382
2021,Rio de Janeiro -  Niterói,BRRJ003,101.471,27.363,44.999,145.724
2021,Rio de Janeiro -  Niterói,BRRJ005,,,,
2021,Rio de Janeiro -  Niterói,BRRJ007,,,,
2021,Rio de Janeiro -  Niterói,BRRJ008,53.399,37.708,53.003,106.402
2021,Rio de Janeiro -  Niterói,BRRJ010,22.586,16.775,24.364,48.121
2021,Rio de Janeiro -  Niterói,BRRJ011,0.1,,1.117,1.217
2021,Rio de Janeiro -  Niterói,BRRJ013,,,,
2021,Rio de Janeiro -  Niterói,BRRJ014,0.173,37.602,40.618,40.791
2021,Rio de Janeiro -  Niterói,BRRJ015,45.23,25.677,35.738,92.482
2021,Rio de Janeiro -  Niterói,BRRJ017,,,,
2021,Rio de Janeiro -  Niterói,BRRJ018,20.256,23.897,47.347,67.942
2021,Rio de Janeiro -  Niterói,BRRJ019,23.87,91.165,105.393,129.263
2021,Rio de Janeiro -  Niterói,BRRJ041,,,,
2021,Rio de Janeiro -  Niterói,BRRJ055,,,,
2021,Rio de Janeiro -  Niterói,BRRJ056,2.812,6.878,9.754,12.566
2021,Rio de Janeiro -  Niterói,BRRJ057,20.829,15.057,21.899,47.034
2021,Santarém,BRPA017,0.083,4.009,18.765,18.848
2021,Santarém,BRPA028,34.187,151.589,154.194,237.942
2021,Santarém,BRPA237,1.37,7.085,10.665,12.034
2021,Santarém,BRSTM,0.034,19.654,22.103,22.86
2021,Santos,BRSP001,192.509,65.215,77.43,272.281
2021,Santos,BRSP002,84.185,171.918,190.574,280.572
2021,Santos,BRSP004,0.71,71.184,83.416,84.21
2021,Santos,BRSP005,1.407,25.355,33.092,34.84
2021,Santos,BRSP008,15.251,19.252,28.483,46.669
2021,Santos,BRSP009,24.0,13.667,14.0,38.0
2021,Santos,BRSSZ,61.85,38.956,47.888,108.325
2021,Sem complexo - Terminal Isolado,BRAC001,,,,
2021,Sem complexo - Terminal Isolado,BRAM079,42.451,10.911,13.897,56.348
2021,Sem complexo - Terminal Isolado,BRRN003,1.012,4.607,15.748,17.061
2021,Sem complexo - Terminal Isolado,BRRR001,68.939,36.938,40.297,323.225
2021,Sem complexo - Terminal Isolado,BRSP023,14.134,72.255,77.211,91.345
2021,Suape - Recife,BRPE001,,,,
2021,Suape - Recife,BRREC,6.631,167.702,172.58,181.999
2021,Suape - Recife,BRSUA,23.026,24.694,33.339,58.056
2021,São Francisco do Sul,BRSC007,20.496,20.91,23.69,44.264
2021,São Francisco do Sul,BRSC011,6.508,13.098,19.145,26.144
2021,São Francisco do Sul,BRSFS,151.632,78.989,75.408,225.901
2021,São João da Barra,BRRJ020,97.693,32.883,46.71,144.403
2021,São João da Barra,BRRJ022,31.241,69.641,96.358,126.075
2021,São João da Barra,BRRJ025,1.799,27.257,78.814,80.612
2021,São João da Barra,BRRJ026,1.883,7.917,10.483,12.367
2021,São João da Barra,BRRJ039,0.675,15.327,47.479,48.154
2021,São João da Barra,BRRJ051,0.22,7.104,11.823,12.043
2021,São João da Barra,BRRJ067,66.368,28.762,47.645,116.189
2021,São João da Barra,BRRJ074,57.517,28.92,38.957,96.473
2021,São João da Barra,BRRJ078,0.701,17.056,27.32,28.02
2021,São Sebastião,BRSP006,50.218,25.672,38.478,89.338
2021,São Sebastião,BRSSO,1.036,93.992,109.409,110.446
2021,São Simão,BRGO001,0.017,4.34,19.724,22.457
2021,São Simão,BRGO009,0.328,4.291,4.624,4.953
2021,São Simão,BRGO010,0.251,53.218,58.968,59.219
2021,Vila do Conde - Belém,BRBEL,0.572,22.382,30.825,43.883
2021,Vila do Conde - Belém,BRPA005,45.636,28.805,36.194,93.668
2021,Vila do Conde - Belém,BRPA006,28.218,71.904,87.233,127.314
2021,Vila do Conde - Belém,BRPA013,0.017,1.883,6.845,6.605
2021,Vila do Conde - Belém,BRPA014,0.033,27.967,35.717,35.75
2021,Vila do Conde - Belém,BRPA016,0.083,6.163,86.941,87.024
2021,Vila do Conde - Belém,BRPA018,69.311,4.491,6.551,76.875
2021,Vila do Conde - Belém,BRPA043,109.011,59.5,69.406,207.127
2021,Vila do Conde - Belém,BRPA061,0.353,11.584,17.819,18.172
2021,Vila do Conde - Belém,BRPA065,0.991,74.983,104.95,105.972
2021,Vila do Conde - Belém,BRPA067,0.629,0.942,10.011,11.445
2021,Vila do Conde - Belém,BRPA108,3.926,47.795,72.851,76.777
2021,Vila do Conde - Belém,BRVDC,38.051,59.452,72.017,80.336
2021,Vitória,BRES001,202.279,42.817,48.785,258.125
2021,Vitória,BRES002,24.406,28.252,35.421,62.541
2021,Vitória,BRES003,471.391,85.703,90.332,581.295
2021,Vitória,BRES004,73.697,66.448,75.18,149.605
2021,Vitória,BRES005,6.231,13.44,18.809,46.813
2021,Vitória,BRES007,24.385,31.517,39.704,64.09
2021,Vitória,BRES020,0.017,3.064,3.673,3.69
2021,Vitória,BRES023,0.083,,157.583,157.667
2021,Vitória,BRVIX,22.949,44.964,57.046,82.256
2021,Vitória do Xingu,BRPA066,2.77,43.8,59.8,62.57
2021,Óbidos,BRPA001,9.133,20.06,22.754,31.887
2021,Óbidos,BRPA019,3.576,24.546,28.988,33.218
2021,Óbidos,BRPA209,,,,
2022,Almeirim,BRPA002,1.094,63.847,92.253,93.347
2022,Almeirim,BRPA004,0.722,128.896,172.278,173.0
2022,Almeirim,BRPA208,15.113,58.086,108.45,139.167
2022,Angra dos Reis,BRADR,7.133,28.918,48.148,59.004
2022,Angra dos Reis,BRRJ009,63.144,24.061,42.53,107.22
2022,Aracajú,BRSE001,3.184,20.397,21.079,24.892
2022,Aracajú,BRSE002,31.667,22.022,36.333,68.0
2022,Aratu - Salvador,BRARB,90.916,44.599,55.536,155.043
2022,Aratu - Salvador,BRBA002,25.094,24.579,30.758,57.562
2022,Aratu - Salvador,BRBA003,73.76,32.804,48.36,125.297
2022,Aratu - Salvador,BRBA006,61.094,112.963,128.442,223.842
2022,Aratu - Salvador,BRBA007,166.095,81.522,88.876,254.971
2022,Aratu - Salvador,BRBA009,7.982,18.452,34.797,42.779
2022,Aratu - Salvador,BRBA012,19.88,67.162,88.5,108.38
2022,Aratu - Salvador,BRSSA,6.43,19.924,23.993,31.613
2022,Areia Branca,BRARE,6.926,6.954,7.592,14.417
2022,Areia Branca,BRRN004,0.192,5.654,9.098,9.29
2022,Areia Branca,BRRN005,0.191,5.945,9.12,9.311
2022,Areia Branca,BRRN006,0.193,5.488,6.666,6.858
2022,Barra do Riacho,BRES006,29.907,47.518,63.777,96.073
2022,Barra do Riacho,BRES008,40.808,23.112,32.304,73.113
2022,Barra do Riacho,BRES010,13.763,16.158,27.486,41.386
2022,Barra do Riacho,BRES013,4.0,68.042,70.208,74.208
2022,Cabedelo (Instalação Isolada),BRCDO,14.146,44.753,61.321,75.467
2022,Coari (Instalação Isolada),BRAM009,5.262,6.501,9.191,14.529
2022,Corumbá,BRMS001,1.06,3.033,4.341,5.4
2022,Corumbá,BRMS002,62.03,1.923,5.744,68.424
2022,Forno,BRRJ004,,,,
2022,Forno,BRRJ050,,,,
2022,Ilhéus,BRBA005,0.886,43.063,59.572,61.096
2022,Ilhéus,BRIOS,1.314,112.634,139.574,152.379
2022,Imbituba,BRIBB,154.23,72.033,79.435,240.123
2022,Itaguaí,BRIGI,122.738,55.614,64.307,191.538
2022,Itaguaí,BRRJ001,174.264,64.159,75.729,246.435
2022,Itaguaí,BRRJ016,81.017,92.367,100.405,188.9
2022,Itaguaí,BRRJ023,65.749,33.797,46.027,124.542
2022,Itaguaí,BRRJ054,1.167,8.5,10.208,11.375
2022,Itaituba,BRPA038,81.574,2.664,3.845,85.496
2022,Itaituba,BRPA045,1.0,14.506,14.261,15.261
2022,Itaituba,BRPA046,60.539,7.364,12.293,79.101
2022,Itaituba,BRPA064,60.361,213.233,214.944,275.306
2022,Itaituba,BRPA091,55.724,65.087,78.318,173.076
2022,Itaituba,BRPA153,17.781,150.892,180.444,338.929
2022,Itaituba,BRPA214,10.044,107.166,125.027,155.513
2022,Itaituba,BRPA230,145.081,42.558,47.873,196.671
2022,Itaituba,BRPA246,0.277,4.039,6.855,12.912
2022,Itaituba,BRPA248,0.213,4.387,55.006,77.763
2022,Itaituba,BRPA249,1.289,5.464,8.382,9.651
2022,Itajaí,BRITJ,11.164,16.259,21.805,35.962
2022,Itajaí,BRSC001,22.28,84.556,96.068,126.123
2022,Itajaí,BRSC008,22.454,11.312,17.934,42.086
2022,Itajaí,BRSC012,2.744,49.859,76.889,79.633
2022,Itajaí,BRSC013,5.747,17.05,32.853,80.657
2022,Itajaí,BRSC017,6.556,20.283,29.233,58.819
2022,Itajaí,BRSC019,,,,
2022,Itajaí,BRSC026,,,,
2022,Itaqui,BRIQI,190.251,56.09,66.538,261.972
2022,Itaqui,BRMA001,93.106,35.205,41.291,136.548
2022,Itaqui,BRMA002,263.707,45.665,51.073,313.725
2022,LDC Pederneiras (Instalação Isolada),BRSP011,0.017,8.918,42.543,42.851
2022,Macapá,BRAP019,92.707,86.577,103.033,264.558
2022,Macapá,BRMCP,0.501,30.244,123.86,127.968
2022,Maceió,BRAL001,16.518,14.638,24.347,40.458
2022,Maceió,BRMCZ,30.877,57.73,69.745,105.412
2022,Manaus,BRAM001,0.017,1.984,6.183,6.09
2022,Manaus,BRAM003,2.596,96.328,99.694,102.29
2022,Manaus,BRAM004,0.605,0.519,1.39,1.994
2022,Manaus,BRAM006,1.279,54.091,60.833,63.75
2022,Manaus,BRAM007,0.017,1.874,4.992,5.009
2022,Manaus,BRAM008,0.083,8.826,96.618,96.701
2022,Manaus,BRAM011,37.734,17.785,28.171,68.109
2022,Manaus,BRAM012,0.477,22.4,27.32,27.796
2022,Manaus,BRAM013,4.183,142.127,164.963,169.147
2022,Manaus,BRAM014,0.785,5.599,5.789,49.598
2022,Manaus,BRAM016,1.0,17.984,19.984,20.984
2022,Manaus,BRAM017,0.017,1.919,5.4,5.372
2022,Manaus,BRAM018,1.0,17.75,19.75,20.75
2022,Manaus,BRAM021,26.773,35.19,44.295,68.445
2022,Manaus,BRAM025,32.077,5.242,10.984,43.154
2022,Manaus,BRAM028,1.0,15.5,24.0,25.0
2022,Manaus,BRAM029,0.327,23.974,28.369,28.696
2022,Manaus,BRAM032,5.686,92.313,125.335,161.485
2022,Manaus,BRAM034,,24.716,72.896,120.902
2022,Manaus,BRAM069,5.469,71.0,96.268,148.812
2022,Manaus,BRAM075,1.0,10.098,12.098,13.098
2022,Manaus,BRAM081,1.198,68.162,83.853,96.187
2022,Manaus,BRAM087,0.472,8.509,14.407,25.024
2022,Manaus,BRAM088,9.529,7.518,10.23,19.76
2022,Manaus,BRAM104,3.188,8.151,10.661,13.849
2022,Manaus,BRAM155,0.197,6.529,12.67,12.868
2022,Manaus,BRMAO,,,,
2022,Natal,BRNAT,1.728,56.246,66.228,68.477
2022,Natal,BRRN001,36.256,30.524,47.074,85.762
2022,Não Classificado,BR,,,,
2022,Paranaguá - Antonina,BRANT,535.033,123.42,134.18,675.171
2022,Paranaguá - Antonina,BRPNG,214.02,44.76,51.08,269.708
2022,Paranaguá - Antonina,BRPR002,64.153,31.804,39.106,103.614
2022,Pecém - Fortaleza,BRCE001,26.727,40.143,46.413,73.878
2022,Pecém - Fortaleza,BRFOR,33.527,39.252,51.336,95.372
2022,Porto Alegre,BRPOA,0.231,36.529,55.474,55.705
2022,Porto Alegre,BRRS003,4.395,7.708,25.187,30.055
2022,Porto Alegre,BRRS006,,12.771,14.769,16.79
2022,Porto Alegre,BRRS008,0.2,8.132,8.3,8.5
2022,Porto Alegre,BRRS009,69.1,23.946,27.683,96.782
2022,Porto Alegre,BRRS010,3.453,10.272,20.243,23.651
2022,Porto Alegre,BRRS013,1.68,9.226,11.391,13.056
2022,Porto Alegre,BRRS014,1.083,11.125,20.417,21.5
2022,Porto Alegre,BRRS015,0.37,12.341,12.861,13.231
2022,Porto Alegre,BRRS016,0.753,26.056,48.047,48.8
2022,Porto Alegre,BRRS022,1.0,15.5,64.909,65.909
2022,Porto Alegre,BRRS030,0.17,20.916,21.339,21.508
2022,Porto Murtinho,BRMS011,40.933,77.76,79.199,120.132
2022,Porto Velho,BRPVH,0.359,8.504,10.805,12.445
2022,Porto Velho,BRRO002,0.017,1.871,4.424,4.441
2022,Porto Velho,BRRO003,0.275,41.15,78.475,79.192
2022,Porto Velho,BRRO005,0.017,1.872,4.528,4.545
2022,Porto Velho,BRRO006,102.678,5.216,7.963,123.188
2022,Porto Velho,BRRO007,0.139,6.742,10.411,10.563
2022,Porto Velho,BRRO009,190.322,6.56,10.59,265.425
2022,Porto Velho,BRRO010,32.335,9.742,19.921,73.004
2022,Porto Velho,BRRO011,5.548,24.896,42.041,47.589
2022,Porto Velho,BRRO013,0.033,3.291,3.317,3.431
2022,Porto Velho,BRRO014,2.492,27.586,30.923,36.435
2022,Porto Velho,BRRO022,0.397,54.872,71.042,91.75
2022,Porto Velho,BRRO025,0.729,8.525,10.057,10.785
2022,Porto Velho,BRRO030,100.908,4.713,8.932,111.729
2022,Rio Grande,BRPET,0.178,11.168,13.138,13.358
2022,Rio Grande,BRRIG,31.85,25.687,32.796,66.912
2022,Rio Grande,BRRS001,36.471,49.286,77.638,117.561
2022,Rio Grande,BRRS002,55.128,23.832,36.096,94.397
2022,Rio Grande,BRRS005,53.093,70.782,82.826,135.919
2022,Rio Grande,BRRS007,42.858,57.081,76.195,130.664
2022,Rio Grande,BRRS012,0.324,11.079,21.814,22.138
2022,Rio de Janeiro -  Niterói,BRNTR,26.837,0.525,44.116,81.649
2022,Rio de Janeiro -  Niterói,BRRIO,17.475,25.361,36.563,58.778
2022,Rio de Janeiro -  Niterói,BRRJ003,43.092,24.044,36.525,79.617
2022,Rio de Janeiro -  Niterói,BRRJ005,,,,
2022,Rio de Janeiro -  Niterói,BRRJ007,,,,
2022,Rio de Janeiro -  Niterói,BRRJ008,36.064,30.429,46.5,82.36
2022,Rio de Janeiro -  Niterói,BRRJ010,16.155,15.136,22.02,38.772
2022,Rio de Janeiro -  Niterói,BRRJ011,,,,
2022,Rio de Janeiro -  Niterói,BRRJ013,,,,
2022,Rio de Janeiro -  Niterói,BRRJ014,0.17,30.672,37.775,37.945
2022,Rio de Janeiro -  Niterói,BRRJ015,37.045,23.763,37.402,72.57
2022,Rio de Janeiro -  Niterói,BRRJ017,,,,
2022,Rio de Janeiro -  Niterói,BRRJ018,29.055,30.048,57.742,86.797
2022,Rio de Janeiro -  Niterói,BRRJ019,13.54,102.429,106.663,163.114
2022,Rio de Janeiro -  Niterói,BRRJ027,0.344,1.056,1.933,2.278
2022,Rio de Janeiro -  Niterói,BRRJ041,,,,
2022,Rio de Janeiro -  Niterói,BRRJ055,,,,
2022,Rio de Janeiro -  Niterói,BRRJ056,0.423,5.61,8.375,8.798
2022,Rio de Janeiro -  Niterói,BRRJ057,14.667,13.654,22.104,37.579
2022,Rio de Janeiro -  Niterói,BRRJ080,0.167,72.083,100.012,100.179
2022,Santarém,BRPA017,0.083,5.311,18.577,18.66
2022,Santarém,BRPA028,29.958,110.22,112.32,218.589
2022,Santarém,BRPA237,0.454,6.721,11.163,11.617
2022,Santarém,BRPA297,59.05,16.567,20.95,80.0
2022,Santarém,BRSTM,0.047,19.212,21.328,32.99
2022,Santos,BRSP001,334.536,74.788,88.521,410.929
2022,Santos,BRSP002,28.862,139.928,163.1,191.963
2022,Santos,BRSP004,0.713,76.591,92.055,92.926
2022,Santos,BRSP005,1.949,25.132,30.737,33.929
2022,Santos,BRSP008,22.237,20.621,31.162,54.428
2022,Santos,BRSP009,0.389,27.458,27.806,28.194
2022,Santos,BRSSZ,84.723,42.962,51.949,136.679
2022,Sem complexo - Terminal Isolado,BRAC001,,,,
2022,Sem complexo - Terminal Isolado,BRAM079,150.658,13.909,16.319,181.752
2022,Sem complexo - Terminal Isolado,BRRN003,1.0,4.277,17.835,18.835
2022,Sem complexo - Terminal Isolado,BRRR001,177.28,2.667,3.899,198.16
2022,Suape - Recife,BRPE001,,,,
2022,Suape - Recife,BRREC,4.959,115.221,121.027,126.242
2022,Suape - Recife,BRSUA,25.136,24.864,34.355,61.683
2022,São Francisco do Sul,BRSC007,31.445,20.447,23.043,54.637
2022,São Francisco do Sul,BRSC011,7.293,12.16,17.932,25.866
2022,São Francisco do Sul,BRSFS,189.154,83.548,79.255,260.391
2022,São João da Barra,BRRJ020,71.162,31.372,49.518,120.68
2022,São João da Barra,BRRJ022,44.644,66.038,79.922,144.14
2022,São João da Barra,BRRJ025,2.065,39.272,96.036,98.1
2022,São João da Barra,BRRJ026,1.141,9.749,16.537,17.678
2022,São João da Barra,BRRJ039,2.659,22.068,52.791,55.45
2022,São João da Barra,BRRJ051,0.209,6.436,11.022,11.23
2022,São João da Barra,BRRJ053,0.5,10.0,11.0,11.5
2022,São João da Barra,BRRJ067,76.289,25.882,45.556,126.317
2022,São João da Barra,BRRJ074,120.067,22.411,38.267,158.333
2022,São João da Barra,BRRJ078,0.953,12.536,17.738,18.691
2022,São Sebastião,BRSP006,56.107,25.068,38.126,95.69
2022,São Sebastião,BRSSO,2.257,112.503,126.717,128.995
2022,São Simão,BRGO001,0.017,3.388,20.316,20.788
2022,São Simão,BRGO009,0.333,6.343,6.676,7.009
2022,Tomé Açu,BRPA034,0.112,97.59,97.881,97.99
2022,Vila do Conde - Belém,BRBEL,0.742,20.105,26.041,40.695
2022,Vila do Conde - Belém,BRPA005,66.745,43.119,50.833,132.377
2022,Vila do Conde - Belém,BRPA006,17.172,71.555,83.397,99.391
2022,Vila do Conde - Belém,BRPA013,0.017,1.957,6.684,6.537
2022,Vila do Conde - Belém,BRPA014,0.135,65.737,67.335,67.469
2022,Vila do Conde - Belém,BRPA016,0.083,3.859,110.135,110.218
2022,Vila do Conde - Belém,BRPA018,74.902,4.388,7.902,84.784
2022,Vila do Conde - Belém,BRPA043,119.525,58.937,68.389,214.18
2022,Vila do Conde - Belém,BRPA061,0.413,15.176,17.061,17.474
2022,Vila do Conde - Belém,BRPA065,0.207,73.251,89.961,90.168
2022,Vila do Conde - Belém,BRPA067,0.506,1.036,10.571,11.077
2022,Vila do Conde - Belém,BRPA108,5.435,74.931,117.634,130.997
2022,Vila do Conde - Belém,BRVDC,41.249,49.582,64.6,79.814
2022,Vitória,BRES001,234.312,39.599,43.846,287.233
2022,Vitória,BRES002,29.508,25.921,33.532,67.626
2022,Vitória,BRES003,311.83,80.788,84.228,397.535
2022,Vitória,BRES004,65.483,71.654,80.664,149.65
2022,Vitória,BRES005,7.691,11.936,14.969,27.72
2022,Vitória,BRES007,38.656,30.175,37.535,76.191
2022,Vitória,BRES020,0.017,2.849,2.882,2.899
2022,Vitória,BRES023,,,,
2022,Vitória,BRVIX,18.78,38.214,49.345,71.229
2022,Vitória do Xingu,BRPA066,14.437,114.85,137.979,152.417
2022,Óbidos,BRPA001,8.734,21.286,23.862,32.819
2022,Óbidos,BRPA019,2.409,27.854,32.153,34.575
2022,Óbidos,BRPA209,,,,
2023,Almeirim,BRPA002,0.996,78.654,104.054,105.05
2023,Almeirim,BRPA208,11.225,62.583,75.927,142.681
2023,Angra dos Reis,BRADR,12.173,24.791,33.629,45.802
2023,Angra dos Reis,BRRJ009,71.45,25.78,41.327,112.814
2023,Angra dos Reis,BRRJ012,4.3,4.825,21.408,37.017
2023,Aracajú,BRSE001,11.603,20.071,21.922,33.484
2023,Aracajú,BRSE002,71.45,39.225,45.975,117.425
2023,Aratu - Salvador,BRARB,59.055,48.127,59.718,123.285
2023,Aratu - Salvador,BRBA002,23.503,26.596,33.134,58.781
2023,Aratu - Salvador,BRBA003,57.79,27.423,41.227,102.513
2023,Aratu - Salvador,BRBA006,33.468,93.124,107.733,162.977
2023,Aratu - Salvador,BRBA007,247.193,79.524,87.709,335.005
2023,Aratu - Salvador,BRBA009,21.979,17.448,35.055,57.033
2023,Aratu - Salvador,BRBA012,23.632,51.233,65.307,95.679
2023,Aratu - Salvador,BRBA013,0.417,153.0,197.583,198.0
2023,Aratu - Salvador,BRSSA,5.531,16.726,20.677,27.513
2023,Areia Branca,BRARE,4.945,8.449,8.904,13.394
2023,Areia Branca,BRRN004,0.083,5.627,9.359,9.471
2023,Areia Branca,BRRN005,0.084,5.682,10.046,10.129
2023,Areia Branca,BRRN006,0.083,5.161,6.612,6.695
2023,Barra do Riacho,BRES006,20.419,45.62,60.361,84.134
2023,Barra do Riacho,BRES008,32.588,36.4,41.8,86.6
2023,Barra do Riacho,BRES010,3.482,17.287,26.263,40.956
2023,Barra do Riacho,BRES013,1.783,142.512,176.838,178.621
2023,Cabedelo (Instalação Isolada),BRCDO,15.244,50.049,68.249,82.952
2023,Coari (Instalação Isolada),BRAM009,6.555,5.781,8.631,15.137
2023,Corumbá,BRMS001,1.249,4.804,6.376,7.626
2023,Corumbá,BRMS002,90.932,2.321,5.279,101.668
2023,Corumbá,BRMS022,20.704,78.963,80.405,101.109
2023,Forno,BRRJ004,,,,
2023,Forno,BRRJ050,,,,
2023,Ilhéus,BRBA005,1.189,42.498,57.832,59.439
2023,Ilhéus,BRIOS,1.329,93.995,120.417,133.298
2023,Imbituba,BRIBB,143.878,75.878,84.541,233.023
2023,Itaguaí,BRIGI,78.188,51.621,58.417,144.24
2023,Itaguaí,BRRJ001,197.01,71.6,83.027,271.991
2023,Itaguaí,BRRJ016,102.203,83.932,95.078,205.122
2023,Itaguaí,BRRJ023,71.127,41.739,54.669,131.633
2023,Itaguaí,BRRJ054,1.429,8.769,11.725,15.975
2023,Itaituba,BRPA038,82.848,2.132,3.384,86.675
2023,Itaituba,BRPA045,0.932,30.5,30.546,31.731
2023,Itaituba,BRPA046,44.212,6.025,6.848,54.911
2023,Itaituba,BRPA064,299.556,135.167,78.583,430.75
2023,Itaituba,BRPA091,59.319,79.612,89.922,149.132
2023,Itaituba,BRPA153,6.694,143.425,153.188,190.454
2023,Itaituba,BRPA214,0.274,12.216,14.674,18.936
2023,Itaituba,BRPA230,203.286,28.348,34.06,242.52
2023,Itaituba,BRPA246,0.249,3.58,5.999,6.304
2023,Itaituba,BRPA248,0.085,2.867,59.438,59.488
2023,Itaituba,BRPA249,0.247,4.737,8.574,9.202
2023,Itajaí,BRITJ,17.052,15.429,21.281,50.383
2023,Itajaí,BRSC001,54.13,94.983,125.195,206.211
2023,Itajaí,BRSC008,26.724,12.91,18.828,46.047
2023,Itajaí,BRSC012,2.215,44.354,56.832,59.047
2023,Itajaí,BRSC013,6.189,20.141,42.617,52.387
2023,Itajaí,BRSC017,14.992,22.875,44.825,59.817
2023,Itajaí,BRSC019,,,,
2023,Itajaí,BRSC026,,,,
2023,Itaqui,BRIQI,213.085,57.792,67.98,281.169
2023,Itaqui,BRMA001,95.875,33.811,40.366,138.443
2023,Itaqui,BRMA002,218.525,45.692,50.963,268.937
2023,LDC Pederneiras (Instalação Isolada),BRSP011,0.02,4.989,36.062,36.081
2023,Macapá,BRAP019,143.792,74.33,78.346,217.697
2023,Macapá,BRMCP,0.634,22.201,92.519,94.742
2023,Maceió,BRAL001,12.944,15.683,23.504,36.448
2023,Maceió,BRMCZ,62.955,58.658,68.608,134.412
2023,Manaus,BRAM001,0.017,2.04,5.887,5.885
2023,Manaus,BRAM003,7.75,82.596,96.009,132.14
2023,Manaus,BRAM004,0.017,1.065,1.141,1.158
2023,Manaus,BRAM006,1.367,51.933,61.405,62.713
2023,Manaus,BRAM007,0.017,1.794,4.181,4.522
2023,Manaus,BRAM008,0.083,7.587,88.057,88.141
2023,Manaus,BRAM011,16.536,13.788,20.123,41.087
2023,Manaus,BRAM012,0.491,26.25,33.286,33.777
2023,Manaus,BRAM013,2.06,92.473,124.13,126.19
2023,Manaus,BRAM014,64.597,5.629,5.866,64.588
2023,Manaus,BRAM016,1.0,18.567,20.567,21.567
2023,Manaus,BRAM017,0.017,1.997,5.247,5.422
2023,Manaus,BRAM018,1.0,84.0,86.0,87.0
2023,Manaus,BRAM021,50.588,52.095,66.706,116.935
2023,Manaus,BRAM025,29.396,4.804,9.962,39.441
2023,Manaus,BRAM028,1.0,15.5,24.0,25.0
2023,Manaus,BRAM029,0.277,21.528,23.877,25.275
2023,Manaus,BRAM032,50.069,60.524,89.929,186.714
2023,Manaus,BRAM034,48.0,24.0,72.0,120.0
2023,Manaus,BRAM069,3.0,107.909,117.286,130.0
2023,Manaus,BRAM075,1.0,10.392,12.392,13.991
2023,Manaus,BRAM081,36.983,109.328,118.342,158.333
2023,Manaus,BRAM087,0.141,9.423,26.297,40.135
2023,Manaus,BRAM088,1.649,7.96,10.46,12.287
2023,Manaus,BRAM091,55.481,8.039,11.426,69.437
2023,Manaus,BRAM104,0.883,6.507,11.379,12.262
2023,Manaus,BRAM155,0.225,6.75,12.464,12.689
2023,Manaus,BRMAO,,,,
2023,Natal,BRNAT,1.912,64.949,77.512,82.549
2023,Natal,BRRN001,71.145,36.75,52.439,127.077
2023,Não Classificado,BR,,,,
2023,Paranaguá - Antonina,BRANT,118.831,93.22,103.056,221.887
2023,Paranaguá - Antonina,BRPNG,240.558,40.201,45.889,290.975
2023,Paranaguá - Antonina,BRPR002,86.422,34.491,41.662,131.073
2023,Pecém - Fortaleza,BRCE001,28.115,38.895,44.32,75.365
2023,Pecém - Fortaleza,BRFOR,46.692,45.907,58.414,112.938
2023,Porto Alegre,BRPOA,0.196,35.74,56.253,56.449
2023,Porto Alegre,BRRS003,4.39,8.159,24.121,30.235
2023,Porto Alegre,BRRS006,2.0,9.599,11.7,13.7
2023,Porto Alegre,BRRS008,0.2,8.086,8.3,8.5
2023,Porto Alegre,BRRS009,99.418,21.792,25.494,128.539
2023,Porto Alegre,BRRS010,5.08,9.959,21.646,26.763
2023,Porto Alegre,BRRS013,1.673,11.162,13.576,15.664
2023,Porto Alegre,BRRS014,1.815,16.271,43.615,50.215
2023,Porto Alegre,BRRS015,0.388,11.318,12.446,13.369
2023,Porto Alegre,BRRS016,0.425,28.103,74.841,75.266
2023,Porto Alegre,BRRS022,1.0,15.5,66.0,67.0
2023,Porto Alegre,BRRS030,0.166,23.004,23.492,23.942
2023,Porto Murtinho,BRMS011,39.576,66.964,69.533,120.196
2023,Porto Velho,BRPVH,0.358,15.332,20.602,22.113
2023,Porto Velho,BRRO002,0.017,1.851,4.195,4.362
2023,Porto Velho,BRRO003,0.314,42.081,85.928,91.321
2023,Porto Velho,BRRO005,0.017,1.854,4.297,4.657
2023,Porto Velho,BRRO006,29.173,4.659,14.54,45.757
2023,Porto Velho,BRRO007,0.135,6.908,10.378,10.513
2023,Porto Velho,BRRO009,0.533,5.744,9.041,9.574
2023,Porto Velho,BRRO010,73.139,114.201,123.729,203.602
2023,Porto Velho,BRRO011,7.716,24.776,37.468,55.653
2023,Porto Velho,BRRO013,0.033,2.298,2.333,2.462
2023,Porto Velho,BRRO014,0.849,21.321,22.474,23.324
2023,Porto Velho,BRRO022,1.999,110.651,171.567,175.65
2023,Porto Velho,BRRO025,191.002,10.982,13.144,210.129
2023,Porto Velho,BRRO030,133.457,4.852,8.527,144.586
2023,Rio Grande,BRPET,0.1,11.226,13.121,13.22
2023,Rio Grande,BRRIG,44.471,28.485,35.667,82.392
2023,Rio Grande,BRRS001,20.295,51.43,72.677,94.608
2023,Rio Grande,BRRS002,81.222,23.831,32.463,114.507
2023,Rio Grande,BRRS005,154.473,70.197,82.028,249.729
2023,Rio Grande,BRRS007,59.113,70.374,82.042,147.465
2023,Rio Grande,BRRS012,0.235,17.236,28.175,28.41
2023,Rio de Janeiro -  Niterói,BRNTR,56.449,0.506,55.566,114.108
2023,Rio de Janeiro -  Niterói,BRRIO,21.06,24.813,33.938,59.093
2023,Rio de Janeiro -  Niterói,BRRJ003,49.76,25.22,39.249,89.009
2023,Rio de Janeiro -  Niterói,BRRJ005,,,,
2023,Rio de Janeiro -  Niterói,BRRJ007,,,,
2023,Rio de Janeiro -  Niterói,BRRJ008,26.267,23.124,35.143,66.862
2023,Rio de Janeiro -  Niterói,BRRJ010,21.448,15.964,22.293,43.508
2023,Rio de Janeiro -  Niterói,BRRJ011,,,,
2023,Rio de Janeiro -  Niterói,BRRJ013,,,,
2023,Rio de Janeiro -  Niterói,BRRJ014,0.167,55.869,60.692,60.859
2023,Rio de Janeiro -  Niterói,BRRJ015,72.668,22.557,31.833,119.647
2023,Rio de Janeiro -  Niterói,BRRJ017,,,,
2023,Rio de Janeiro -  Niterói,BRRJ018,15.583,15.539,39.389,54.972
2023,Rio de Janeiro -  Niterói,BRRJ019,17.696,99.025,111.068,128.764
2023,Rio de Janeiro -  Niterói,BRRJ027,0.5,1.5,2.5,3.0
2023,Rio de Janeiro -  Niterói,BRRJ041,,,,
2023,Rio de Janeiro -  Niterói,BRRJ055,,,,
2023,Rio de Janeiro -  Niterói,BRRJ057,9.057,11.604,21.636,30.693
2023,Rio de Janeiro -  Niterói,BRRJ066,0.331,1.095,86.357,86.688
2023,Rio de Janeiro -  Niterói,BRRJ080,0.194,9.5,10.167,158.25
2023,Santarém,BRPA017,0.083,5.688,14.613,14.697
2023,Santarém,BRPA028,23.722,3.506,7.016,34.211
2023,Santarém,BRPA237,0.209,5.687,7.54,7.841
2023,Santarém,BRPA297,59.378,39.004,60.202,177.86
2023,Santarém,BRSTM,19.884,17.685,19.931,32.179
2023,Santos,BRSP001,273.5,75.606,86.684,362.932
2023,Santos,BRSP002,66.901,138.006,144.964,219.18
2023,Santos,BRSP004,0.522,62.476,74.571,75.093
2023,Santos,BRSP005,5.02,24.325,29.802,34.206
2023,Santos,BRSP008,25.017,21.648,28.626,53.451
2023,Santos,BRSP009,0.169,75.188,79.078,79.247
2023,Santos,BRSSZ,93.261,42.834,51.862,148.83
2023,Sem complexo - Terminal Isolado,BRAC001,,,,
2023,Sem complexo - Terminal Isolado,BRAM079,59.322,13.345,15.108,86.947
2023,Sem complexo - Terminal Isolado,BRRN003,,,,
2023,Sem complexo - Terminal Isolado,BRRN009,,,,
2023,Sem complexo - Terminal Isolado,BRRR001,206.79,2.129,2.567,241.782
2023,Suape - Recife,BRPE001,2.8,1.167,19.7,22.5
2023,Suape - Recife,BRREC,2.14,127.411,134.37,136.303
2023,Suape - Recife,BRSUA,30.187,23.802,33.189,66.709
2023,São Francisco do Sul,BRSC007,20.887,19.38,21.652,42.539
2023,São Francisco do Sul,BRSC011,11.182,14.009,21.063,33.332
2023,São Francisco do Sul,BRSFS,247.855,77.243,76.88,327.988
2023,São João da Barra,BRRJ020,22.058,28.156,42.936,64.994
2023,São João da Barra,BRRJ022,104.511,57.645,70.622,178.508
2023,São João da Barra,BRRJ025,1.144,27.218,79.288,80.432
2023,São João da Barra,BRRJ026,1.136,9.578,24.92,29.764
2023,São João da Barra,BRRJ039,2.127,43.159,57.54,59.667
2023,São João da Barra,BRRJ051,0.229,8.78,14.694,14.924
2023,São João da Barra,BRRJ053,0.585,7.195,10.156,10.768
2023,São João da Barra,BRRJ067,76.143,27.944,52.955,127.854
2023,São João da Barra,BRRJ074,37.5,15.917,44.233,81.733
2023,São João da Barra,BRRJ078,1.471,12.701,16.44,18.816
2023,São Sebastião,BRSP006,58.631,26.211,38.335,97.11
2023,São Sebastião,BRSSO,31.923,66.286,77.29,109.213
2023,São Simão,BRGO001,0.858,3.23,17.253,18.387
2023,São Simão,BRGO009,0.333,5.093,5.426,5.759
2023,Tomé Açu,BRPA033,0.166,105.51,118.822,118.987
2023,Vila do Conde - Belém,BRBEL,32.768,31.414,47.006,58.602
2023,Vila do Conde - Belém,BRPA005,164.185,65.876,77.461,265.032
2023,Vila do Conde - Belém,BRPA006,41.568,65.922,78.724,126.079
2023,Vila do Conde - Belém,BRPA013,0.017,1.979,6.659,6.675
2023,Vila do Conde - Belém,BRPA014,0.168,59.176,72.72,72.953
2023,Vila do Conde - Belém,BRPA016,0.083,8.228,51.819,51.902
2023,Vila do Conde - Belém,BRPA018,57.053,5.028,8.027,66.207
2023,Vila do Conde - Belém,BRPA043,176.766,77.558,94.761,284.947
2023,Vila do Conde - Belém,BRPA061,0.272,6.679,8.965,9.237
2023,Vila do Conde - Belém,BRPA065,0.232,63.935,76.691,77.97
2023,Vila do Conde - Belém,BRPA067,0.952,1.353,8.157,9.109
2023,Vila do Conde - Belém,BRPA108,1.313,90.966,119.636,120.949
2023,Vila do Conde - Belém,BRVDC,196.149,39.486,54.228,87.713
2023,Vitória,BRES001,210.16,45.983,50.177,264.085
2023,Vitória,BRES002,27.641,27.849,35.443,78.851
2023,Vitória,BRES003,316.461,80.758,83.377,399.933
2023,Vitória,BRES004,61.534,72.425,80.915,144.422
2023,Vitória,BRES005,22.128,11.523,14.583,40.028
2023,Vitória,BRES007,16.745,31.362,36.509,53.254
2023,Vitória,BRES023,,,,
2023,Vitória,BRVIX,24.518,42.359,52.755,81.037
2023,Vitória do Xingu,BRPA066,17.76,68.638,71.92,106.717
2023,Óbidos,BRPA001,9.496,18.62,21.548,31.283
2023,Óbidos,BRPA019,3.792,23.145,26.974,31.454
2023,Óbidos,BRPA209,,,,
2024,Almeirim,BRPA002,1.267,106.475,145.408,146.675
2024,Almeirim,BRPA208,6.083,,,
2024,Angra dos Reis,BRADR,6.939,39.295,64.223,77.229
2024,Angra dos Reis,BRRJ009,76.999,24.727,40.547,117.696
2024,Angra dos Reis,BRRJ012,0.09,16.687,32.783,32.873
2024,Aracajú,BRSE001,6.266,16.655,18.187,25.187
2024,Aracajú,BRSE002,57.129,30.233,42.53,122.313
2024,Aratu - Salvador,BRARB,83.642,44.829,57.669,142.888
2024,Aratu - Salvador,BRBA002,23.619,27.107,34.592,58.211
2024,Aratu - Salvador,BRBA003,60.329,24.389,36.93,99.444
2024,Aratu - Salvador,BRBA006,73.034,114.21,133.643,206.677
2024,Aratu - Salvador,BRBA007,216.171,88.983,96.385,315.341
2024,Aratu - Salvador,BRBA009,37.059,20.939,39.615,76.674
2024,Aratu - Salvador,BRBA012,17.792,64.236,74.432,116.659
2024,Aratu - Salvador,BRBA013,25.167,91.0,93.833,119.0
2024,Aratu - Salvador,BRSSA,13.087,29.12,35.312,53.09
2024,Areia Branca,BRARE,4.941,7.048,7.769,13.835
2024,Areia Branca,BRRN004,0.083,5.74,9.217,9.401
2024,Areia Branca,BRRN005,0.083,5.73,9.399,9.482
2024,Areia Branca,BRRN006,0.083,4.976,6.609,6.805
2024,Barra do Riacho,BRES006,20.974,43.15,58.45,81.85
2024,Barra do Riacho,BRES008,55.971,46.257,48.75,171.292
2024,Barra do Riacho,BRES010,7.069,16.251,23.738,30.807
2024,Barra do Riacho,BRES013,1.708,121.038,156.339,158.048
2024,Cabedelo (Instalação Isolada),BRCDO,22.916,47.925,63.577,86.536
2024,Coari (Instalação Isolada),BRAM009,6.858,4.76,7.261,14.527
2024,Corumbá,BRMS001,3.548,1.954,3.078,6.626
2024,Corumbá,BRMS002,33.797,1.288,2.206,35.999
2024,Corumbá,BRMS022,1.96,35.006,38.249,66.108
2024,Forno,BRRJ004,,,,
2024,Forno,BRRJ050,,,,
2024,Ilhéus,BRBA005,1.409,43.03,60.569,61.989
2024,Ilhéus,BRIOS,1.619,102.388,106.13,128.029
2024,Imbituba,BRIBB,141.742,59.206,65.113,216.257
2024,Itaguaí,BRIGI,88.466,47.706,55.121,145.581
2024,Itaguaí,BRRJ001,175.4,59.858,73.431,249.505
2024,Itaguaí,BRRJ016,127.439,93.646,105.914,244.267
2024,Itaguaí,BRRJ023,48.468,41.785,57.822,112.662
2024,Itaguaí,BRRJ054,2.714,41.5,45.5,48.1
2024,Itaituba,BRPA038,77.899,2.233,3.26,81.304
2024,Itaituba,BRPA045,0.062,2.177,3.323,3.39
2024,Itaituba,BRPA046,36.095,8.16,8.737,46.564
2024,Itaituba,BRPA064,171.483,18.667,54.083,225.567
2024,Itaituba,BRPA091,102.08,19.226,23.203,126.614
2024,Itaituba,BRPA153,16.25,165.86,181.0,197.25
2024,Itaituba,BRPA214,0.333,10.117,12.192,12.525
2024,Itaituba,BRPA230,97.007,25.39,28.33,125.337
2024,Itaituba,BRPA248,5.434,2.667,46.553,75.245
2024,Itaituba,BRPA249,0.193,4.355,8.957,9.552
2024,Itajaí,BRITJ,18.871,12.178,19.615,36.015
2024,Itajaí,BRSC001,51.769,106.53,124.563,176.331
2024,Itajaí,BRSC008,38.501,11.545,14.51,53.211
2024,Itajaí,BRSC010,,,,
2024,Itajaí,BRSC012,2.144,28.498,50.174,52.318
2024,Itajaí,BRSC013,6.063,24.124,59.671,65.733
2024,Itajaí,BRSC017,33.083,24.467,64.533,97.617
2024,Itajaí,BRSC019,,,,
2024,Itajaí,BRSC026,,,,
2024,Itaqui,BRIQI,145.063,55.845,65.511,212.593
2024,Itaqui,BRMA001,91.222,33.088,39.669,134.024
2024,Itaqui,BRMA002,176.08,42.785,47.837,225.267
2024,LDC Pederneiras (Instalação Isolada),BRSP011,0.022,4.671,39.889,39.941
2024,Macapá,BRAP003,0.083,6.25,,
2024,Macapá,BRAP019,54.794,158.061,167.261,238.189
2024,Macapá,BRMCP,5.819,28.374,99.651,111.022
2024,Maceió,BRAL001,16.754,14.333,22.557,39.311
2024,Maceió,BRMCZ,47.089,60.396,74.77,122.484
2024,Manaus,BRAM001,0.017,2.282,6.054,6.07
2024,Manaus,BRAM003,10.873,86.717,92.56,103.433
2024,Manaus,BRAM004,0.252,0.261,1.576,1.828
2024,Manaus,BRAM006,1.336,58.091,65.693,67.012
2024,Manaus,BRAM007,0.017,1.798,4.532,6.032
2024,Manaus,BRAM008,0.083,6.732,97.958,98.042
2024,Manaus,BRAM011,13.113,14.397,23.102,43.959
2024,Manaus,BRAM012,0.456,38.379,52.817,54.289
2024,Manaus,BRAM013,2.008,44.314,56.156,61.933
2024,Manaus,BRAM014,61.75,5.679,5.998,69.721
2024,Manaus,BRAM016,1.0,17.922,19.922,20.922
2024,Manaus,BRAM017,0.017,1.984,4.469,5.332
2024,Manaus,BRAM018,1.0,,,
2024,Manaus,BRAM021,5.555,9.261,18.807,24.362
2024,Manaus,BRAM025,36.122,5.458,10.674,46.244
2024,Manaus,BRAM028,1.0,15.5,24.0,25.0
2024,Manaus,BRAM029,0.396,30.306,33.251,33.647
2024,Manaus,BRAM032,8.5,78.0,83.714,92.214
2024,Manaus,BRAM034,48.224,24.0,72.226,120.453
2024,Manaus,BRAM069,1.0,112.742,114.742,115.742
2024,Manaus,BRAM075,1.0,10.716,12.716,13.993
2024,Manaus,BRAM081,46.702,116.939,126.69,173.393
2024,Manaus,BRAM087,0.123,7.145,18.045,18.169
2024,Manaus,BRAM088,1.597,9.507,12.258,14.013
2024,Manaus,BRAM091,52.414,6.047,7.089,60.261
2024,Manaus,BRAM104,0.337,8.295,14.626,14.964
2024,Manaus,BRAM155,0.235,7.421,13.673,13.908
2024,Manaus,BRMAO,,,,
2024,Natal,BRNAT,2.722,58.066,66.456,71.409
2024,Natal,BRRN001,80.667,53.857,72.41,150.879
2024,Não Classificado,BR,,,,
2024,Paranaguá - Antonina,BRANT,241.176,109.524,120.21,361.497
2024,Paranaguá - Antonina,BRPNG,174.108,39.761,45.688,223.634
2024,Paranaguá - Antonina,BRPR002,69.327,38.371,48.267,119.723
2024,Pecém - Fortaleza,BRCE001,37.353,41.885,47.738,86.94
2024,Pecém - Fortaleza,BRFOR,39.945,53.904,65.229,109.202
2024,Porto Alegre,BRPOA,0.292,33.549,56.324,56.914
2024,Porto Alegre,BRRS003,1.729,7.848,24.795,26.463
2024,Porto Alegre,BRRS006,2.004,10.546,12.548,14.552
2024,Porto Alegre,BRRS008,0.192,8.091,8.306,8.498
2024,Porto Alegre,BRRS009,106.433,22.742,26.307,132.74
2024,Porto Alegre,BRRS010,9.141,10.583,24.133,30.82
2024,Porto Alegre,BRRS013,3.99,11.486,13.828,18.382
2024,Porto Alegre,BRRS014,16.925,24.4,48.017,30.083
2024,Porto Alegre,BRRS015,0.397,13.574,14.76,15.157
2024,Porto Alegre,BRRS016,0.226,40.9,73.569,73.811
2024,Porto Alegre,BRRS022,3.84,30.687,43.325,54.724
2024,Porto Alegre,BRRS030,0.168,23.392,24.265,24.881
2024,Porto Murtinho,BRMS011,12.743,46.382,47.86,60.603
2024,Porto Velho,BRPVH,0.333,20.944,29.483,32.808
2024,Porto Velho,BRRO002,0.017,1.871,4.437,4.495
2024,Porto Velho,BRRO003,0.324,24.009,87.013,87.336
2024,Porto Velho,BRRO005,0.017,1.836,3.983,4.141
2024,Porto Velho,BRRO006,24.535,4.458,19.139,49.663
2024,Porto Velho,BRRO007,0.28,7.204,9.796,10.064
2024,Porto Velho,BRRO009,0.486,5.68,9.083,9.638
2024,Porto Velho,BRRO010,2.562,46.814,179.125,181.701
2024,Porto Velho,BRRO011,2.84,18.668,45.439,48.376
2024,Porto Velho,BRRO013,0.034,1.923,1.974,2.06
2024,Porto Velho,BRRO014,0.565,19.573,20.711,21.276
2024,Porto Velho,BRRO022,1.697,42.216,192.667,214.083
2024,Porto Velho,BRRO025,375.753,4.905,7.159,412.836
2024,Porto Velho,BRRO030,99.271,5.211,9.191,108.709
2024,Rio Grande,BRPET,0.094,10.501,11.957,12.071
2024,Rio Grande,BRRIG,52.78,30.117,37.791,93.945
2024,Rio Grande,BRRS001,57.478,60.462,85.682,143.211
2024,Rio Grande,BRRS002,87.057,23.482,33.56,127.451
2024,Rio Grande,BRRS005,42.493,112.896,123.535,166.028
2024,Rio Grande,BRRS007,87.669,90.11,99.971,198.454
2024,Rio Grande,BRRS012,0.187,14.763,27.358,27.544
2024,Rio de Janeiro -  Niterói,BRNTR,43.898,0.513,81.864,111.047
2024,Rio de Janeiro -  Niterói,BRRIO,24.263,21.415,26.226,53.368
2024,Rio de Janeiro -  Niterói,BRRJ003,65.406,30.79,45.711,115.514
2024,Rio de Janeiro -  Niterói,BRRJ005,,,,
2024,Rio de Janeiro -  Niterói,BRRJ007,,,,
2024,Rio de Janeiro -  Niterói,BRRJ008,33.656,18.799,38.434,71.095
2024,Rio de Janeiro -  Niterói,BRRJ010,23.503,15.916,23.011,44.066
2024,Rio de Janeiro -  Niterói,BRRJ011,,,,
2024,Rio de Janeiro -  Niterói,BRRJ013,,,,
2024,Rio de Janeiro -  Niterói,BRRJ014,0.17,82.393,94.529,94.7
2024,Rio de Janeiro -  Niterói,BRRJ015,44.031,25.715,36.369,80.4
2024,Rio de Janeiro -  Niterói,BRRJ017,,,,
2024,Rio de Janeiro -  Niterói,BRRJ018,4.28,16.543,71.447,75.727
2024,Rio de Janeiro -  Niterói,BRRJ019,18.274,60.386,71.595,89.902
2024,Rio de Janeiro -  Niterói,BRRJ041,,,,
2024,Rio de Janeiro -  Niterói,BRRJ055,,,,
2024,Rio de Janeiro -  Niterói,BRRJ057,9.91,11.891,20.154,27.51
2024,Rio de Janeiro -  Niterói,BRRJ066,1.053,1.969,76.278,115.649
2024,Rio de Janeiro -  Niterói,BRRJ080,0.167,146.0,149.25,149.417
2024,Santarém,BRPA017,0.083,4.622,20.365,20.449
2024,Santarém,BRPA028,33.245,3.635,7.057,40.302
2024,Santarém,BRPA237,0.236,4.375,7.289,7.578
2024,Santarém,BRPA297,28.985,16.117,52.972,212.564
2024,Santarém,BRSTM,4.092,16.312,18.109,21.542
2024,Santos,BRSP001,213.106,66.597,81.015,294.12
2024,Santos,BRSP002,18.425,113.972,133.857,152.283
2024,Santos,BRSP004,0.692,56.185,71.592,72.284
2024,Santos,BRSP005,13.94,26.806,34.031,47.523
2024,Santos,BRSP008,45.615,27.967,34.095,82.578
2024,Santos,BRSP009,0.166,67.604,67.987,68.153
2024,Santos,BRSSZ,87.296,42.64,51.575,141.782
2024,Sem complexo - Terminal Isolado,BRAC001,,,,
2024,Sem complexo - Terminal Isolado,BRAM039,0.017,2.082,5.914,5.931
2024,Sem complexo - Terminal Isolado,BRAM079,59.176,9.284,12.661,80.831
2024,Sem complexo - Terminal Isolado,BRRN003,1.102,7.255,11.876,12.978
2024,Sem complexo - Terminal Isolado,BRRN009,,,,
2024,Suape - Recife,BRPE001,,,,
2024,Suape - Recife,BRREC,3.465,133.205,142.382,146.674
2024,Suape - Recife,BRSUA,28.283,25.87,34.619,64.193
2024,São Francisco do Sul,BRSC007,21.159,16.683,18.98,40.139
2024,São Francisco do Sul,BRSC011,14.779,14.087,21.367,37.51
2024,São Francisco do Sul,BRSFS,244.764,77.476,78.564,319.728
2024,São João da Barra,BRRJ020,40.354,29.158,44.116,84.47
2024,São João da Barra,BRRJ022,67.617,64.804,78.748,139.274
2024,São João da Barra,BRRJ025,1.022,36.889,69.482,70.908
2024,São João da Barra,BRRJ026,0.531,10.37,17.601,18.132
2024,São João da Barra,BRRJ039,1.775,60.574,83.43,85.205
2024,São João da Barra,BRRJ051,0.258,11.174,18.487,18.739
2024,São João da Barra,BRRJ053,0.674,7.81,10.672,11.416
2024,São João da Barra,BRRJ067,75.017,28.47,49.957,125.679
2024,São João da Barra,BRRJ074,50.206,22.83,38.767,94.261
2024,São João da Barra,BRRJ078,0.666,16.119,17.036,18.658
2024,São Sebastião,BRSP006,47.515,25.251,35.178,82.663
2024,São Sebastião,BRSSO,98.192,87.16,98.526,261.982
2024,São Simão,BRGO001,1.214,3.084,17.116,18.614
2024,Tomé Açu,BRPA033,0.181,99.533,133.879,134.061
2024,Vila do Conde - Belém,BRBEL,13.411,34.29,55.693,69.246
2024,Vila do Conde - Belém,BRPA005,58.768,11.817,19.535,79.392
2024,Vila do Conde - Belém,BRPA006,31.358,62.647,84.439,131.384
2024,Vila do Conde - Belém,BRPA013,0.017,2.074,6.942,6.959
2024,Vila do Conde - Belém,BRPA014,0.289,54.696,68.614,68.903
2024,Vila do Conde - Belém,BRPA016,0.083,8.629,61.948,62.031
2024,Vila do Conde - Belém,BRPA018,64.518,5.497,8.684,73.504
2024,Vila do Conde - Belém,BRPA043,11.19,7.847,10.622,22.843
2024,Vila do Conde - Belém,BRPA061,0.1,6.667,7.321,7.421
2024,Vila do Conde - Belém,BRPA065,0.292,48.472,64.237,62.832
2024,Vila do Conde - Belém,BRPA067,0.938,1.052,9.896,10.833
2024,Vila do Conde - Belém,BRPA108,0.75,124.224,138.14,138.89
2024,Vila do Conde - Belém,BRPA324,99.119,38.282,59.026,164.18
2024,Vila do Conde - Belém,BRVDC,97.279,31.907,43.238,74.196
2024,Vitória,BRES001,157.605,49.204,54.479,213.528
2024,Vitória,BRES002,42.676,26.224,36.829,98.479
2024,Vitória,BRES003,472.344,86.197,88.866,562.478
2024,Vitória,BRES004,52.275,75.063,85.456,140.303
2024,Vitória,BRES005,8.694,10.644,12.293,26.734
2024,Vitória,BRES007,17.874,34.737,42.068,59.942
2024,Vitória,BRES023,,,,
2024,Vitória,BRVIX,29.41,45.028,56.766,89.723
2024,Vitória do Xingu,BRPA066,7.231,52.746,57.008,64.239
2024,Óbidos,BRPA001,10.349,19.808,22.163,32.667
2024,Óbidos,BRPA019,3.039,22.675,26.071,29.151
2024,Óbidos,BRPA209,64.37,37.643,48.421,129.389
2025,Almeirim,BRPA002,0.828,76.6,114.5,115.617
2025,Almeirim,BRPA208,11.6,12.963,25.917,37.517
2025,Angra dos Reis,BRADR,14.913,43.465,73.49,95.247
2025,Angra dos Reis,BRRJ009,63.15,30.037,46.898,109.726
2025,Angra dos Reis,BRRJ012,0.288,17.548,66.593,66.881
2025,Aracajú,BRSE001,4.159,11.915,13.535,17.585
2025,Aracajú,BRSE002,53.867,24.158,36.817,105.63
2025,Aratu - Salvador,BRARB,73.335,47.151,60.249,141.264
2025,Aratu - Salvador,BRBA002,23.258,28.584,34.628,59.328
2025,Aratu - Salvador,BRBA003,54.743,29.951,41.801,99.979
2025,Aratu - Salvador,BRBA006,77.999,127.761,138.41,216.409
2025,Aratu - Salvador,BRBA007,100.08,98.164,107.859,214.273
2025,Aratu - Salvador,BRBA009,10.2,17.787,37.117,47.317
2025,Aratu - Salvador,BRBA012,18.41,57.755,72.947,97.055
2025,Aratu - Salvador,BRBA013,0.217,29.117,117.292,117.508
2025,Aratu - Salvador,BRSSA,8.84,26.699,31.412,41.07
2025,Areia Branca,BRARE,2.973,5.987,6.5,10.169
2025,Areia Branca,BRRN004,0.083,5.048,9.016,9.1
2025,Areia Branca,BRRN005,0.083,5.608,9.74,9.823
2025,Areia Branca,BRRN006,0.083,4.743,6.165,6.248
2025,Barra do Riacho,BRES006,24.514,44.149,59.972,86.744
2025,Barra do Riacho,BRES008,62.978,6.6,11.6,202.8
2025,Barra do Riacho,BRES010,16.845,14.826,23.454,40.298
2025,Cabedelo (Instalação Isolada),BRCDO,16.638,49.311,67.248,83.816
2025,Coari (Instalação Isolada),BRAM009,9.988,4.534,7.023,17.33
2025,Corumbá,BRMS001,1.095,2.448,3.954,5.049
2025,Corumbá,BRMS002,58.808,1.499,1.737,60.542
2025,Corumbá,BRMS022,8.18,57.222,59.03,69.898
2025,Forno,BRRJ004,,,,
2025,Forno,BRRJ050,,,,
2025,Ilhéus,BRBA005,1.453,43.176,56.969,58.604
2025,Ilhéus,BRIOS,1.202,78.078,76.301,77.431
2025,Imbituba,BRIBB,71.501,52.691,59.688,131.857
2025,Itaguaí,BRIGI,35.845,40.86,48.152,85.685
2025,Itaguaí,BRRJ001,136.994,61.096,76.8,214.696
2025,Itaguaí,BRRJ016,102.103,100.144,112.401,226.492
2025,Itaguaí,BRRJ023,61.315,46.771,62.015,130.004
2025,Itaguaí,BRRJ054,2.094,34.352,49.444,53.139
2025,Itaituba,BRPA038,73.284,2.375,3.244,76.926
2025,Itaituba,BRPA045,0.041,2.569,3.506,3.654
2025,Itaituba,BRPA046,35.344,12.792,13.316,49.835
2025,Itaituba,BRPA064,34.718,29.7,65.982,100.7
2025,Itaituba,BRPA091,105.613,21.073,23.687,129.42
2025,Itaituba,BRPA153,3.958,202.886,224.846,245.237
2025,Itaituba,BRPA214,0.739,11.155,13.225,13.964
2025,Itaituba,BRPA230,123.283,43.702,56.481,183.797
2025,Itaituba,BRPA248,0.038,3.128,138.963,139.001
2025,Itaituba,BRPA249,0.345,5.441,9.319,9.827
2025,Itajaí,BRITJ,13.921,13.163,19.595,33.899
2025,Itajaí,BRSC001,69.839,96.665,124.285,194.124
2025,Itajaí,BRSC008,26.193,10.138,13.334,39.652
2025,Itajaí,BRSC010,,,,
2025,Itajaí,BRSC012,18.272,33.048,56.382,74.654
2025,Itajaí,BRSC013,7.474,37.196,71.157,78.943
2025,Itajaí,BRSC017,4.0,32.867,45.5,49.5
2025,Itajaí,BRSC019,,,,
2025,Itajaí,BRSC026,,,,
2025,Itaqui,BRIQI,197.244,57.47,66.891,266.285
2025,Itaqui,BRMA001,112.593,35.534,42.725,159.38
2025,Itaqui,BRMA002,155.585,41.772,46.706,204.999
2025,LDC Pederneiras (Instalação Isolada),BRSP011,0.023,5.667,38.214,38.237
2025,Macapá,BRAP019,183.275,141.95,149.095,298.524
2025,Macapá,BRMCP,1.61,25.316,66.441,71.702
2025,Maceió,BRAL001,15.791,18.16,25.583,41.373
2025,Maceió,BRMCZ,65.648,55.425,70.269,136.72
2025,Manaus,BRAM001,0.017,2.225,6.829,6.846
2025,Manaus,BRAM003,7.707,85.105,92.168,99.875
2025,Manaus,BRAM004,0.21,0.204,2.454,2.664
2025,Manaus,BRAM006,1.312,60.211,67.17,68.389
2025,Manaus,BRAM007,0.017,1.725,4.169,5.164
2025,Manaus,BRAM008,0.083,7.479,90.255,93.361
2025,Manaus,BRAM011,1.347,18.464,27.893,32.684
2025,Manaus,BRAM012,0.674,35.689,46.515,47.874
2025,Manaus,BRAM013,5.65,118.033,132.257,137.907
2025,Manaus,BRAM014,81.081,5.782,5.131,89.357
2025,Manaus,BRAM016,1.0,18.123,20.123,21.123
2025,Manaus,BRAM017,0.017,2.0,4.525,5.405
2025,Manaus,BRAM021,0.293,6.355,7.169,7.462
2025,Manaus,BRAM025,33.6,5.446,10.917,43.095
2025,Manaus,BRAM028,1.037,15.5,23.963,24.986
2025,Manaus,BRAM029,0.695,33.901,34.787,38.516
2025,Manaus,BRAM034,48.475,24.0,72.0,120.475
2025,Manaus,BRAM069,1.0,91.286,93.286,94.286
2025,Manaus,BRAM075,1.0,10.65,12.813,14.147
2025,Manaus,BRAM081,12.429,156.714,173.429,185.857
2025,Manaus,BRAM087,0.426,13.437,35.574,36.024
2025,Manaus,BRAM088,1.489,9.353,11.643,13.233
2025,Manaus,BRAM091,92.897,5.559,6.335,99.91
2025,Manaus,BRAM104,3.56,7.14,11.252,14.812
2025,Manaus,BRAM155,0.257,7.474,13.691,13.947
2025,Manaus,BRMAO,,,,
2025,Natal,BRNAT,1.502,52.475,58.179,59.708
2025,Natal,BRRN001,56.523,43.842,63.974,135.795
2025,Não Classificado,BR,,,,
2025,Paranaguá - Antonina,BRANT,130.37,100.644,114.491,244.86
2025,Paranaguá - Antonina,BRPNG,174.352,43.074,48.306,224.06
2025,Paranaguá - Antonina,BRPR002,78.419,39.9,48.47,128.147
2025,Pecém - Fortaleza,BRCE001,54.458,41.551,47.78,108.638
2025,Pecém - Fortaleza,BRFOR,32.695,49.945,64.621,99.372
2025,Porto Alegre,BRPOA,0.229,28.936,49.46,50.688
2025,Porto Alegre,BRRS003,1.956,8.006,22.951,25.416
2025,Porto Alegre,BRRS006,2.0,9.654,11.657,13.657
2025,Porto Alegre,BRRS008,0.137,8.083,8.357,8.494
2025,Porto Alegre,BRRS009,98.903,22.746,26.83,129.885
2025,Porto Alegre,BRRS010,5.672,10.174,21.023,26.695
2025,Porto Alegre,BRRS013,3.627,10.797,12.902,17.073
2025,Porto Alegre,BRRS014,3.275,19.769,50.012,52.038
2025,Porto Alegre,BRRS015,0.288,13.925,15.594,15.884
2025,Porto Alegre,BRRS016,0.145,26.957,64.504,64.653
2025,Porto Alegre,BRRS022,1.496,23.566,49.827,60.511
2025,Porto Alegre,BRRS030,0.177,25.073,26.557,27.646
2025,Porto Murtinho,BRMS011,12.714,58.626,60.206,72.92
2025,Porto Velho,BRPVH,0.529,22.512,29.919,34.139
2025,Porto Velho,BRRO002,0.017,1.862,4.447,4.506
2025,Porto Velho,BRRO003,0.289,20.381,65.21,65.501
2025,Porto Velho,BRRO005,0.017,1.85,4.155,4.172
2025,Porto Velho,BRRO006,4.511,11.791,53.217,287.785
2025,Porto Velho,BRRO007,0.307,6.98,8.81,9.117
2025,Porto Velho,BRRO009,0.397,5.189,9.425,10.166
2025,Porto Velho,BRRO010,7.274,145.873,142.861,179.784
2025,Porto Velho,BRRO011,0.017,16.398,40.895,40.912
2025,Porto Velho,BRRO013,0.033,1.933,1.978,2.037
2025,Porto Velho,BRRO014,0.883,14.401,15.108,15.357
2025,Porto Velho,BRRO022,1.37,50.248,170.714,186.474
2025,Porto Velho,BRRO025,376.763,5.36,8.027,438.556
2025,Porto Velho,BRRO030,107.547,6.038,10.858,120.177
2025,Rio Grande,BRPET,0.081,9.787,11.694,11.806
2025,Rio Grande,BRRIG,37.654,27.771,33.837,71.757
2025,Rio Grande,BRRS001,25.735,54.054,76.527,105.573
2025,Rio Grande,BRRS002,43.508,22.543,32.186,75.694
2025,Rio Grande,BRRS007,41.58,77.394,90.882,134.219
2025,Rio Grande,BRRS012,0.246,15.373,31.217,31.465
2025,Rio de Janeiro -  Niterói,BRNTR,37.318,0.598,38.302,76.231
2025,Rio de Janeiro -  Niterói,BRRIO,31.131,15.51,18.222,51.768
2025,Rio de Janeiro -  Niterói,BRRJ003,33.659,23.866,34.469,70.398
2025,Rio de Janeiro -  Niterói,BRRJ005,,,,
2025,Rio de Janeiro -  Niterói,BRRJ007,,,,
2025,Rio de Janeiro -  Niterói,BRRJ008,65.628,21.496,36.772,111.81
2025,Rio de Janeiro -  Niterói,BRRJ010,25.325,14.644,21.44,44.294
2025,Rio de Janeiro -  Niterói,BRRJ011,,,,
2025,Rio de Janeiro -  Niterói,BRRJ013,,,,
2025,Rio de Janeiro -  Niterói,BRRJ014,0.166,57.772,60.576,61.089
2025,Rio de Janeiro -  Niterói,BRRJ015,46.258,29.974,42.396,94.067
2025,Rio de Janeiro -  Niterói,BRRJ017,,,,
2025,Rio de Janeiro -  Niterói,BRRJ018,7.612,13.402,41.483,49.095
2025,Rio de Janeiro -  Niterói,BRRJ019,16.793,90.656,105.665,122.458
2025,Rio de Janeiro -  Niterói,BRRJ041,,,,
2025,Rio de Janeiro -  Niterói,BRRJ055,0.083,5.5,11.812,13.633
2025,Rio de Janeiro -  Niterói,BRRJ057,8.98,14.133,21.904,30.587
2025,Rio de Janeiro -  Niterói,BRRJ066,0.379,20.193,79.437,117.188
2025,Rio de Janeiro -  Niterói,BRRJ080,0.167,72.333,74.972,75.139
2025,Santarém,BRPA017,0.129,4.44,13.34,13.672
2025,Santarém,BRPA028,27.4,4.514,8.086,35.486
2025,Santarém,BRPA237,0.328,4.42,7.099,7.427
2025,Santarém,BRPA297,54.04,108.33,137.682,253.991
2025,Santarém,BRSTM,4.903,17.118,19.503,24.206
2025,Santos,BRSP001,187.474,68.446,79.052,267.609
2025,Santos,BRSP002,30.468,112.149,145.029,175.497
2025,Santos,BRSP004,0.743,55.589,67.869,68.612
2025,Santos,BRSP005,17.684,23.608,31.893,49.754
2025,Santos,BRSP008,29.553,27.788,34.317,63.548
2025,Santos,BRSP009,0.167,59.637,60.1,60.266
2025,Santos,BRSSZ,74.129,42.24,51.036,128.167
2025,Sem complexo - Terminal Isolado,BRAM039,0.017,2.812,6.659,6.676
2025,Sem complexo - Terminal Isolado,BRAM079,234.156,17.402,19.3,255.009
2025,Sem complexo - Terminal Isolado,BRRN003,1.223,5.751,12.954,14.177
2025,Sem complexo - Terminal Isolado,BRRN009,,,,
2025,Sem complexo - Terminal Isolado,BRRS025,27.733,,68.467,
2025,Suape - Recife,BRREC,3.068,129.07,136.9,141.87
2025,Suape - Recife,BRSUA,34.719,24.752,33.679,69.376
2025,São Francisco do Sul,BRSC007,23.918,18.472,20.807,44.725
2025,São Francisco do Sul,BRSC011,15.15,14.518,21.106,37.461
2025,São Francisco do Sul,BRSFS,206.471,81.816,83.028,281.71
2025,São João da Barra,BRRJ020,40.121,29.203,46.078,86.199
2025,São João da Barra,BRRJ022,90.3,52.16,67.243,155.656
2025,São João da Barra,BRRJ025,1.344,29.134,55.137,56.481
2025,São João da Barra,BRRJ026,0.518,16.783,18.801,19.319
2025,São João da Barra,BRRJ039,2.22,21.675,40.433,42.653
2025,São João da Barra,BRRJ051,0.285,10.244,16.659,16.899
2025,São João da Barra,BRRJ053,0.662,7.656,11.126,11.829
2025,São João da Barra,BRRJ067,73.617,29.747,53.925,125.504
2025,São João da Barra,BRRJ074,51.663,22.145,33.782,93.219
2025,São João da Barra,BRRJ078,0.859,19.263,19.863,21.354
2025,São Sebastião,BRSP006,56.177,26.165,36.764,94.26
2025,São Sebastião,BRSSO,80.742,59.664,72.817,226.987
2025,São Simão,BRGO001,1.247,3.135,17.152,18.237
2025,Tomé Açu,BRPA033,0.167,122.133,122.667,122.833
2025,Vila do Conde - Belém,BRBEL,22.223,21.814,31.579,52.219
2025,Vila do Conde - Belém,BRPA005,50.637,14.651,19.266,75.452
2025,Vila do Conde - Belém,BRPA006,19.761,81.817,91.0,123.711
2025,Vila do Conde - Belém,BRPA013,0.017,2.0,7.085,7.102
2025,Vila do Conde - Belém,BRPA014,0.313,46.271,98.167,98.479
2025,Vila do Conde - Belém,BRPA016,0.083,8.034,62.833,65.975
2025,Vila do Conde - Belém,BRPA018,77.998,5.413,8.65,87.053
2025,Vila do Conde - Belém,BRPA043,12.377,6.968,10.646,23.314
2025,Vila do Conde - Belém,BRPA061,0.389,28.45,28.697,28.901
2025,Vila do Conde - Belém,BRPA065,0.334,20.921,28.668,29.002
2025,Vila do Conde - Belém,BRPA108,1.082,87.244,100.564,101.657
2025,Vila do Conde - Belém,BRPA324,40.184,51.246,76.002,181.864
2025,Vila do Conde - Belém,BRVDC,174.441,34.475,43.885,99.948
2025,Vitória,BRES001,147.944,46.625,50.952,199.188
2025,Vitória,BRES002,55.305,32.489,38.391,106.509
2025,Vitória,BRES003,321.911,93.102,97.266,411.783
2025,Vitória,BRES004,83.768,78.912,90.204,176.517
2025,Vitória,BRES005,8.71,11.248,12.389,29.378
2025,Vitória,BRES007,18.757,40.876,49.129,71.558
2025,Vitória,BRES023,,,,
2025,Vitória,BRVIX,23.521,40.502,51.169,76.051
2025,Vitória do Xingu,BRPA066,1.97,27.111,30.047,33.906
2025,Óbidos,BRPA001,10.301,22.577,25.71,36.333
2025,Óbidos,BRPA019,2.764,26.884,30.018,33.218
2025,Óbidos,BRPA209,100.445,6.49,11.08,111.5
2026,Almeirim,BRPA208,49.5,147.0,150.5,200.0
2026,Angra dos Reis,BRADR,6.058,7.902,19.557,27.159
2026,Angra dos Reis,BRRJ009,68.988,31.533,47.763,116.751
2026,Aracajú,BRSE001,5.401,6.576,9.949,15.35
2026,Aracajú,BRSE002,,27.1,44.75,
2026,Aratu - Salvador,BRARB,45.054,51.485,64.637,119.276
2026,Aratu - Salvador,BRBA002,15.691,27.523,29.2,50.145
2026,Aratu - Salvador,BRBA003,68.198,30.046,45.966,118.199
2026,Aratu - Salvador,BRBA006,78.256,152.708,167.669,245.925
2026,Aratu - Salvador,BRBA007,52.378,99.644,105.753,162.875
2026,Aratu - Salvador,BRBA009,1.5,15.0,40.5,42.0
2026,Aratu - Salvador,BRBA012,6.15,107.75,125.117,131.267
2026,Aratu - Salvador,BRSSA,3.431,24.375,27.844,37.264
2026,Areia Branca,BRARE,4.199,6.541,7.098,12.401
2026,Areia Branca,BRRN004,0.083,4.327,8.647,8.73
2026,Areia Branca,BRRN005,0.083,4.493,7.764,7.848
2026,Areia Branca,BRRN006,0.083,4.833,6.321,6.405
2026,Barra do Riacho,BRES006,28.997,39.852,54.539,87.045
2026,Barra do Riacho,BRES008,172.6,,,
2026,Barra do Riacho,BRES010,23.729,28.904,37.225,60.954
2026,Cabedelo (Instalação Isolada),BRCDO,24.036,53.928,68.872,102.628
2026,Coari (Instalação Isolada),BRAM009,9.263,4.235,6.808,16.066
2026,Corumbá,BRMS001,1.599,2.344,3.824,5.423
2026,Corumbá,BRMS002,63.817,1.618,1.682,65.499
2026,Corumbá,BRMS022,1.372,41.183,42.251,43.623
2026,Forno,BRRJ004,,,,
2026,Ilhéus,BRBA005,0.913,45.065,56.996,57.602
2026,Ilhéus,BRIOS,12.45,127.5,151.75,164.2
2026,Imbituba,BRIBB,104.103,48.416,55.75,158.847
2026,Itaguaí,BRIGI,44.675,39.053,47.148,96.537
2026,Itaguaí,BRRJ001,185.062,50.558,59.393,250.141
2026,Itaguaí,BRRJ016,59.553,106.867,119.647,179.2
2026,Itaguaí,BRRJ023,50.248,64.326,77.793,143.97
2026,Itaguaí,BRRJ054,3.333,30.0,31.667,35.0
2026,Itaituba,BRPA038,105.092,4.085,4.878,117.304
2026,Itaituba,BRPA045,0.037,3.348,4.237,4.274
2026,Itaituba,BRPA046,35.998,6.721,7.097,43.095
2026,Itaituba,BRPA064,37.0,22.0,70.0,107.0
2026,Itaituba,BRPA091,19.508,15.888,22.5,42.008
2026,Itaituba,BRPA153,10.25,162.872,174.667,93.25
2026,Itaituba,BRPA214,1.337,12.45,15.198,16.535
2026,Itaituba,BRPA230,277.529,42.624,50.594,327.952
2026,Itaituba,BRPA248,0.033,4.146,118.176,118.209
2026,Itaituba,BRPA249,0.314,6.42,10.449,10.763
2026,Itajaí,BRITJ,17.558,13.812,18.868,35.791
2026,Itajaí,BRSC008,41.727,12.072,14.387,56.351
2026,Itajaí,BRSC010,,,,
2026,Itajaí,BRSC012,39.114,38.298,71.436,110.55
2026,Itajaí,BRSC013,1.358,41.975,61.067,62.425
2026,Itajaí,BRSC019,,,,
2026,Itajaí,BRSC026,,,,
2026,Itaqui,BRIQI,133.43,61.838,72.183,207.62
2026,Itaqui,BRMA001,94.169,33.52,40.831,138.088
2026,Itaqui,BRMA002,168.663,48.405,53.444,222.758
2026,LDC Pederneiras (Instalação Isolada),BRSP011,0.017,28.05,261.25,261.267
2026,Macapá,BRAP019,158.333,216.497,221.191,347.975
2026,Macapá,BRMCP,2.537,63.545,75.181,86.608
2026,Maceió,BRAL001,4.1,46.55,54.35,58.45
2026,Maceió,BRMCZ,25.614,59.72,72.205,106.978
2026,Manaus,BRAM001,0.017,1.828,6.01,6.026
2026,Manaus,BRAM003,1.667,83.061,88.333,90.0
2026,Manaus,BRAM006,1.071,50.647,58.215,59.286
2026,Manaus,BRAM007,0.017,1.723,3.755,3.771
2026,Manaus,BRAM008,0.083,8.092,8.259,160.926
2026,Manaus,BRAM011,7.043,13.913,23.073,31.508
2026,Manaus,BRAM012,1.368,28.34,39.93,41.317
2026,Manaus,BRAM014,84.879,5.962,5.798,79.647
2026,Manaus,BRAM016,1.0,18.555,20.555,21.555
2026,Manaus,BRAM017,0.017,1.93,4.093,4.11
2026,Manaus,BRAM021,0.273,4.055,4.677,4.951
2026,Manaus,BRAM025,27.479,5.739,12.093,38.518
2026,Manaus,BRAM028,1.0,15.5,23.524,24.524
2026,Manaus,BRAM034,48.0,24.0,72.0,120.0
2026,Manaus,BRAM069,1.0,109.8,111.8,112.8
2026,Manaus,BRAM075,1.0,9.2,11.2,15.012
2026,Manaus,BRAM087,0.033,19.255,54.993,72.365
2026,Manaus,BRAM088,1.441,7.143,9.399,10.84
2026,Manaus,BRAM091,24.954,4.393,4.841,29.794
2026,Manaus,BRAM104,0.277,7.159,12.99,13.267
2026,Manaus,BRAM155,0.231,6.988,13.284,13.517
2026,Manaus,BRMAO,,,,
2026,Natal,BRNAT,0.571,57.095,61.777,62.353
2026,Natal,BRRN001,62.478,34.696,64.922,127.4
2026,Não Classificado,BRRJ090,,,,
2026,Não Classificado,BRRO040,64.625,3.733,4.325,68.678
2026,Paranaguá - Antonina,BRANT,74.21,87.117,102.6,176.81
2026,Paranaguá - Antonina,BRPNG,125.936,42.202,47.456,171.892
2026,Paranaguá - Antonina,BRPR002,106.21,40.905,48.981,155.191
2026,Pecém - Fortaleza,BRCE001,81.083,44.597,53.81,136.025
2026,Pecém - Fortaleza,BRFOR,65.503,40.771,67.098,145.162
2026,Porto Alegre,BRPOA,0.217,37.52,55.28,55.497
2026,Porto Alegre,BRRS003,1.203,7.797,15.088,16.29
2026,Porto Alegre,BRRS006,2.0,9.832,12.964,14.964
2026,Porto Alegre,BRRS008,0.2,8.083,8.3,8.5
2026,Porto Alegre,BRRS009,45.063,20.324,24.584,69.55
2026,Porto Alegre,BRRS010,5.064,14.16,24.058,29.122
2026,Porto Alegre,BRRS013,3.661,11.791,13.668,18.44
2026,Porto Alegre,BRRS014,1.833,,69.7,72.7
2026,Porto Alegre,BRRS015,0.227,21.752,22.886,23.114
2026,Porto Alegre,BRRS016,0.133,47.55,70.067,70.233
2026,Porto Alegre,BRRS022,2.873,43.312,45.378,108.139
2026,Porto Alegre,BRRS030,0.167,33.493,34.51,34.676
2026,Porto Velho,BRPVH,0.176,17.065,17.504,17.679
2026,Porto Velho,BRRO002,0.017,1.833,3.983,4.0
2026,Porto Velho,BRRO003,0.418,19.502,89.849,90.267
2026,Porto Velho,BRRO005,0.017,1.833,3.983,4.0
2026,Porto Velho,BRRO007,0.2,8.174,10.112,10.312
2026,Porto Velho,BRRO009,0.465,4.417,9.636,10.101
2026,Porto Velho,BRRO010,8.264,137.188,139.967,148.23
2026,Porto Velho,BRRO011,0.017,24.3,41.207,41.223
2026,Porto Velho,BRRO013,0.033,2.201,2.265,2.447
2026,Porto Velho,BRRO014,37.361,6.352,6.504,49.243
2026,Porto Velho,BRRO022,1.577,59.543,104.5,107.0
2026,Porto Velho,BRRO025,420.721,4.733,7.57,473.23
2026,Porto Velho,BRRO030,87.018,4.445,10.059,98.666
2026,Rio Grande,BRPET,0.104,11.554,13.534,13.638
2026,Rio Grande,BRRIG,26.926,24.619,29.873,56.741
2026,Rio Grande,BRRS001,90.733,52.15,71.65,162.383
2026,Rio Grande,BRRS002,28.37,18.029,27.955,67.072
2026,Rio Grande,BRRS007,47.785,72.035,106.578,171.072
2026,Rio Grande,BRRS012,0.276,12.887,45.311,45.587
2026,Rio de Janeiro -  Niterói,BRNTR,52.194,0.616,40.639,67.86
2026,Rio de Janeiro -  Niterói,BRRIO,33.388,13.955,16.72,52.204
2026,Rio de Janeiro -  Niterói,BRRJ003,52.257,21.487,27.673,79.93
2026,Rio de Janeiro -  Niterói,BRRJ005,,,,
2026,Rio de Janeiro -  Niterói,BRRJ007,,,,
2026,Rio de Janeiro -  Niterói,BRRJ008,42.711,26.551,43.888,97.073
2026,Rio de Janeiro -  Niterói,BRRJ010,17.942,15.621,21.913,40.377
2026,Rio de Janeiro -  Niterói,BRRJ011,,,,
2026,Rio de Janeiro -  Niterói,BRRJ013,,,,
2026,Rio de Janeiro -  Niterói,BRRJ014,0.167,62.25,187.35,187.517
2026,Rio de Janeiro -  Niterói,BRRJ015,131.2,28.267,34.456,165.656
2026,Rio de Janeiro -  Niterói,BRRJ017,,,,
2026,Rio de Janeiro -  Niterói,BRRJ018,4.7,25.4,79.05,83.75
2026,Rio de Janeiro -  Niterói,BRRJ019,3.8,87.817,94.628,98.428
2026,Rio de Janeiro -  Niterói,BRRJ055,,,,
2026,Rio de Janeiro -  Niterói,BRRJ057,6.971,13.708,18.316,25.286
2026,Rio de Janeiro -  Niterói,BRRJ066,0.264,5.967,58.313,177.528
2026,Rio de Janeiro -  Niterói,BRRJ080,0.167,10.0,11.5,11.667
2026,Santarém,BRPA017,0.939,0.152,13.735,15.217
2026,Santarém,BRPA028,23.5,9.75,12.5,36.0
2026,Santarém,BRPA237,0.473,3.996,6.321,6.794
2026,Santarém,BRPA297,10.513,56.367,60.333,180.063
2026,Santarém,BRSTM,6.674,17.118,19.658,26.591
2026,Santos,BRSP001,194.259,87.521,98.082,292.34
2026,Santos,BRSP002,67.567,248.196,274.662,342.229
2026,Santos,BRSP004,0.869,51.666,64.23,65.099
2026,Santos,BRSP005,14.335,28.544,37.432,49.73
2026,Santos,BRSP008,31.807,26.994,33.082,61.925
2026,Santos,BRSP009,0.15,81.105,81.649,81.799
2026,Santos,BRSSZ,64.208,43.535,52.441,119.417
2026,Sem complexo - Terminal Isolado,BRAM039,0.017,1.833,5.543,5.56
2026,Sem complexo - Terminal Isolado,BRAM079,126.293,19.183,20.936,147.229
2026,Sem complexo - Terminal Isolado,BRRN003,0.989,4.683,12.447,13.436
2026,Sem complexo - Terminal Isolado,BRRN009,,,,
2026,Suape - Recife,BRREC,1.063,102.949,115.898,116.991
2026,Suape - Recife,BRSUA,32.906,25.518,34.7,71.28
2026,São Francisco do Sul,BRSC007,21.987,17.206,19.448,41.435
2026,São Francisco do Sul,BRSC011,21.653,15.176,23.101,45.213
2026,São Francisco do Sul,BRSFS,246.491,91.642,94.932,340.117
2026,São João da Barra,BRRJ020,62.557,29.85,44.84,107.397
2026,São João da Barra,BRRJ022,25.589,56.894,68.415,94.004
2026,São João da Barra,BRRJ025,1.173,32.868,46.156,47.329
2026,São João da Barra,BRRJ026,0.585,14.637,15.5,16.085
2026,São João da Barra,BRRJ039,0.745,25.245,30.855,31.6
2026,São João da Barra,BRRJ051,0.347,11.069,17.725,18.026
2026,São João da Barra,BRRJ053,0.632,8.666,12.951,13.654
2026,São João da Barra,BRRJ067,77.947,28.942,49.822,127.501
2026,São João da Barra,BRRJ078,0.952,25.006,26.717,31.12
2026,São Sebastião,BRSP006,53.173,25.811,36.601,93.471
2026,São Sebastião,BRSSO,67.319,63.419,78.162,144.368
2026,São Simão,BRGO001,10.056,5.692,35.558,51.614
2026,Vila do Conde - Belém,BRBEL,27.847,14.192,22.819,67.878
2026,Vila do Conde - Belém,BRPA005,36.947,9.276,12.751,55.411
2026,Vila do Conde - Belém,BRPA013,0.017,1.885,5.983,6.0
2026,Vila do Conde - Belém,BRPA016,2.078,8.698,8.865,63.231
2026,Vila do Conde - Belém,BRPA018,65.295,5.331,9.081,75.005
2026,Vila do Conde - Belém,BRPA043,11.225,8.692,17.822,29.047
2026,Vila do Conde - Belém,BRPA061,0.239,20.246,23.02,23.22
2026,Vila do Conde - Belém,BRPA065,0.417,17.0,18.083,18.5
2026,Vila do Conde - Belém,BRPA108,0.75,52.5,62.0,62.75
2026,Vila do Conde - Belém,BRPA324,18.784,62.759,124.31,182.031
2026,Vila do Conde - Belém,BRVDC,109.942,37.174,47.875,104.818
2026,Vitória,BRES001,153.742,44.972,48.876,205.259
2026,Vitória,BRES002,28.149,32.398,37.352,65.501
2026,Vitória,BRES003,193.824,85.55,88.014,281.838
2026,Vitória,BRES004,82.705,86.816,96.289,170.117
2026,Vitória,BRES005,5.188,11.923,12.347,26.762
2026,Vitória,BRES007,4.05,48.45,56.422,60.472
2026,Vitória,BRES023,,,,
2026,Vitória,BRVIX,28.767,36.499,49.473,87.567
2026,Vitória do Xingu,BRPA066,0.197,8.837,13.833,14.03
2026,Óbidos,BRPA001,6.005,22.507,25.571,31.576
2026,Óbidos,BRPA019,3.393,24.144,27.931,31.37
2026,Óbidos,BRPA209,316.085,4.589,9.482,325.567
